config_id,vision_encoder,text_encoder,variant,task,metric,value,best_epoch,checkpoint,mode
convnext_tiny__bge_small_en__baseline,convnext_tiny,bge_small_en,baseline,coco_retrieval,coco5_i2t_R@1,0.1777999997138977,2,/mnt/fast/nobackup/scratch4weeks/pp01184/alignment_vlm/checkpoints/convnext_tiny_bge_small_en_baseline/best.pt,full
convnext_tiny__bge_small_en__baseline,convnext_tiny,bge_small_en,baseline,coco_retrieval,coco5_i2t_R@5,0.4090000092983246,2,/mnt/fast/nobackup/scratch4weeks/pp01184/alignment_vlm/checkpoints/convnext_tiny_bge_small_en_baseline/best.pt,full
convnext_tiny__bge_small_en__baseline,convnext_tiny,bge_small_en,baseline,coco_retrieval,coco5_i2t_R@10,0.5482000112533569,2,/mnt/fast/nobackup/scratch4weeks/pp01184/alignment_vlm/checkpoints/convnext_tiny_bge_small_en_baseline/best.pt,full
convnext_tiny__bge_small_en__baseline,convnext_tiny,bge_small_en,baseline,coco_retrieval,coco5_mean_rank_i2t,29.08839988708496,2,/mnt/fast/nobackup/scratch4weeks/pp01184/alignment_vlm/checkpoints/convnext_tiny_bge_small_en_baseline/best.pt,full
convnext_tiny__bge_small_en__baseline,convnext_tiny,bge_small_en,baseline,coco_retrieval,coco5_median_rank_i2t,8.0,2,/mnt/fast/nobackup/scratch4weeks/pp01184/alignment_vlm/checkpoints/convnext_tiny_bge_small_en_baseline/best.pt,full
convnext_tiny__bge_small_en__baseline,convnext_tiny,bge_small_en,baseline,coco_retrieval,coco5_t2i_R@1,0.1488366574048996,2,/mnt/fast/nobackup/scratch4weeks/pp01184/alignment_vlm/checkpoints/convnext_tiny_bge_small_en_baseline/best.pt,full
convnext_tiny__bge_small_en__baseline,convnext_tiny,bge_small_en,baseline,coco_retrieval,coco5_t2i_R@5,0.3830654919147491,2,/mnt/fast/nobackup/scratch4weeks/pp01184/alignment_vlm/checkpoints/convnext_tiny_bge_small_en_baseline/best.pt,full
convnext_tiny__bge_small_en__baseline,convnext_tiny,bge_small_en,baseline,coco_retrieval,coco5_t2i_R@10,0.5231470465660095,2,/mnt/fast/nobackup/scratch4weeks/pp01184/alignment_vlm/checkpoints/convnext_tiny_bge_small_en_baseline/best.pt,full
convnext_tiny__bge_small_en__baseline,convnext_tiny,bge_small_en,baseline,coco_retrieval,coco5_mean_rank_t2i,32.45778274536133,2,/mnt/fast/nobackup/scratch4weeks/pp01184/alignment_vlm/checkpoints/convnext_tiny_bge_small_en_baseline/best.pt,full
convnext_tiny__bge_small_en__baseline,convnext_tiny,bge_small_en,baseline,coco_retrieval,coco5_median_rank_t2i,9.0,2,/mnt/fast/nobackup/scratch4weeks/pp01184/alignment_vlm/checkpoints/convnext_tiny_bge_small_en_baseline/best.pt,full
convnext_tiny__bge_small_en__baseline,convnext_tiny,bge_small_en,baseline,coco_retrieval,coco5_num_image_queries,5000.0,2,/mnt/fast/nobackup/scratch4weeks/pp01184/alignment_vlm/checkpoints/convnext_tiny_bge_small_en_baseline/best.pt,full
convnext_tiny__bge_small_en__baseline,convnext_tiny,bge_small_en,baseline,coco_retrieval,coco5_num_text_queries,25014.0,2,/mnt/fast/nobackup/scratch4weeks/pp01184/alignment_vlm/checkpoints/convnext_tiny_bge_small_en_baseline/best.pt,full
convnext_tiny__bge_small_en__baseline,convnext_tiny,bge_small_en,baseline,cifar100_zeroshot,top1_accuracy,0.2671000063419342,2,/mnt/fast/nobackup/scratch4weeks/pp01184/alignment_vlm/checkpoints/convnext_tiny_bge_small_en_baseline/best.pt,full
convnext_tiny__bge_small_en__baseline,convnext_tiny,bge_small_en,baseline,cifar100_zeroshot,top5_accuracy,0.4778000116348266,2,/mnt/fast/nobackup/scratch4weeks/pp01184/alignment_vlm/checkpoints/convnext_tiny_bge_small_en_baseline/best.pt,full
convnext_tiny__bge_small_en__baseline,convnext_tiny,bge_small_en,baseline,cifar100_zeroshot,macro_f1,0.2313505836175838,2,/mnt/fast/nobackup/scratch4weeks/pp01184/alignment_vlm/checkpoints/convnext_tiny_bge_small_en_baseline/best.pt,full
convnext_tiny__bge_small_en__baseline,convnext_tiny,bge_small_en,baseline,cifar100_zeroshot,balanced_accuracy,0.2671,2,/mnt/fast/nobackup/scratch4weeks/pp01184/alignment_vlm/checkpoints/convnext_tiny_bge_small_en_baseline/best.pt,full
convnext_tiny__bge_small_en__baseline,convnext_tiny,bge_small_en,baseline,cifar100_zeroshot,mean_confidence,0.3501968681812286,2,/mnt/fast/nobackup/scratch4weeks/pp01184/alignment_vlm/checkpoints/convnext_tiny_bge_small_en_baseline/best.pt,full
convnext_tiny__bge_small_en__baseline,convnext_tiny,bge_small_en,baseline,cifar100_zeroshot,classification_margin,-0.0280824098736047,2,/mnt/fast/nobackup/scratch4weeks/pp01184/alignment_vlm/checkpoints/convnext_tiny_bge_small_en_baseline/best.pt,full
convnext_tiny__bge_small_en__baseline,convnext_tiny,bge_small_en,baseline,cifar100_zeroshot,top1_margin,0.2275203168392181,2,/mnt/fast/nobackup/scratch4weeks/pp01184/alignment_vlm/checkpoints/convnext_tiny_bge_small_en_baseline/best.pt,full
convnext_tiny__bge_small_en__baseline,convnext_tiny,bge_small_en,baseline,pets_zeroshot,top1_accuracy,0.0545107647776603,2,/mnt/fast/nobackup/scratch4weeks/pp01184/alignment_vlm/checkpoints/convnext_tiny_bge_small_en_baseline/best.pt,full
convnext_tiny__bge_small_en__baseline,convnext_tiny,bge_small_en,baseline,pets_zeroshot,top5_accuracy,0.2027800530195236,2,/mnt/fast/nobackup/scratch4weeks/pp01184/alignment_vlm/checkpoints/convnext_tiny_bge_small_en_baseline/best.pt,full
convnext_tiny__bge_small_en__baseline,convnext_tiny,bge_small_en,baseline,pets_zeroshot,macro_f1,0.0331673133263549,2,/mnt/fast/nobackup/scratch4weeks/pp01184/alignment_vlm/checkpoints/convnext_tiny_bge_small_en_baseline/best.pt,full
convnext_tiny__bge_small_en__baseline,convnext_tiny,bge_small_en,baseline,pets_zeroshot,balanced_accuracy,0.0543294775879045,2,/mnt/fast/nobackup/scratch4weeks/pp01184/alignment_vlm/checkpoints/convnext_tiny_bge_small_en_baseline/best.pt,full
convnext_tiny__bge_small_en__baseline,convnext_tiny,bge_small_en,baseline,pets_zeroshot,mean_confidence,0.2220009118318557,2,/mnt/fast/nobackup/scratch4weeks/pp01184/alignment_vlm/checkpoints/convnext_tiny_bge_small_en_baseline/best.pt,full
convnext_tiny__bge_small_en__baseline,convnext_tiny,bge_small_en,baseline,pets_zeroshot,classification_margin,-0.1780302822589874,2,/mnt/fast/nobackup/scratch4weeks/pp01184/alignment_vlm/checkpoints/convnext_tiny_bge_small_en_baseline/best.pt,full
convnext_tiny__bge_small_en__baseline,convnext_tiny,bge_small_en,baseline,pets_zeroshot,top1_margin,0.0796502828598022,2,/mnt/fast/nobackup/scratch4weeks/pp01184/alignment_vlm/checkpoints/convnext_tiny_bge_small_en_baseline/best.pt,full
convnext_tiny__bge_small_en__baseline,convnext_tiny,bge_small_en,baseline,eurosat_zeroshot,top1_accuracy,0.2014074027538299,2,/mnt/fast/nobackup/scratch4weeks/pp01184/alignment_vlm/checkpoints/convnext_tiny_bge_small_en_baseline/best.pt,full
convnext_tiny__bge_small_en__baseline,convnext_tiny,bge_small_en,baseline,eurosat_zeroshot,top5_accuracy,0.6613333225250244,2,/mnt/fast/nobackup/scratch4weeks/pp01184/alignment_vlm/checkpoints/convnext_tiny_bge_small_en_baseline/best.pt,full
convnext_tiny__bge_small_en__baseline,convnext_tiny,bge_small_en,baseline,eurosat_zeroshot,macro_f1,0.1479973859305778,2,/mnt/fast/nobackup/scratch4weeks/pp01184/alignment_vlm/checkpoints/convnext_tiny_bge_small_en_baseline/best.pt,full
convnext_tiny__bge_small_en__baseline,convnext_tiny,bge_small_en,baseline,eurosat_zeroshot,balanced_accuracy,0.2000166666666666,2,/mnt/fast/nobackup/scratch4weeks/pp01184/alignment_vlm/checkpoints/convnext_tiny_bge_small_en_baseline/best.pt,full
convnext_tiny__bge_small_en__baseline,convnext_tiny,bge_small_en,baseline,eurosat_zeroshot,mean_confidence,0.5258256196975708,2,/mnt/fast/nobackup/scratch4weeks/pp01184/alignment_vlm/checkpoints/convnext_tiny_bge_small_en_baseline/best.pt,full
convnext_tiny__bge_small_en__baseline,convnext_tiny,bge_small_en,baseline,eurosat_zeroshot,classification_margin,-0.2645594477653503,2,/mnt/fast/nobackup/scratch4weeks/pp01184/alignment_vlm/checkpoints/convnext_tiny_bge_small_en_baseline/best.pt,full
convnext_tiny__bge_small_en__baseline,convnext_tiny,bge_small_en,baseline,eurosat_zeroshot,top1_margin,0.3206380605697632,2,/mnt/fast/nobackup/scratch4weeks/pp01184/alignment_vlm/checkpoints/convnext_tiny_bge_small_en_baseline/best.pt,full
convnext_tiny__distilbert__baseline,convnext_tiny,distilbert,baseline,coco_retrieval,coco5_i2t_R@1,0.1198000013828277,1,/mnt/fast/nobackup/scratch4weeks/pp01184/alignment_vlm/checkpoints/convnext_tiny_distilbert_baseline/best.pt,full
convnext_tiny__distilbert__baseline,convnext_tiny,distilbert,baseline,coco_retrieval,coco5_i2t_R@5,0.321399986743927,1,/mnt/fast/nobackup/scratch4weeks/pp01184/alignment_vlm/checkpoints/convnext_tiny_distilbert_baseline/best.pt,full
convnext_tiny__distilbert__baseline,convnext_tiny,distilbert,baseline,coco_retrieval,coco5_i2t_R@10,0.4550000131130218,1,/mnt/fast/nobackup/scratch4weeks/pp01184/alignment_vlm/checkpoints/convnext_tiny_distilbert_baseline/best.pt,full
convnext_tiny__distilbert__baseline,convnext_tiny,distilbert,baseline,coco_retrieval,coco5_mean_rank_i2t,39.57400131225586,1,/mnt/fast/nobackup/scratch4weeks/pp01184/alignment_vlm/checkpoints/convnext_tiny_distilbert_baseline/best.pt,full
convnext_tiny__distilbert__baseline,convnext_tiny,distilbert,baseline,coco_retrieval,coco5_median_rank_i2t,13.0,1,/mnt/fast/nobackup/scratch4weeks/pp01184/alignment_vlm/checkpoints/convnext_tiny_distilbert_baseline/best.pt,full
convnext_tiny__distilbert__baseline,convnext_tiny,distilbert,baseline,coco_retrieval,coco5_t2i_R@1,0.1017030477523803,1,/mnt/fast/nobackup/scratch4weeks/pp01184/alignment_vlm/checkpoints/convnext_tiny_distilbert_baseline/best.pt,full
convnext_tiny__distilbert__baseline,convnext_tiny,distilbert,baseline,coco_retrieval,coco5_t2i_R@5,0.2937954664230346,1,/mnt/fast/nobackup/scratch4weeks/pp01184/alignment_vlm/checkpoints/convnext_tiny_distilbert_baseline/best.pt,full
convnext_tiny__distilbert__baseline,convnext_tiny,distilbert,baseline,coco_retrieval,coco5_t2i_R@10,0.4242024421691894,1,/mnt/fast/nobackup/scratch4weeks/pp01184/alignment_vlm/checkpoints/convnext_tiny_distilbert_baseline/best.pt,full
convnext_tiny__distilbert__baseline,convnext_tiny,distilbert,baseline,coco_retrieval,coco5_mean_rank_t2i,46.24062347412109,1,/mnt/fast/nobackup/scratch4weeks/pp01184/alignment_vlm/checkpoints/convnext_tiny_distilbert_baseline/best.pt,full
convnext_tiny__distilbert__baseline,convnext_tiny,distilbert,baseline,coco_retrieval,coco5_median_rank_t2i,15.0,1,/mnt/fast/nobackup/scratch4weeks/pp01184/alignment_vlm/checkpoints/convnext_tiny_distilbert_baseline/best.pt,full
convnext_tiny__distilbert__baseline,convnext_tiny,distilbert,baseline,coco_retrieval,coco5_num_image_queries,5000.0,1,/mnt/fast/nobackup/scratch4weeks/pp01184/alignment_vlm/checkpoints/convnext_tiny_distilbert_baseline/best.pt,full
convnext_tiny__distilbert__baseline,convnext_tiny,distilbert,baseline,coco_retrieval,coco5_num_text_queries,25014.0,1,/mnt/fast/nobackup/scratch4weeks/pp01184/alignment_vlm/checkpoints/convnext_tiny_distilbert_baseline/best.pt,full
convnext_tiny__distilbert__baseline,convnext_tiny,distilbert,baseline,cifar100_zeroshot,top1_accuracy,0.2349999994039535,1,/mnt/fast/nobackup/scratch4weeks/pp01184/alignment_vlm/checkpoints/convnext_tiny_distilbert_baseline/best.pt,full
convnext_tiny__distilbert__baseline,convnext_tiny,distilbert,baseline,cifar100_zeroshot,top5_accuracy,0.4762000143527984,1,/mnt/fast/nobackup/scratch4weeks/pp01184/alignment_vlm/checkpoints/convnext_tiny_distilbert_baseline/best.pt,full
convnext_tiny__distilbert__baseline,convnext_tiny,distilbert,baseline,cifar100_zeroshot,macro_f1,0.1997243772531594,1,/mnt/fast/nobackup/scratch4weeks/pp01184/alignment_vlm/checkpoints/convnext_tiny_distilbert_baseline/best.pt,full
convnext_tiny__distilbert__baseline,convnext_tiny,distilbert,baseline,cifar100_zeroshot,balanced_accuracy,0.235,1,/mnt/fast/nobackup/scratch4weeks/pp01184/alignment_vlm/checkpoints/convnext_tiny_distilbert_baseline/best.pt,full
convnext_tiny__distilbert__baseline,convnext_tiny,distilbert,baseline,cifar100_zeroshot,mean_confidence,0.2905084490776062,1,/mnt/fast/nobackup/scratch4weeks/pp01184/alignment_vlm/checkpoints/convnext_tiny_distilbert_baseline/best.pt,full
convnext_tiny__distilbert__baseline,convnext_tiny,distilbert,baseline,cifar100_zeroshot,classification_margin,-0.060123149305582,1,/mnt/fast/nobackup/scratch4weeks/pp01184/alignment_vlm/checkpoints/convnext_tiny_distilbert_baseline/best.pt,full
convnext_tiny__distilbert__baseline,convnext_tiny,distilbert,baseline,cifar100_zeroshot,top1_margin,0.1646317541599273,1,/mnt/fast/nobackup/scratch4weeks/pp01184/alignment_vlm/checkpoints/convnext_tiny_distilbert_baseline/best.pt,full
convnext_tiny__distilbert__baseline,convnext_tiny,distilbert,baseline,pets_zeroshot,top1_accuracy,0.048787135630846,1,/mnt/fast/nobackup/scratch4weeks/pp01184/alignment_vlm/checkpoints/convnext_tiny_distilbert_baseline/best.pt,full
convnext_tiny__distilbert__baseline,convnext_tiny,distilbert,baseline,pets_zeroshot,top5_accuracy,0.1965113133192062,1,/mnt/fast/nobackup/scratch4weeks/pp01184/alignment_vlm/checkpoints/convnext_tiny_distilbert_baseline/best.pt,full
convnext_tiny__distilbert__baseline,convnext_tiny,distilbert,baseline,pets_zeroshot,macro_f1,0.0216725566376281,1,/mnt/fast/nobackup/scratch4weeks/pp01184/alignment_vlm/checkpoints/convnext_tiny_distilbert_baseline/best.pt,full
convnext_tiny__distilbert__baseline,convnext_tiny,distilbert,baseline,pets_zeroshot,balanced_accuracy,0.0484500026073059,1,/mnt/fast/nobackup/scratch4weeks/pp01184/alignment_vlm/checkpoints/convnext_tiny_distilbert_baseline/best.pt,full
convnext_tiny__distilbert__baseline,convnext_tiny,distilbert,baseline,pets_zeroshot,mean_confidence,0.2352102100849151,1,/mnt/fast/nobackup/scratch4weeks/pp01184/alignment_vlm/checkpoints/convnext_tiny_distilbert_baseline/best.pt,full
convnext_tiny__distilbert__baseline,convnext_tiny,distilbert,baseline,pets_zeroshot,classification_margin,-0.1943331807851791,1,/mnt/fast/nobackup/scratch4weeks/pp01184/alignment_vlm/checkpoints/convnext_tiny_distilbert_baseline/best.pt,full
convnext_tiny__distilbert__baseline,convnext_tiny,distilbert,baseline,pets_zeroshot,top1_margin,0.0792756602168083,1,/mnt/fast/nobackup/scratch4weeks/pp01184/alignment_vlm/checkpoints/convnext_tiny_distilbert_baseline/best.pt,full
convnext_tiny__distilbert__baseline,convnext_tiny,distilbert,baseline,eurosat_zeroshot,top1_accuracy,0.1591851860284805,1,/mnt/fast/nobackup/scratch4weeks/pp01184/alignment_vlm/checkpoints/convnext_tiny_distilbert_baseline/best.pt,full
convnext_tiny__distilbert__baseline,convnext_tiny,distilbert,baseline,eurosat_zeroshot,top5_accuracy,0.6088888645172119,1,/mnt/fast/nobackup/scratch4weeks/pp01184/alignment_vlm/checkpoints/convnext_tiny_distilbert_baseline/best.pt,full
convnext_tiny__distilbert__baseline,convnext_tiny,distilbert,baseline,eurosat_zeroshot,macro_f1,0.1042343827832887,1,/mnt/fast/nobackup/scratch4weeks/pp01184/alignment_vlm/checkpoints/convnext_tiny_distilbert_baseline/best.pt,full
convnext_tiny__distilbert__baseline,convnext_tiny,distilbert,baseline,eurosat_zeroshot,balanced_accuracy,0.1526466666666666,1,/mnt/fast/nobackup/scratch4weeks/pp01184/alignment_vlm/checkpoints/convnext_tiny_distilbert_baseline/best.pt,full
convnext_tiny__distilbert__baseline,convnext_tiny,distilbert,baseline,eurosat_zeroshot,mean_confidence,0.52306067943573,1,/mnt/fast/nobackup/scratch4weeks/pp01184/alignment_vlm/checkpoints/convnext_tiny_distilbert_baseline/best.pt,full
convnext_tiny__distilbert__baseline,convnext_tiny,distilbert,baseline,eurosat_zeroshot,classification_margin,-0.3170848190784454,1,/mnt/fast/nobackup/scratch4weeks/pp01184/alignment_vlm/checkpoints/convnext_tiny_distilbert_baseline/best.pt,full
convnext_tiny__distilbert__baseline,convnext_tiny,distilbert,baseline,eurosat_zeroshot,top1_margin,0.3107025921344757,1,/mnt/fast/nobackup/scratch4weeks/pp01184/alignment_vlm/checkpoints/convnext_tiny_distilbert_baseline/best.pt,full
convnext_tiny__e5_small_v2__baseline,convnext_tiny,e5_small_v2,baseline,coco_retrieval,coco5_i2t_R@1,0.1659999936819076,2,/mnt/fast/nobackup/scratch4weeks/pp01184/alignment_vlm/checkpoints/convnext_tiny_e5_small_v2_baseline/best.pt,full
convnext_tiny__e5_small_v2__baseline,convnext_tiny,e5_small_v2,baseline,coco_retrieval,coco5_i2t_R@5,0.3959999978542328,2,/mnt/fast/nobackup/scratch4weeks/pp01184/alignment_vlm/checkpoints/convnext_tiny_e5_small_v2_baseline/best.pt,full
convnext_tiny__e5_small_v2__baseline,convnext_tiny,e5_small_v2,baseline,coco_retrieval,coco5_i2t_R@10,0.5252000093460083,2,/mnt/fast/nobackup/scratch4weeks/pp01184/alignment_vlm/checkpoints/convnext_tiny_e5_small_v2_baseline/best.pt,full
convnext_tiny__e5_small_v2__baseline,convnext_tiny,e5_small_v2,baseline,coco_retrieval,coco5_mean_rank_i2t,33.07460021972656,2,/mnt/fast/nobackup/scratch4weeks/pp01184/alignment_vlm/checkpoints/convnext_tiny_e5_small_v2_baseline/best.pt,full
convnext_tiny__e5_small_v2__baseline,convnext_tiny,e5_small_v2,baseline,coco_retrieval,coco5_median_rank_i2t,9.0,2,/mnt/fast/nobackup/scratch4weeks/pp01184/alignment_vlm/checkpoints/convnext_tiny_e5_small_v2_baseline/best.pt,full
convnext_tiny__e5_small_v2__baseline,convnext_tiny,e5_small_v2,baseline,coco_retrieval,coco5_t2i_R@1,0.1390421390533447,2,/mnt/fast/nobackup/scratch4weeks/pp01184/alignment_vlm/checkpoints/convnext_tiny_e5_small_v2_baseline/best.pt,full
convnext_tiny__e5_small_v2__baseline,convnext_tiny,e5_small_v2,baseline,coco_retrieval,coco5_t2i_R@5,0.3604781329631805,2,/mnt/fast/nobackup/scratch4weeks/pp01184/alignment_vlm/checkpoints/convnext_tiny_e5_small_v2_baseline/best.pt,full
convnext_tiny__e5_small_v2__baseline,convnext_tiny,e5_small_v2,baseline,coco_retrieval,coco5_t2i_R@10,0.4998400807380676,2,/mnt/fast/nobackup/scratch4weeks/pp01184/alignment_vlm/checkpoints/convnext_tiny_e5_small_v2_baseline/best.pt,full
convnext_tiny__e5_small_v2__baseline,convnext_tiny,e5_small_v2,baseline,coco_retrieval,coco5_mean_rank_t2i,34.15951156616211,2,/mnt/fast/nobackup/scratch4weeks/pp01184/alignment_vlm/checkpoints/convnext_tiny_e5_small_v2_baseline/best.pt,full
convnext_tiny__e5_small_v2__baseline,convnext_tiny,e5_small_v2,baseline,coco_retrieval,coco5_median_rank_t2i,11.0,2,/mnt/fast/nobackup/scratch4weeks/pp01184/alignment_vlm/checkpoints/convnext_tiny_e5_small_v2_baseline/best.pt,full
convnext_tiny__e5_small_v2__baseline,convnext_tiny,e5_small_v2,baseline,coco_retrieval,coco5_num_image_queries,5000.0,2,/mnt/fast/nobackup/scratch4weeks/pp01184/alignment_vlm/checkpoints/convnext_tiny_e5_small_v2_baseline/best.pt,full
convnext_tiny__e5_small_v2__baseline,convnext_tiny,e5_small_v2,baseline,coco_retrieval,coco5_num_text_queries,25014.0,2,/mnt/fast/nobackup/scratch4weeks/pp01184/alignment_vlm/checkpoints/convnext_tiny_e5_small_v2_baseline/best.pt,full
convnext_tiny__e5_small_v2__baseline,convnext_tiny,e5_small_v2,baseline,cifar100_zeroshot,top1_accuracy,0.2648999989032745,2,/mnt/fast/nobackup/scratch4weeks/pp01184/alignment_vlm/checkpoints/convnext_tiny_e5_small_v2_baseline/best.pt,full
convnext_tiny__e5_small_v2__baseline,convnext_tiny,e5_small_v2,baseline,cifar100_zeroshot,top5_accuracy,0.4918999969959259,2,/mnt/fast/nobackup/scratch4weeks/pp01184/alignment_vlm/checkpoints/convnext_tiny_e5_small_v2_baseline/best.pt,full
convnext_tiny__e5_small_v2__baseline,convnext_tiny,e5_small_v2,baseline,cifar100_zeroshot,macro_f1,0.2251470714709731,2,/mnt/fast/nobackup/scratch4weeks/pp01184/alignment_vlm/checkpoints/convnext_tiny_e5_small_v2_baseline/best.pt,full
convnext_tiny__e5_small_v2__baseline,convnext_tiny,e5_small_v2,baseline,cifar100_zeroshot,balanced_accuracy,0.2649000000000001,2,/mnt/fast/nobackup/scratch4weeks/pp01184/alignment_vlm/checkpoints/convnext_tiny_e5_small_v2_baseline/best.pt,full
convnext_tiny__e5_small_v2__baseline,convnext_tiny,e5_small_v2,baseline,cifar100_zeroshot,mean_confidence,0.3410922884941101,2,/mnt/fast/nobackup/scratch4weeks/pp01184/alignment_vlm/checkpoints/convnext_tiny_e5_small_v2_baseline/best.pt,full
convnext_tiny__e5_small_v2__baseline,convnext_tiny,e5_small_v2,baseline,cifar100_zeroshot,classification_margin,-0.0335803665220737,2,/mnt/fast/nobackup/scratch4weeks/pp01184/alignment_vlm/checkpoints/convnext_tiny_e5_small_v2_baseline/best.pt,full
convnext_tiny__e5_small_v2__baseline,convnext_tiny,e5_small_v2,baseline,cifar100_zeroshot,top1_margin,0.2202341854572296,2,/mnt/fast/nobackup/scratch4weeks/pp01184/alignment_vlm/checkpoints/convnext_tiny_e5_small_v2_baseline/best.pt,full
convnext_tiny__e5_small_v2__baseline,convnext_tiny,e5_small_v2,baseline,pets_zeroshot,top1_accuracy,0.043336059898138,2,/mnt/fast/nobackup/scratch4weeks/pp01184/alignment_vlm/checkpoints/convnext_tiny_e5_small_v2_baseline/best.pt,full
convnext_tiny__e5_small_v2__baseline,convnext_tiny,e5_small_v2,baseline,pets_zeroshot,top5_accuracy,0.2357590645551681,2,/mnt/fast/nobackup/scratch4weeks/pp01184/alignment_vlm/checkpoints/convnext_tiny_e5_small_v2_baseline/best.pt,full
convnext_tiny__e5_small_v2__baseline,convnext_tiny,e5_small_v2,baseline,pets_zeroshot,macro_f1,0.0174229316935876,2,/mnt/fast/nobackup/scratch4weeks/pp01184/alignment_vlm/checkpoints/convnext_tiny_e5_small_v2_baseline/best.pt,full
convnext_tiny__e5_small_v2__baseline,convnext_tiny,e5_small_v2,baseline,pets_zeroshot,balanced_accuracy,0.0434496191799562,2,/mnt/fast/nobackup/scratch4weeks/pp01184/alignment_vlm/checkpoints/convnext_tiny_e5_small_v2_baseline/best.pt,full
convnext_tiny__e5_small_v2__baseline,convnext_tiny,e5_small_v2,baseline,pets_zeroshot,mean_confidence,0.2596367597579956,2,/mnt/fast/nobackup/scratch4weeks/pp01184/alignment_vlm/checkpoints/convnext_tiny_e5_small_v2_baseline/best.pt,full
convnext_tiny__e5_small_v2__baseline,convnext_tiny,e5_small_v2,baseline,pets_zeroshot,classification_margin,-0.2150603234767913,2,/mnt/fast/nobackup/scratch4weeks/pp01184/alignment_vlm/checkpoints/convnext_tiny_e5_small_v2_baseline/best.pt,full
convnext_tiny__e5_small_v2__baseline,convnext_tiny,e5_small_v2,baseline,pets_zeroshot,top1_margin,0.1010671257972717,2,/mnt/fast/nobackup/scratch4weeks/pp01184/alignment_vlm/checkpoints/convnext_tiny_e5_small_v2_baseline/best.pt,full
convnext_tiny__e5_small_v2__baseline,convnext_tiny,e5_small_v2,baseline,eurosat_zeroshot,top1_accuracy,0.1865925937891006,2,/mnt/fast/nobackup/scratch4weeks/pp01184/alignment_vlm/checkpoints/convnext_tiny_e5_small_v2_baseline/best.pt,full
convnext_tiny__e5_small_v2__baseline,convnext_tiny,e5_small_v2,baseline,eurosat_zeroshot,top5_accuracy,0.6545555591583252,2,/mnt/fast/nobackup/scratch4weeks/pp01184/alignment_vlm/checkpoints/convnext_tiny_e5_small_v2_baseline/best.pt,full
convnext_tiny__e5_small_v2__baseline,convnext_tiny,e5_small_v2,baseline,eurosat_zeroshot,macro_f1,0.1144449213872823,2,/mnt/fast/nobackup/scratch4weeks/pp01184/alignment_vlm/checkpoints/convnext_tiny_e5_small_v2_baseline/best.pt,full
convnext_tiny__e5_small_v2__baseline,convnext_tiny,e5_small_v2,baseline,eurosat_zeroshot,balanced_accuracy,0.18431,2,/mnt/fast/nobackup/scratch4weeks/pp01184/alignment_vlm/checkpoints/convnext_tiny_e5_small_v2_baseline/best.pt,full
convnext_tiny__e5_small_v2__baseline,convnext_tiny,e5_small_v2,baseline,eurosat_zeroshot,mean_confidence,0.6071202754974365,2,/mnt/fast/nobackup/scratch4weeks/pp01184/alignment_vlm/checkpoints/convnext_tiny_e5_small_v2_baseline/best.pt,full
convnext_tiny__e5_small_v2__baseline,convnext_tiny,e5_small_v2,baseline,eurosat_zeroshot,classification_margin,-0.3316947221755981,2,/mnt/fast/nobackup/scratch4weeks/pp01184/alignment_vlm/checkpoints/convnext_tiny_e5_small_v2_baseline/best.pt,full
convnext_tiny__e5_small_v2__baseline,convnext_tiny,e5_small_v2,baseline,eurosat_zeroshot,top1_margin,0.4332702159881592,2,/mnt/fast/nobackup/scratch4weeks/pp01184/alignment_vlm/checkpoints/convnext_tiny_e5_small_v2_baseline/best.pt,full
convnextv2_tiny__all_minilm_l6_v2__baseline,convnextv2_tiny,all_minilm_l6_v2,baseline,coco_retrieval,coco5_i2t_R@1,0.1700000017881393,2,/mnt/fast/nobackup/scratch4weeks/pp01184/alignment_vlm/checkpoints/convnextv2_tiny_all_minilm_l6_v2_baseline/best.pt,full
convnextv2_tiny__all_minilm_l6_v2__baseline,convnextv2_tiny,all_minilm_l6_v2,baseline,coco_retrieval,coco5_i2t_R@5,0.4199999868869781,2,/mnt/fast/nobackup/scratch4weeks/pp01184/alignment_vlm/checkpoints/convnextv2_tiny_all_minilm_l6_v2_baseline/best.pt,full
convnextv2_tiny__all_minilm_l6_v2__baseline,convnextv2_tiny,all_minilm_l6_v2,baseline,coco_retrieval,coco5_i2t_R@10,0.5669999718666077,2,/mnt/fast/nobackup/scratch4weeks/pp01184/alignment_vlm/checkpoints/convnextv2_tiny_all_minilm_l6_v2_baseline/best.pt,full
convnextv2_tiny__all_minilm_l6_v2__baseline,convnextv2_tiny,all_minilm_l6_v2,baseline,coco_retrieval,coco5_mean_rank_i2t,28.9955997467041,2,/mnt/fast/nobackup/scratch4weeks/pp01184/alignment_vlm/checkpoints/convnextv2_tiny_all_minilm_l6_v2_baseline/best.pt,full
convnextv2_tiny__all_minilm_l6_v2__baseline,convnextv2_tiny,all_minilm_l6_v2,baseline,coco_retrieval,coco5_median_rank_i2t,8.0,2,/mnt/fast/nobackup/scratch4weeks/pp01184/alignment_vlm/checkpoints/convnextv2_tiny_all_minilm_l6_v2_baseline/best.pt,full
convnextv2_tiny__all_minilm_l6_v2__baseline,convnextv2_tiny,all_minilm_l6_v2,baseline,coco_retrieval,coco5_t2i_R@1,0.1502358615398407,2,/mnt/fast/nobackup/scratch4weeks/pp01184/alignment_vlm/checkpoints/convnextv2_tiny_all_minilm_l6_v2_baseline/best.pt,full
convnextv2_tiny__all_minilm_l6_v2__baseline,convnextv2_tiny,all_minilm_l6_v2,baseline,coco_retrieval,coco5_t2i_R@5,0.3875029981136322,2,/mnt/fast/nobackup/scratch4weeks/pp01184/alignment_vlm/checkpoints/convnextv2_tiny_all_minilm_l6_v2_baseline/best.pt,full
convnextv2_tiny__all_minilm_l6_v2__baseline,convnextv2_tiny,all_minilm_l6_v2,baseline,coco_retrieval,coco5_t2i_R@10,0.5280243158340454,2,/mnt/fast/nobackup/scratch4weeks/pp01184/alignment_vlm/checkpoints/convnextv2_tiny_all_minilm_l6_v2_baseline/best.pt,full
convnextv2_tiny__all_minilm_l6_v2__baseline,convnextv2_tiny,all_minilm_l6_v2,baseline,coco_retrieval,coco5_mean_rank_t2i,34.116214752197266,2,/mnt/fast/nobackup/scratch4weeks/pp01184/alignment_vlm/checkpoints/convnextv2_tiny_all_minilm_l6_v2_baseline/best.pt,full
convnextv2_tiny__all_minilm_l6_v2__baseline,convnextv2_tiny,all_minilm_l6_v2,baseline,coco_retrieval,coco5_median_rank_t2i,9.0,2,/mnt/fast/nobackup/scratch4weeks/pp01184/alignment_vlm/checkpoints/convnextv2_tiny_all_minilm_l6_v2_baseline/best.pt,full
convnextv2_tiny__all_minilm_l6_v2__baseline,convnextv2_tiny,all_minilm_l6_v2,baseline,coco_retrieval,coco5_num_image_queries,5000.0,2,/mnt/fast/nobackup/scratch4weeks/pp01184/alignment_vlm/checkpoints/convnextv2_tiny_all_minilm_l6_v2_baseline/best.pt,full
convnextv2_tiny__all_minilm_l6_v2__baseline,convnextv2_tiny,all_minilm_l6_v2,baseline,coco_retrieval,coco5_num_text_queries,25014.0,2,/mnt/fast/nobackup/scratch4weeks/pp01184/alignment_vlm/checkpoints/convnextv2_tiny_all_minilm_l6_v2_baseline/best.pt,full
convnextv2_tiny__all_minilm_l6_v2__baseline,convnextv2_tiny,all_minilm_l6_v2,baseline,cifar100_zeroshot,top1_accuracy,0.2951000034809112,2,/mnt/fast/nobackup/scratch4weeks/pp01184/alignment_vlm/checkpoints/convnextv2_tiny_all_minilm_l6_v2_baseline/best.pt,full
convnextv2_tiny__all_minilm_l6_v2__baseline,convnextv2_tiny,all_minilm_l6_v2,baseline,cifar100_zeroshot,top5_accuracy,0.5166000127792358,2,/mnt/fast/nobackup/scratch4weeks/pp01184/alignment_vlm/checkpoints/convnextv2_tiny_all_minilm_l6_v2_baseline/best.pt,full
convnextv2_tiny__all_minilm_l6_v2__baseline,convnextv2_tiny,all_minilm_l6_v2,baseline,cifar100_zeroshot,macro_f1,0.2495247504983835,2,/mnt/fast/nobackup/scratch4weeks/pp01184/alignment_vlm/checkpoints/convnextv2_tiny_all_minilm_l6_v2_baseline/best.pt,full
convnextv2_tiny__all_minilm_l6_v2__baseline,convnextv2_tiny,all_minilm_l6_v2,baseline,cifar100_zeroshot,balanced_accuracy,0.2951000000000001,2,/mnt/fast/nobackup/scratch4weeks/pp01184/alignment_vlm/checkpoints/convnextv2_tiny_all_minilm_l6_v2_baseline/best.pt,full
convnextv2_tiny__all_minilm_l6_v2__baseline,convnextv2_tiny,all_minilm_l6_v2,baseline,cifar100_zeroshot,mean_confidence,0.3978727459907532,2,/mnt/fast/nobackup/scratch4weeks/pp01184/alignment_vlm/checkpoints/convnextv2_tiny_all_minilm_l6_v2_baseline/best.pt,full
convnextv2_tiny__all_minilm_l6_v2__baseline,convnextv2_tiny,all_minilm_l6_v2,baseline,cifar100_zeroshot,classification_margin,-0.0221309699118137,2,/mnt/fast/nobackup/scratch4weeks/pp01184/alignment_vlm/checkpoints/convnextv2_tiny_all_minilm_l6_v2_baseline/best.pt,full
convnextv2_tiny__all_minilm_l6_v2__baseline,convnextv2_tiny,all_minilm_l6_v2,baseline,cifar100_zeroshot,top1_margin,0.27007856965065,2,/mnt/fast/nobackup/scratch4weeks/pp01184/alignment_vlm/checkpoints/convnextv2_tiny_all_minilm_l6_v2_baseline/best.pt,full
convnextv2_tiny__all_minilm_l6_v2__baseline,convnextv2_tiny,all_minilm_l6_v2,baseline,pets_zeroshot,top1_accuracy,0.0444262735545635,2,/mnt/fast/nobackup/scratch4weeks/pp01184/alignment_vlm/checkpoints/convnextv2_tiny_all_minilm_l6_v2_baseline/best.pt,full
convnextv2_tiny__all_minilm_l6_v2__baseline,convnextv2_tiny,all_minilm_l6_v2,baseline,pets_zeroshot,top5_accuracy,0.1899700164794922,2,/mnt/fast/nobackup/scratch4weeks/pp01184/alignment_vlm/checkpoints/convnextv2_tiny_all_minilm_l6_v2_baseline/best.pt,full
convnextv2_tiny__all_minilm_l6_v2__baseline,convnextv2_tiny,all_minilm_l6_v2,baseline,pets_zeroshot,macro_f1,0.0240645566911687,2,/mnt/fast/nobackup/scratch4weeks/pp01184/alignment_vlm/checkpoints/convnextv2_tiny_all_minilm_l6_v2_baseline/best.pt,full
convnextv2_tiny__all_minilm_l6_v2__baseline,convnextv2_tiny,all_minilm_l6_v2,baseline,pets_zeroshot,balanced_accuracy,0.0441733766452867,2,/mnt/fast/nobackup/scratch4weeks/pp01184/alignment_vlm/checkpoints/convnextv2_tiny_all_minilm_l6_v2_baseline/best.pt,full
convnextv2_tiny__all_minilm_l6_v2__baseline,convnextv2_tiny,all_minilm_l6_v2,baseline,pets_zeroshot,mean_confidence,0.281956136226654,2,/mnt/fast/nobackup/scratch4weeks/pp01184/alignment_vlm/checkpoints/convnextv2_tiny_all_minilm_l6_v2_baseline/best.pt,full
convnextv2_tiny__all_minilm_l6_v2__baseline,convnextv2_tiny,all_minilm_l6_v2,baseline,pets_zeroshot,classification_margin,-0.2394531518220901,2,/mnt/fast/nobackup/scratch4weeks/pp01184/alignment_vlm/checkpoints/convnextv2_tiny_all_minilm_l6_v2_baseline/best.pt,full
convnextv2_tiny__all_minilm_l6_v2__baseline,convnextv2_tiny,all_minilm_l6_v2,baseline,pets_zeroshot,top1_margin,0.1190911754965782,2,/mnt/fast/nobackup/scratch4weeks/pp01184/alignment_vlm/checkpoints/convnextv2_tiny_all_minilm_l6_v2_baseline/best.pt,full
convnextv2_tiny__all_minilm_l6_v2__baseline,convnextv2_tiny,all_minilm_l6_v2,baseline,eurosat_zeroshot,top1_accuracy,0.2178888916969299,2,/mnt/fast/nobackup/scratch4weeks/pp01184/alignment_vlm/checkpoints/convnextv2_tiny_all_minilm_l6_v2_baseline/best.pt,full
convnextv2_tiny__all_minilm_l6_v2__baseline,convnextv2_tiny,all_minilm_l6_v2,baseline,eurosat_zeroshot,top5_accuracy,0.6388518810272217,2,/mnt/fast/nobackup/scratch4weeks/pp01184/alignment_vlm/checkpoints/convnextv2_tiny_all_minilm_l6_v2_baseline/best.pt,full
convnextv2_tiny__all_minilm_l6_v2__baseline,convnextv2_tiny,all_minilm_l6_v2,baseline,eurosat_zeroshot,macro_f1,0.1967450977076153,2,/mnt/fast/nobackup/scratch4weeks/pp01184/alignment_vlm/checkpoints/convnextv2_tiny_all_minilm_l6_v2_baseline/best.pt,full
convnextv2_tiny__all_minilm_l6_v2__baseline,convnextv2_tiny,all_minilm_l6_v2,baseline,eurosat_zeroshot,balanced_accuracy,0.21676,2,/mnt/fast/nobackup/scratch4weeks/pp01184/alignment_vlm/checkpoints/convnextv2_tiny_all_minilm_l6_v2_baseline/best.pt,full
convnextv2_tiny__all_minilm_l6_v2__baseline,convnextv2_tiny,all_minilm_l6_v2,baseline,eurosat_zeroshot,mean_confidence,0.5002349019050598,2,/mnt/fast/nobackup/scratch4weeks/pp01184/alignment_vlm/checkpoints/convnextv2_tiny_all_minilm_l6_v2_baseline/best.pt,full
convnextv2_tiny__all_minilm_l6_v2__baseline,convnextv2_tiny,all_minilm_l6_v2,baseline,eurosat_zeroshot,classification_margin,-0.2477716952562332,2,/mnt/fast/nobackup/scratch4weeks/pp01184/alignment_vlm/checkpoints/convnextv2_tiny_all_minilm_l6_v2_baseline/best.pt,full
convnextv2_tiny__all_minilm_l6_v2__baseline,convnextv2_tiny,all_minilm_l6_v2,baseline,eurosat_zeroshot,top1_margin,0.2858222424983978,2,/mnt/fast/nobackup/scratch4weeks/pp01184/alignment_vlm/checkpoints/convnextv2_tiny_all_minilm_l6_v2_baseline/best.pt,full
convnextv2_tiny__bge_small_en__baseline,convnextv2_tiny,bge_small_en,baseline,coco_retrieval,coco5_i2t_R@1,0.1705999970436096,2,/mnt/fast/nobackup/scratch4weeks/pp01184/alignment_vlm/checkpoints/convnextv2_tiny_bge_small_en_baseline/best.pt,full
convnextv2_tiny__bge_small_en__baseline,convnextv2_tiny,bge_small_en,baseline,coco_retrieval,coco5_i2t_R@5,0.4081999957561493,2,/mnt/fast/nobackup/scratch4weeks/pp01184/alignment_vlm/checkpoints/convnextv2_tiny_bge_small_en_baseline/best.pt,full
convnextv2_tiny__bge_small_en__baseline,convnextv2_tiny,bge_small_en,baseline,coco_retrieval,coco5_i2t_R@10,0.5461999773979187,2,/mnt/fast/nobackup/scratch4weeks/pp01184/alignment_vlm/checkpoints/convnextv2_tiny_bge_small_en_baseline/best.pt,full
convnextv2_tiny__bge_small_en__baseline,convnextv2_tiny,bge_small_en,baseline,coco_retrieval,coco5_mean_rank_i2t,30.01160049438477,2,/mnt/fast/nobackup/scratch4weeks/pp01184/alignment_vlm/checkpoints/convnextv2_tiny_bge_small_en_baseline/best.pt,full
convnextv2_tiny__bge_small_en__baseline,convnextv2_tiny,bge_small_en,baseline,coco_retrieval,coco5_median_rank_i2t,8.0,2,/mnt/fast/nobackup/scratch4weeks/pp01184/alignment_vlm/checkpoints/convnextv2_tiny_bge_small_en_baseline/best.pt,full
convnextv2_tiny__bge_small_en__baseline,convnextv2_tiny,bge_small_en,baseline,coco_retrieval,coco5_t2i_R@1,0.1453985720872879,2,/mnt/fast/nobackup/scratch4weeks/pp01184/alignment_vlm/checkpoints/convnextv2_tiny_bge_small_en_baseline/best.pt,full
convnextv2_tiny__bge_small_en__baseline,convnextv2_tiny,bge_small_en,baseline,coco_retrieval,coco5_t2i_R@5,0.3785480260848999,2,/mnt/fast/nobackup/scratch4weeks/pp01184/alignment_vlm/checkpoints/convnextv2_tiny_bge_small_en_baseline/best.pt,full
convnextv2_tiny__bge_small_en__baseline,convnextv2_tiny,bge_small_en,baseline,coco_retrieval,coco5_t2i_R@10,0.5184696316719055,2,/mnt/fast/nobackup/scratch4weeks/pp01184/alignment_vlm/checkpoints/convnextv2_tiny_bge_small_en_baseline/best.pt,full
convnextv2_tiny__bge_small_en__baseline,convnextv2_tiny,bge_small_en,baseline,coco_retrieval,coco5_mean_rank_t2i,34.97273635864258,2,/mnt/fast/nobackup/scratch4weeks/pp01184/alignment_vlm/checkpoints/convnextv2_tiny_bge_small_en_baseline/best.pt,full
convnextv2_tiny__bge_small_en__baseline,convnextv2_tiny,bge_small_en,baseline,coco_retrieval,coco5_median_rank_t2i,10.0,2,/mnt/fast/nobackup/scratch4weeks/pp01184/alignment_vlm/checkpoints/convnextv2_tiny_bge_small_en_baseline/best.pt,full
convnextv2_tiny__bge_small_en__baseline,convnextv2_tiny,bge_small_en,baseline,coco_retrieval,coco5_num_image_queries,5000.0,2,/mnt/fast/nobackup/scratch4weeks/pp01184/alignment_vlm/checkpoints/convnextv2_tiny_bge_small_en_baseline/best.pt,full
convnextv2_tiny__bge_small_en__baseline,convnextv2_tiny,bge_small_en,baseline,coco_retrieval,coco5_num_text_queries,25014.0,2,/mnt/fast/nobackup/scratch4weeks/pp01184/alignment_vlm/checkpoints/convnextv2_tiny_bge_small_en_baseline/best.pt,full
convnextv2_tiny__bge_small_en__baseline,convnextv2_tiny,bge_small_en,baseline,cifar100_zeroshot,top1_accuracy,0.2816999852657318,2,/mnt/fast/nobackup/scratch4weeks/pp01184/alignment_vlm/checkpoints/convnextv2_tiny_bge_small_en_baseline/best.pt,full
convnextv2_tiny__bge_small_en__baseline,convnextv2_tiny,bge_small_en,baseline,cifar100_zeroshot,top5_accuracy,0.503000020980835,2,/mnt/fast/nobackup/scratch4weeks/pp01184/alignment_vlm/checkpoints/convnextv2_tiny_bge_small_en_baseline/best.pt,full
convnextv2_tiny__bge_small_en__baseline,convnextv2_tiny,bge_small_en,baseline,cifar100_zeroshot,macro_f1,0.234015185080834,2,/mnt/fast/nobackup/scratch4weeks/pp01184/alignment_vlm/checkpoints/convnextv2_tiny_bge_small_en_baseline/best.pt,full
convnextv2_tiny__bge_small_en__baseline,convnextv2_tiny,bge_small_en,baseline,cifar100_zeroshot,balanced_accuracy,0.2817,2,/mnt/fast/nobackup/scratch4weeks/pp01184/alignment_vlm/checkpoints/convnextv2_tiny_bge_small_en_baseline/best.pt,full
convnextv2_tiny__bge_small_en__baseline,convnextv2_tiny,bge_small_en,baseline,cifar100_zeroshot,mean_confidence,0.3974865078926086,2,/mnt/fast/nobackup/scratch4weeks/pp01184/alignment_vlm/checkpoints/convnextv2_tiny_bge_small_en_baseline/best.pt,full
convnextv2_tiny__bge_small_en__baseline,convnextv2_tiny,bge_small_en,baseline,cifar100_zeroshot,classification_margin,-0.0255845952779054,2,/mnt/fast/nobackup/scratch4weeks/pp01184/alignment_vlm/checkpoints/convnextv2_tiny_bge_small_en_baseline/best.pt,full
convnextv2_tiny__bge_small_en__baseline,convnextv2_tiny,bge_small_en,baseline,cifar100_zeroshot,top1_margin,0.2669868171215057,2,/mnt/fast/nobackup/scratch4weeks/pp01184/alignment_vlm/checkpoints/convnextv2_tiny_bge_small_en_baseline/best.pt,full
convnextv2_tiny__bge_small_en__baseline,convnextv2_tiny,bge_small_en,baseline,pets_zeroshot,top1_accuracy,0.0675933510065078,2,/mnt/fast/nobackup/scratch4weeks/pp01184/alignment_vlm/checkpoints/convnextv2_tiny_bge_small_en_baseline/best.pt,full
convnextv2_tiny__bge_small_en__baseline,convnextv2_tiny,bge_small_en,baseline,pets_zeroshot,top5_accuracy,0.2390297055244445,2,/mnt/fast/nobackup/scratch4weeks/pp01184/alignment_vlm/checkpoints/convnextv2_tiny_bge_small_en_baseline/best.pt,full
convnextv2_tiny__bge_small_en__baseline,convnextv2_tiny,bge_small_en,baseline,pets_zeroshot,macro_f1,0.0493156689255017,2,/mnt/fast/nobackup/scratch4weeks/pp01184/alignment_vlm/checkpoints/convnextv2_tiny_bge_small_en_baseline/best.pt,full
convnextv2_tiny__bge_small_en__baseline,convnextv2_tiny,bge_small_en,baseline,pets_zeroshot,balanced_accuracy,0.0672274521712724,2,/mnt/fast/nobackup/scratch4weeks/pp01184/alignment_vlm/checkpoints/convnextv2_tiny_bge_small_en_baseline/best.pt,full
convnextv2_tiny__bge_small_en__baseline,convnextv2_tiny,bge_small_en,baseline,pets_zeroshot,mean_confidence,0.2449812889099121,2,/mnt/fast/nobackup/scratch4weeks/pp01184/alignment_vlm/checkpoints/convnextv2_tiny_bge_small_en_baseline/best.pt,full
convnextv2_tiny__bge_small_en__baseline,convnextv2_tiny,bge_small_en,baseline,pets_zeroshot,classification_margin,-0.1913237124681472,2,/mnt/fast/nobackup/scratch4weeks/pp01184/alignment_vlm/checkpoints/convnextv2_tiny_bge_small_en_baseline/best.pt,full
convnextv2_tiny__bge_small_en__baseline,convnextv2_tiny,bge_small_en,baseline,pets_zeroshot,top1_margin,0.0906168594956398,2,/mnt/fast/nobackup/scratch4weeks/pp01184/alignment_vlm/checkpoints/convnextv2_tiny_bge_small_en_baseline/best.pt,full
convnextv2_tiny__bge_small_en__baseline,convnextv2_tiny,bge_small_en,baseline,eurosat_zeroshot,top1_accuracy,0.1724814772605896,2,/mnt/fast/nobackup/scratch4weeks/pp01184/alignment_vlm/checkpoints/convnextv2_tiny_bge_small_en_baseline/best.pt,full
convnextv2_tiny__bge_small_en__baseline,convnextv2_tiny,bge_small_en,baseline,eurosat_zeroshot,top5_accuracy,0.6639629602432251,2,/mnt/fast/nobackup/scratch4weeks/pp01184/alignment_vlm/checkpoints/convnextv2_tiny_bge_small_en_baseline/best.pt,full
convnextv2_tiny__bge_small_en__baseline,convnextv2_tiny,bge_small_en,baseline,eurosat_zeroshot,macro_f1,0.1450940837216688,2,/mnt/fast/nobackup/scratch4weeks/pp01184/alignment_vlm/checkpoints/convnextv2_tiny_bge_small_en_baseline/best.pt,full
convnextv2_tiny__bge_small_en__baseline,convnextv2_tiny,bge_small_en,baseline,eurosat_zeroshot,balanced_accuracy,0.1717533333333333,2,/mnt/fast/nobackup/scratch4weeks/pp01184/alignment_vlm/checkpoints/convnextv2_tiny_bge_small_en_baseline/best.pt,full
convnextv2_tiny__bge_small_en__baseline,convnextv2_tiny,bge_small_en,baseline,eurosat_zeroshot,mean_confidence,0.5133042335510254,2,/mnt/fast/nobackup/scratch4weeks/pp01184/alignment_vlm/checkpoints/convnextv2_tiny_bge_small_en_baseline/best.pt,full
convnextv2_tiny__bge_small_en__baseline,convnextv2_tiny,bge_small_en,baseline,eurosat_zeroshot,classification_margin,-0.2986427843570709,2,/mnt/fast/nobackup/scratch4weeks/pp01184/alignment_vlm/checkpoints/convnextv2_tiny_bge_small_en_baseline/best.pt,full
convnextv2_tiny__bge_small_en__baseline,convnextv2_tiny,bge_small_en,baseline,eurosat_zeroshot,top1_margin,0.2969172298908233,2,/mnt/fast/nobackup/scratch4weeks/pp01184/alignment_vlm/checkpoints/convnextv2_tiny_bge_small_en_baseline/best.pt,full
convnextv2_tiny__distilbert__baseline,convnextv2_tiny,distilbert,baseline,coco_retrieval,coco5_i2t_R@1,0.1129999980330467,2,/mnt/fast/nobackup/scratch4weeks/pp01184/alignment_vlm/checkpoints/convnextv2_tiny_distilbert_baseline/best.pt,full
convnextv2_tiny__distilbert__baseline,convnextv2_tiny,distilbert,baseline,coco_retrieval,coco5_i2t_R@5,0.3192000091075897,2,/mnt/fast/nobackup/scratch4weeks/pp01184/alignment_vlm/checkpoints/convnextv2_tiny_distilbert_baseline/best.pt,full
convnextv2_tiny__distilbert__baseline,convnextv2_tiny,distilbert,baseline,coco_retrieval,coco5_i2t_R@10,0.4523999989032745,2,/mnt/fast/nobackup/scratch4weeks/pp01184/alignment_vlm/checkpoints/convnextv2_tiny_distilbert_baseline/best.pt,full
convnextv2_tiny__distilbert__baseline,convnextv2_tiny,distilbert,baseline,coco_retrieval,coco5_mean_rank_i2t,41.73419952392578,2,/mnt/fast/nobackup/scratch4weeks/pp01184/alignment_vlm/checkpoints/convnextv2_tiny_distilbert_baseline/best.pt,full
convnextv2_tiny__distilbert__baseline,convnextv2_tiny,distilbert,baseline,coco_retrieval,coco5_median_rank_i2t,13.0,2,/mnt/fast/nobackup/scratch4weeks/pp01184/alignment_vlm/checkpoints/convnextv2_tiny_distilbert_baseline/best.pt,full
convnextv2_tiny__distilbert__baseline,convnextv2_tiny,distilbert,baseline,coco_retrieval,coco5_t2i_R@1,0.1056208536028862,2,/mnt/fast/nobackup/scratch4weeks/pp01184/alignment_vlm/checkpoints/convnextv2_tiny_distilbert_baseline/best.pt,full
convnextv2_tiny__distilbert__baseline,convnextv2_tiny,distilbert,baseline,coco_retrieval,coco5_t2i_R@5,0.2981530427932739,2,/mnt/fast/nobackup/scratch4weeks/pp01184/alignment_vlm/checkpoints/convnextv2_tiny_distilbert_baseline/best.pt,full
convnextv2_tiny__distilbert__baseline,convnextv2_tiny,distilbert,baseline,coco_retrieval,coco5_t2i_R@10,0.4258815050125122,2,/mnt/fast/nobackup/scratch4weeks/pp01184/alignment_vlm/checkpoints/convnextv2_tiny_distilbert_baseline/best.pt,full
convnextv2_tiny__distilbert__baseline,convnextv2_tiny,distilbert,baseline,coco_retrieval,coco5_mean_rank_t2i,48.44610977172852,2,/mnt/fast/nobackup/scratch4weeks/pp01184/alignment_vlm/checkpoints/convnextv2_tiny_distilbert_baseline/best.pt,full
convnextv2_tiny__distilbert__baseline,convnextv2_tiny,distilbert,baseline,coco_retrieval,coco5_median_rank_t2i,15.0,2,/mnt/fast/nobackup/scratch4weeks/pp01184/alignment_vlm/checkpoints/convnextv2_tiny_distilbert_baseline/best.pt,full
convnextv2_tiny__distilbert__baseline,convnextv2_tiny,distilbert,baseline,coco_retrieval,coco5_num_image_queries,5000.0,2,/mnt/fast/nobackup/scratch4weeks/pp01184/alignment_vlm/checkpoints/convnextv2_tiny_distilbert_baseline/best.pt,full
convnextv2_tiny__distilbert__baseline,convnextv2_tiny,distilbert,baseline,coco_retrieval,coco5_num_text_queries,25014.0,2,/mnt/fast/nobackup/scratch4weeks/pp01184/alignment_vlm/checkpoints/convnextv2_tiny_distilbert_baseline/best.pt,full
convnextv2_tiny__distilbert__baseline,convnextv2_tiny,distilbert,baseline,cifar100_zeroshot,top1_accuracy,0.2470999956130981,2,/mnt/fast/nobackup/scratch4weeks/pp01184/alignment_vlm/checkpoints/convnextv2_tiny_distilbert_baseline/best.pt,full
convnextv2_tiny__distilbert__baseline,convnextv2_tiny,distilbert,baseline,cifar100_zeroshot,top5_accuracy,0.4900999963283539,2,/mnt/fast/nobackup/scratch4weeks/pp01184/alignment_vlm/checkpoints/convnextv2_tiny_distilbert_baseline/best.pt,full
convnextv2_tiny__distilbert__baseline,convnextv2_tiny,distilbert,baseline,cifar100_zeroshot,macro_f1,0.2142959888284138,2,/mnt/fast/nobackup/scratch4weeks/pp01184/alignment_vlm/checkpoints/convnextv2_tiny_distilbert_baseline/best.pt,full
convnextv2_tiny__distilbert__baseline,convnextv2_tiny,distilbert,baseline,cifar100_zeroshot,balanced_accuracy,0.2471,2,/mnt/fast/nobackup/scratch4weeks/pp01184/alignment_vlm/checkpoints/convnextv2_tiny_distilbert_baseline/best.pt,full
convnextv2_tiny__distilbert__baseline,convnextv2_tiny,distilbert,baseline,cifar100_zeroshot,mean_confidence,0.3423233032226562,2,/mnt/fast/nobackup/scratch4weeks/pp01184/alignment_vlm/checkpoints/convnextv2_tiny_distilbert_baseline/best.pt,full
convnextv2_tiny__distilbert__baseline,convnextv2_tiny,distilbert,baseline,cifar100_zeroshot,classification_margin,-0.0668493285775184,2,/mnt/fast/nobackup/scratch4weeks/pp01184/alignment_vlm/checkpoints/convnextv2_tiny_distilbert_baseline/best.pt,full
convnextv2_tiny__distilbert__baseline,convnextv2_tiny,distilbert,baseline,cifar100_zeroshot,top1_margin,0.2062356173992157,2,/mnt/fast/nobackup/scratch4weeks/pp01184/alignment_vlm/checkpoints/convnextv2_tiny_distilbert_baseline/best.pt,full
convnextv2_tiny__distilbert__baseline,convnextv2_tiny,distilbert,baseline,pets_zeroshot,top1_accuracy,0.0155355678871274,2,/mnt/fast/nobackup/scratch4weeks/pp01184/alignment_vlm/checkpoints/convnextv2_tiny_distilbert_baseline/best.pt,full
convnextv2_tiny__distilbert__baseline,convnextv2_tiny,distilbert,baseline,pets_zeroshot,top5_accuracy,0.1281003057956695,2,/mnt/fast/nobackup/scratch4weeks/pp01184/alignment_vlm/checkpoints/convnextv2_tiny_distilbert_baseline/best.pt,full
convnextv2_tiny__distilbert__baseline,convnextv2_tiny,distilbert,baseline,pets_zeroshot,macro_f1,0.0100965327012498,2,/mnt/fast/nobackup/scratch4weeks/pp01184/alignment_vlm/checkpoints/convnextv2_tiny_distilbert_baseline/best.pt,full
convnextv2_tiny__distilbert__baseline,convnextv2_tiny,distilbert,baseline,pets_zeroshot,balanced_accuracy,0.0154190554190554,2,/mnt/fast/nobackup/scratch4weeks/pp01184/alignment_vlm/checkpoints/convnextv2_tiny_distilbert_baseline/best.pt,full
convnextv2_tiny__distilbert__baseline,convnextv2_tiny,distilbert,baseline,pets_zeroshot,mean_confidence,0.2566953897476196,2,/mnt/fast/nobackup/scratch4weeks/pp01184/alignment_vlm/checkpoints/convnextv2_tiny_distilbert_baseline/best.pt,full
convnextv2_tiny__distilbert__baseline,convnextv2_tiny,distilbert,baseline,pets_zeroshot,classification_margin,-0.2291367501020431,2,/mnt/fast/nobackup/scratch4weeks/pp01184/alignment_vlm/checkpoints/convnextv2_tiny_distilbert_baseline/best.pt,full
convnextv2_tiny__distilbert__baseline,convnextv2_tiny,distilbert,baseline,pets_zeroshot,top1_margin,0.0999278500676155,2,/mnt/fast/nobackup/scratch4weeks/pp01184/alignment_vlm/checkpoints/convnextv2_tiny_distilbert_baseline/best.pt,full
convnextv2_tiny__distilbert__baseline,convnextv2_tiny,distilbert,baseline,eurosat_zeroshot,top1_accuracy,0.1277777850627899,2,/mnt/fast/nobackup/scratch4weeks/pp01184/alignment_vlm/checkpoints/convnextv2_tiny_distilbert_baseline/best.pt,full
convnextv2_tiny__distilbert__baseline,convnextv2_tiny,distilbert,baseline,eurosat_zeroshot,top5_accuracy,0.642296314239502,2,/mnt/fast/nobackup/scratch4weeks/pp01184/alignment_vlm/checkpoints/convnextv2_tiny_distilbert_baseline/best.pt,full
convnextv2_tiny__distilbert__baseline,convnextv2_tiny,distilbert,baseline,eurosat_zeroshot,macro_f1,0.0988181021788777,2,/mnt/fast/nobackup/scratch4weeks/pp01184/alignment_vlm/checkpoints/convnextv2_tiny_distilbert_baseline/best.pt,full
convnextv2_tiny__distilbert__baseline,convnextv2_tiny,distilbert,baseline,eurosat_zeroshot,balanced_accuracy,0.1254299999999999,2,/mnt/fast/nobackup/scratch4weeks/pp01184/alignment_vlm/checkpoints/convnextv2_tiny_distilbert_baseline/best.pt,full
convnextv2_tiny__distilbert__baseline,convnextv2_tiny,distilbert,baseline,eurosat_zeroshot,mean_confidence,0.608830451965332,2,/mnt/fast/nobackup/scratch4weeks/pp01184/alignment_vlm/checkpoints/convnextv2_tiny_distilbert_baseline/best.pt,full
convnextv2_tiny__distilbert__baseline,convnextv2_tiny,distilbert,baseline,eurosat_zeroshot,classification_margin,-0.4079867303371429,2,/mnt/fast/nobackup/scratch4weeks/pp01184/alignment_vlm/checkpoints/convnextv2_tiny_distilbert_baseline/best.pt,full
convnextv2_tiny__distilbert__baseline,convnextv2_tiny,distilbert,baseline,eurosat_zeroshot,top1_margin,0.4379647672176361,2,/mnt/fast/nobackup/scratch4weeks/pp01184/alignment_vlm/checkpoints/convnextv2_tiny_distilbert_baseline/best.pt,full
convnextv2_tiny__e5_small_v2__baseline,convnextv2_tiny,e5_small_v2,baseline,coco_retrieval,coco5_i2t_R@1,0.1570000052452087,1,/mnt/fast/nobackup/scratch4weeks/pp01184/alignment_vlm/checkpoints/convnextv2_tiny_e5_small_v2_baseline/best.pt,full
convnextv2_tiny__e5_small_v2__baseline,convnextv2_tiny,e5_small_v2,baseline,coco_retrieval,coco5_i2t_R@5,0.3758000135421753,1,/mnt/fast/nobackup/scratch4weeks/pp01184/alignment_vlm/checkpoints/convnextv2_tiny_e5_small_v2_baseline/best.pt,full
convnextv2_tiny__e5_small_v2__baseline,convnextv2_tiny,e5_small_v2,baseline,coco_retrieval,coco5_i2t_R@10,0.5163999795913696,1,/mnt/fast/nobackup/scratch4weeks/pp01184/alignment_vlm/checkpoints/convnextv2_tiny_e5_small_v2_baseline/best.pt,full
convnextv2_tiny__e5_small_v2__baseline,convnextv2_tiny,e5_small_v2,baseline,coco_retrieval,coco5_mean_rank_i2t,33.21620178222656,1,/mnt/fast/nobackup/scratch4weeks/pp01184/alignment_vlm/checkpoints/convnextv2_tiny_e5_small_v2_baseline/best.pt,full
convnextv2_tiny__e5_small_v2__baseline,convnextv2_tiny,e5_small_v2,baseline,coco_retrieval,coco5_median_rank_i2t,10.0,1,/mnt/fast/nobackup/scratch4weeks/pp01184/alignment_vlm/checkpoints/convnextv2_tiny_e5_small_v2_baseline/best.pt,full
convnextv2_tiny__e5_small_v2__baseline,convnextv2_tiny,e5_small_v2,baseline,coco_retrieval,coco5_t2i_R@1,0.130606859922409,1,/mnt/fast/nobackup/scratch4weeks/pp01184/alignment_vlm/checkpoints/convnextv2_tiny_e5_small_v2_baseline/best.pt,full
convnextv2_tiny__e5_small_v2__baseline,convnextv2_tiny,e5_small_v2,baseline,coco_retrieval,coco5_t2i_R@5,0.3496841788291931,1,/mnt/fast/nobackup/scratch4weeks/pp01184/alignment_vlm/checkpoints/convnextv2_tiny_e5_small_v2_baseline/best.pt,full
convnextv2_tiny__e5_small_v2__baseline,convnextv2_tiny,e5_small_v2,baseline,coco_retrieval,coco5_t2i_R@10,0.4846885800361633,1,/mnt/fast/nobackup/scratch4weeks/pp01184/alignment_vlm/checkpoints/convnextv2_tiny_e5_small_v2_baseline/best.pt,full
convnextv2_tiny__e5_small_v2__baseline,convnextv2_tiny,e5_small_v2,baseline,coco_retrieval,coco5_mean_rank_t2i,37.75673675537109,1,/mnt/fast/nobackup/scratch4weeks/pp01184/alignment_vlm/checkpoints/convnextv2_tiny_e5_small_v2_baseline/best.pt,full
convnextv2_tiny__e5_small_v2__baseline,convnextv2_tiny,e5_small_v2,baseline,coco_retrieval,coco5_median_rank_t2i,11.0,1,/mnt/fast/nobackup/scratch4weeks/pp01184/alignment_vlm/checkpoints/convnextv2_tiny_e5_small_v2_baseline/best.pt,full
convnextv2_tiny__e5_small_v2__baseline,convnextv2_tiny,e5_small_v2,baseline,coco_retrieval,coco5_num_image_queries,5000.0,1,/mnt/fast/nobackup/scratch4weeks/pp01184/alignment_vlm/checkpoints/convnextv2_tiny_e5_small_v2_baseline/best.pt,full
convnextv2_tiny__e5_small_v2__baseline,convnextv2_tiny,e5_small_v2,baseline,coco_retrieval,coco5_num_text_queries,25014.0,1,/mnt/fast/nobackup/scratch4weeks/pp01184/alignment_vlm/checkpoints/convnextv2_tiny_e5_small_v2_baseline/best.pt,full
convnextv2_tiny__e5_small_v2__baseline,convnextv2_tiny,e5_small_v2,baseline,cifar100_zeroshot,top1_accuracy,0.2867000102996826,1,/mnt/fast/nobackup/scratch4weeks/pp01184/alignment_vlm/checkpoints/convnextv2_tiny_e5_small_v2_baseline/best.pt,full
convnextv2_tiny__e5_small_v2__baseline,convnextv2_tiny,e5_small_v2,baseline,cifar100_zeroshot,top5_accuracy,0.5145000219345093,1,/mnt/fast/nobackup/scratch4weeks/pp01184/alignment_vlm/checkpoints/convnextv2_tiny_e5_small_v2_baseline/best.pt,full
convnextv2_tiny__e5_small_v2__baseline,convnextv2_tiny,e5_small_v2,baseline,cifar100_zeroshot,macro_f1,0.2407043220183307,1,/mnt/fast/nobackup/scratch4weeks/pp01184/alignment_vlm/checkpoints/convnextv2_tiny_e5_small_v2_baseline/best.pt,full
convnextv2_tiny__e5_small_v2__baseline,convnextv2_tiny,e5_small_v2,baseline,cifar100_zeroshot,balanced_accuracy,0.2867000000000002,1,/mnt/fast/nobackup/scratch4weeks/pp01184/alignment_vlm/checkpoints/convnextv2_tiny_e5_small_v2_baseline/best.pt,full
convnextv2_tiny__e5_small_v2__baseline,convnextv2_tiny,e5_small_v2,baseline,cifar100_zeroshot,mean_confidence,0.3333505988121032,1,/mnt/fast/nobackup/scratch4weeks/pp01184/alignment_vlm/checkpoints/convnextv2_tiny_e5_small_v2_baseline/best.pt,full
convnextv2_tiny__e5_small_v2__baseline,convnextv2_tiny,e5_small_v2,baseline,cifar100_zeroshot,classification_margin,-0.0026959902606904,1,/mnt/fast/nobackup/scratch4weeks/pp01184/alignment_vlm/checkpoints/convnextv2_tiny_e5_small_v2_baseline/best.pt,full
convnextv2_tiny__e5_small_v2__baseline,convnextv2_tiny,e5_small_v2,baseline,cifar100_zeroshot,top1_margin,0.2184571027755737,1,/mnt/fast/nobackup/scratch4weeks/pp01184/alignment_vlm/checkpoints/convnextv2_tiny_e5_small_v2_baseline/best.pt,full
convnextv2_tiny__e5_small_v2__baseline,convnextv2_tiny,e5_small_v2,baseline,pets_zeroshot,top1_accuracy,0.0436086133122444,1,/mnt/fast/nobackup/scratch4weeks/pp01184/alignment_vlm/checkpoints/convnextv2_tiny_e5_small_v2_baseline/best.pt,full
convnextv2_tiny__e5_small_v2__baseline,convnextv2_tiny,e5_small_v2,baseline,pets_zeroshot,top5_accuracy,0.2311256527900695,1,/mnt/fast/nobackup/scratch4weeks/pp01184/alignment_vlm/checkpoints/convnextv2_tiny_e5_small_v2_baseline/best.pt,full
convnextv2_tiny__e5_small_v2__baseline,convnextv2_tiny,e5_small_v2,baseline,pets_zeroshot,macro_f1,0.0256254826489222,1,/mnt/fast/nobackup/scratch4weeks/pp01184/alignment_vlm/checkpoints/convnextv2_tiny_e5_small_v2_baseline/best.pt,full
convnextv2_tiny__e5_small_v2__baseline,convnextv2_tiny,e5_small_v2,baseline,pets_zeroshot,balanced_accuracy,0.0432459732459732,1,/mnt/fast/nobackup/scratch4weeks/pp01184/alignment_vlm/checkpoints/convnextv2_tiny_e5_small_v2_baseline/best.pt,full
convnextv2_tiny__e5_small_v2__baseline,convnextv2_tiny,e5_small_v2,baseline,pets_zeroshot,mean_confidence,0.2396907210350036,1,/mnt/fast/nobackup/scratch4weeks/pp01184/alignment_vlm/checkpoints/convnextv2_tiny_e5_small_v2_baseline/best.pt,full
convnextv2_tiny__e5_small_v2__baseline,convnextv2_tiny,e5_small_v2,baseline,pets_zeroshot,classification_margin,-0.1942437142133712,1,/mnt/fast/nobackup/scratch4weeks/pp01184/alignment_vlm/checkpoints/convnextv2_tiny_e5_small_v2_baseline/best.pt,full
convnextv2_tiny__e5_small_v2__baseline,convnextv2_tiny,e5_small_v2,baseline,pets_zeroshot,top1_margin,0.0953073501586914,1,/mnt/fast/nobackup/scratch4weeks/pp01184/alignment_vlm/checkpoints/convnextv2_tiny_e5_small_v2_baseline/best.pt,full
convnextv2_tiny__e5_small_v2__baseline,convnextv2_tiny,e5_small_v2,baseline,eurosat_zeroshot,top1_accuracy,0.2186296284198761,1,/mnt/fast/nobackup/scratch4weeks/pp01184/alignment_vlm/checkpoints/convnextv2_tiny_e5_small_v2_baseline/best.pt,full
convnextv2_tiny__e5_small_v2__baseline,convnextv2_tiny,e5_small_v2,baseline,eurosat_zeroshot,top5_accuracy,0.6976666450500488,1,/mnt/fast/nobackup/scratch4weeks/pp01184/alignment_vlm/checkpoints/convnextv2_tiny_e5_small_v2_baseline/best.pt,full
convnextv2_tiny__e5_small_v2__baseline,convnextv2_tiny,e5_small_v2,baseline,eurosat_zeroshot,macro_f1,0.1768347578874292,1,/mnt/fast/nobackup/scratch4weeks/pp01184/alignment_vlm/checkpoints/convnextv2_tiny_e5_small_v2_baseline/best.pt,full
convnextv2_tiny__e5_small_v2__baseline,convnextv2_tiny,e5_small_v2,baseline,eurosat_zeroshot,balanced_accuracy,0.2137433333333333,1,/mnt/fast/nobackup/scratch4weeks/pp01184/alignment_vlm/checkpoints/convnextv2_tiny_e5_small_v2_baseline/best.pt,full
convnextv2_tiny__e5_small_v2__baseline,convnextv2_tiny,e5_small_v2,baseline,eurosat_zeroshot,mean_confidence,0.5321763157844543,1,/mnt/fast/nobackup/scratch4weeks/pp01184/alignment_vlm/checkpoints/convnextv2_tiny_e5_small_v2_baseline/best.pt,full
convnextv2_tiny__e5_small_v2__baseline,convnextv2_tiny,e5_small_v2,baseline,eurosat_zeroshot,classification_margin,-0.258179247379303,1,/mnt/fast/nobackup/scratch4weeks/pp01184/alignment_vlm/checkpoints/convnextv2_tiny_e5_small_v2_baseline/best.pt,full
convnextv2_tiny__e5_small_v2__baseline,convnextv2_tiny,e5_small_v2,baseline,eurosat_zeroshot,top1_margin,0.3211442530155182,1,/mnt/fast/nobackup/scratch4weeks/pp01184/alignment_vlm/checkpoints/convnextv2_tiny_e5_small_v2_baseline/best.pt,full
dinov2_vits14__all_minilm_l6_v2__baseline,dinov2_vits14,all_minilm_l6_v2,baseline,coco_retrieval,coco5_i2t_R@1,0.179199993610382,2,/mnt/fast/nobackup/scratch4weeks/pp01184/alignment_vlm/checkpoints/dinov2_vits14_all_minilm_l6_v2_baseline/best.pt,full
dinov2_vits14__all_minilm_l6_v2__baseline,dinov2_vits14,all_minilm_l6_v2,baseline,coco_retrieval,coco5_i2t_R@5,0.4469999969005584,2,/mnt/fast/nobackup/scratch4weeks/pp01184/alignment_vlm/checkpoints/dinov2_vits14_all_minilm_l6_v2_baseline/best.pt,full
dinov2_vits14__all_minilm_l6_v2__baseline,dinov2_vits14,all_minilm_l6_v2,baseline,coco_retrieval,coco5_i2t_R@10,0.5885999798774719,2,/mnt/fast/nobackup/scratch4weeks/pp01184/alignment_vlm/checkpoints/dinov2_vits14_all_minilm_l6_v2_baseline/best.pt,full
dinov2_vits14__all_minilm_l6_v2__baseline,dinov2_vits14,all_minilm_l6_v2,baseline,coco_retrieval,coco5_mean_rank_i2t,27.20940017700196,2,/mnt/fast/nobackup/scratch4weeks/pp01184/alignment_vlm/checkpoints/dinov2_vits14_all_minilm_l6_v2_baseline/best.pt,full
dinov2_vits14__all_minilm_l6_v2__baseline,dinov2_vits14,all_minilm_l6_v2,baseline,coco_retrieval,coco5_median_rank_i2t,7.0,2,/mnt/fast/nobackup/scratch4weeks/pp01184/alignment_vlm/checkpoints/dinov2_vits14_all_minilm_l6_v2_baseline/best.pt,full
dinov2_vits14__all_minilm_l6_v2__baseline,dinov2_vits14,all_minilm_l6_v2,baseline,coco_retrieval,coco5_t2i_R@1,0.1543535590171814,2,/mnt/fast/nobackup/scratch4weeks/pp01184/alignment_vlm/checkpoints/dinov2_vits14_all_minilm_l6_v2_baseline/best.pt,full
dinov2_vits14__all_minilm_l6_v2__baseline,dinov2_vits14,all_minilm_l6_v2,baseline,coco_retrieval,coco5_t2i_R@5,0.4019748866558075,2,/mnt/fast/nobackup/scratch4weeks/pp01184/alignment_vlm/checkpoints/dinov2_vits14_all_minilm_l6_v2_baseline/best.pt,full
dinov2_vits14__all_minilm_l6_v2__baseline,dinov2_vits14,all_minilm_l6_v2,baseline,coco_retrieval,coco5_t2i_R@10,0.5470536351203918,2,/mnt/fast/nobackup/scratch4weeks/pp01184/alignment_vlm/checkpoints/dinov2_vits14_all_minilm_l6_v2_baseline/best.pt,full
dinov2_vits14__all_minilm_l6_v2__baseline,dinov2_vits14,all_minilm_l6_v2,baseline,coco_retrieval,coco5_mean_rank_t2i,33.23926544189453,2,/mnt/fast/nobackup/scratch4weeks/pp01184/alignment_vlm/checkpoints/dinov2_vits14_all_minilm_l6_v2_baseline/best.pt,full
dinov2_vits14__all_minilm_l6_v2__baseline,dinov2_vits14,all_minilm_l6_v2,baseline,coco_retrieval,coco5_median_rank_t2i,9.0,2,/mnt/fast/nobackup/scratch4weeks/pp01184/alignment_vlm/checkpoints/dinov2_vits14_all_minilm_l6_v2_baseline/best.pt,full
dinov2_vits14__all_minilm_l6_v2__baseline,dinov2_vits14,all_minilm_l6_v2,baseline,coco_retrieval,coco5_num_image_queries,5000.0,2,/mnt/fast/nobackup/scratch4weeks/pp01184/alignment_vlm/checkpoints/dinov2_vits14_all_minilm_l6_v2_baseline/best.pt,full
dinov2_vits14__all_minilm_l6_v2__baseline,dinov2_vits14,all_minilm_l6_v2,baseline,coco_retrieval,coco5_num_text_queries,25014.0,2,/mnt/fast/nobackup/scratch4weeks/pp01184/alignment_vlm/checkpoints/dinov2_vits14_all_minilm_l6_v2_baseline/best.pt,full
dinov2_vits14__all_minilm_l6_v2__baseline,dinov2_vits14,all_minilm_l6_v2,baseline,cifar100_zeroshot,top1_accuracy,0.2549000084400177,2,/mnt/fast/nobackup/scratch4weeks/pp01184/alignment_vlm/checkpoints/dinov2_vits14_all_minilm_l6_v2_baseline/best.pt,full
dinov2_vits14__all_minilm_l6_v2__baseline,dinov2_vits14,all_minilm_l6_v2,baseline,cifar100_zeroshot,top5_accuracy,0.5041999816894531,2,/mnt/fast/nobackup/scratch4weeks/pp01184/alignment_vlm/checkpoints/dinov2_vits14_all_minilm_l6_v2_baseline/best.pt,full
dinov2_vits14__all_minilm_l6_v2__baseline,dinov2_vits14,all_minilm_l6_v2,baseline,cifar100_zeroshot,macro_f1,0.2242523130664663,2,/mnt/fast/nobackup/scratch4weeks/pp01184/alignment_vlm/checkpoints/dinov2_vits14_all_minilm_l6_v2_baseline/best.pt,full
dinov2_vits14__all_minilm_l6_v2__baseline,dinov2_vits14,all_minilm_l6_v2,baseline,cifar100_zeroshot,balanced_accuracy,0.2549,2,/mnt/fast/nobackup/scratch4weeks/pp01184/alignment_vlm/checkpoints/dinov2_vits14_all_minilm_l6_v2_baseline/best.pt,full
dinov2_vits14__all_minilm_l6_v2__baseline,dinov2_vits14,all_minilm_l6_v2,baseline,cifar100_zeroshot,mean_confidence,0.3979645371437073,2,/mnt/fast/nobackup/scratch4weeks/pp01184/alignment_vlm/checkpoints/dinov2_vits14_all_minilm_l6_v2_baseline/best.pt,full
dinov2_vits14__all_minilm_l6_v2__baseline,dinov2_vits14,all_minilm_l6_v2,baseline,cifar100_zeroshot,classification_margin,-0.073987953364849,2,/mnt/fast/nobackup/scratch4weeks/pp01184/alignment_vlm/checkpoints/dinov2_vits14_all_minilm_l6_v2_baseline/best.pt,full
dinov2_vits14__all_minilm_l6_v2__baseline,dinov2_vits14,all_minilm_l6_v2,baseline,cifar100_zeroshot,top1_margin,0.2579812407493591,2,/mnt/fast/nobackup/scratch4weeks/pp01184/alignment_vlm/checkpoints/dinov2_vits14_all_minilm_l6_v2_baseline/best.pt,full
dinov2_vits14__all_minilm_l6_v2__baseline,dinov2_vits14,all_minilm_l6_v2,baseline,pets_zeroshot,top1_accuracy,0.0621422715485096,2,/mnt/fast/nobackup/scratch4weeks/pp01184/alignment_vlm/checkpoints/dinov2_vits14_all_minilm_l6_v2_baseline/best.pt,full
dinov2_vits14__all_minilm_l6_v2__baseline,dinov2_vits14,all_minilm_l6_v2,baseline,pets_zeroshot,top5_accuracy,0.2352139502763748,2,/mnt/fast/nobackup/scratch4weeks/pp01184/alignment_vlm/checkpoints/dinov2_vits14_all_minilm_l6_v2_baseline/best.pt,full
dinov2_vits14__all_minilm_l6_v2__baseline,dinov2_vits14,all_minilm_l6_v2,baseline,pets_zeroshot,macro_f1,0.0350565991623523,2,/mnt/fast/nobackup/scratch4weeks/pp01184/alignment_vlm/checkpoints/dinov2_vits14_all_minilm_l6_v2_baseline/best.pt,full
dinov2_vits14__all_minilm_l6_v2__baseline,dinov2_vits14,all_minilm_l6_v2,baseline,pets_zeroshot,balanced_accuracy,0.0617218341937443,2,/mnt/fast/nobackup/scratch4weeks/pp01184/alignment_vlm/checkpoints/dinov2_vits14_all_minilm_l6_v2_baseline/best.pt,full
dinov2_vits14__all_minilm_l6_v2__baseline,dinov2_vits14,all_minilm_l6_v2,baseline,pets_zeroshot,mean_confidence,0.3013778626918793,2,/mnt/fast/nobackup/scratch4weeks/pp01184/alignment_vlm/checkpoints/dinov2_vits14_all_minilm_l6_v2_baseline/best.pt,full
dinov2_vits14__all_minilm_l6_v2__baseline,dinov2_vits14,all_minilm_l6_v2,baseline,pets_zeroshot,classification_margin,-0.2472536712884903,2,/mnt/fast/nobackup/scratch4weeks/pp01184/alignment_vlm/checkpoints/dinov2_vits14_all_minilm_l6_v2_baseline/best.pt,full
dinov2_vits14__all_minilm_l6_v2__baseline,dinov2_vits14,all_minilm_l6_v2,baseline,pets_zeroshot,top1_margin,0.1435649991035461,2,/mnt/fast/nobackup/scratch4weeks/pp01184/alignment_vlm/checkpoints/dinov2_vits14_all_minilm_l6_v2_baseline/best.pt,full
dinov2_vits14__all_minilm_l6_v2__baseline,dinov2_vits14,all_minilm_l6_v2,baseline,eurosat_zeroshot,top1_accuracy,0.2000740766525268,2,/mnt/fast/nobackup/scratch4weeks/pp01184/alignment_vlm/checkpoints/dinov2_vits14_all_minilm_l6_v2_baseline/best.pt,full
dinov2_vits14__all_minilm_l6_v2__baseline,dinov2_vits14,all_minilm_l6_v2,baseline,eurosat_zeroshot,top5_accuracy,0.6540740728378296,2,/mnt/fast/nobackup/scratch4weeks/pp01184/alignment_vlm/checkpoints/dinov2_vits14_all_minilm_l6_v2_baseline/best.pt,full
dinov2_vits14__all_minilm_l6_v2__baseline,dinov2_vits14,all_minilm_l6_v2,baseline,eurosat_zeroshot,macro_f1,0.1715170023164432,2,/mnt/fast/nobackup/scratch4weeks/pp01184/alignment_vlm/checkpoints/dinov2_vits14_all_minilm_l6_v2_baseline/best.pt,full
dinov2_vits14__all_minilm_l6_v2__baseline,dinov2_vits14,all_minilm_l6_v2,baseline,eurosat_zeroshot,balanced_accuracy,0.2072133333333333,2,/mnt/fast/nobackup/scratch4weeks/pp01184/alignment_vlm/checkpoints/dinov2_vits14_all_minilm_l6_v2_baseline/best.pt,full
dinov2_vits14__all_minilm_l6_v2__baseline,dinov2_vits14,all_minilm_l6_v2,baseline,eurosat_zeroshot,mean_confidence,0.4944417774677276,2,/mnt/fast/nobackup/scratch4weeks/pp01184/alignment_vlm/checkpoints/dinov2_vits14_all_minilm_l6_v2_baseline/best.pt,full
dinov2_vits14__all_minilm_l6_v2__baseline,dinov2_vits14,all_minilm_l6_v2,baseline,eurosat_zeroshot,classification_margin,-0.2485086321830749,2,/mnt/fast/nobackup/scratch4weeks/pp01184/alignment_vlm/checkpoints/dinov2_vits14_all_minilm_l6_v2_baseline/best.pt,full
dinov2_vits14__all_minilm_l6_v2__baseline,dinov2_vits14,all_minilm_l6_v2,baseline,eurosat_zeroshot,top1_margin,0.2863953709602356,2,/mnt/fast/nobackup/scratch4weeks/pp01184/alignment_vlm/checkpoints/dinov2_vits14_all_minilm_l6_v2_baseline/best.pt,full
dinov2_vits14__bge_small_en__baseline,dinov2_vits14,bge_small_en,baseline,coco_retrieval,coco5_i2t_R@1,0.1736000031232834,2,/mnt/fast/nobackup/scratch4weeks/pp01184/alignment_vlm/checkpoints/dinov2_vits14_bge_small_en_baseline/best.pt,full
dinov2_vits14__bge_small_en__baseline,dinov2_vits14,bge_small_en,baseline,coco_retrieval,coco5_i2t_R@5,0.4113999903202057,2,/mnt/fast/nobackup/scratch4weeks/pp01184/alignment_vlm/checkpoints/dinov2_vits14_bge_small_en_baseline/best.pt,full
dinov2_vits14__bge_small_en__baseline,dinov2_vits14,bge_small_en,baseline,coco_retrieval,coco5_i2t_R@10,0.5514000058174133,2,/mnt/fast/nobackup/scratch4weeks/pp01184/alignment_vlm/checkpoints/dinov2_vits14_bge_small_en_baseline/best.pt,full
dinov2_vits14__bge_small_en__baseline,dinov2_vits14,bge_small_en,baseline,coco_retrieval,coco5_mean_rank_i2t,30.292200088500977,2,/mnt/fast/nobackup/scratch4weeks/pp01184/alignment_vlm/checkpoints/dinov2_vits14_bge_small_en_baseline/best.pt,full
dinov2_vits14__bge_small_en__baseline,dinov2_vits14,bge_small_en,baseline,coco_retrieval,coco5_median_rank_i2t,8.0,2,/mnt/fast/nobackup/scratch4weeks/pp01184/alignment_vlm/checkpoints/dinov2_vits14_bge_small_en_baseline/best.pt,full
dinov2_vits14__bge_small_en__baseline,dinov2_vits14,bge_small_en,baseline,coco_retrieval,coco5_t2i_R@1,0.1506756246089935,2,/mnt/fast/nobackup/scratch4weeks/pp01184/alignment_vlm/checkpoints/dinov2_vits14_bge_small_en_baseline/best.pt,full
dinov2_vits14__bge_small_en__baseline,dinov2_vits14,bge_small_en,baseline,coco_retrieval,coco5_t2i_R@5,0.3891820609569549,2,/mnt/fast/nobackup/scratch4weeks/pp01184/alignment_vlm/checkpoints/dinov2_vits14_bge_small_en_baseline/best.pt,full
dinov2_vits14__bge_small_en__baseline,dinov2_vits14,bge_small_en,baseline,coco_retrieval,coco5_t2i_R@10,0.5285840034484863,2,/mnt/fast/nobackup/scratch4weeks/pp01184/alignment_vlm/checkpoints/dinov2_vits14_bge_small_en_baseline/best.pt,full
dinov2_vits14__bge_small_en__baseline,dinov2_vits14,bge_small_en,baseline,coco_retrieval,coco5_mean_rank_t2i,34.142921447753906,2,/mnt/fast/nobackup/scratch4weeks/pp01184/alignment_vlm/checkpoints/dinov2_vits14_bge_small_en_baseline/best.pt,full
dinov2_vits14__bge_small_en__baseline,dinov2_vits14,bge_small_en,baseline,coco_retrieval,coco5_median_rank_t2i,9.0,2,/mnt/fast/nobackup/scratch4weeks/pp01184/alignment_vlm/checkpoints/dinov2_vits14_bge_small_en_baseline/best.pt,full
dinov2_vits14__bge_small_en__baseline,dinov2_vits14,bge_small_en,baseline,coco_retrieval,coco5_num_image_queries,5000.0,2,/mnt/fast/nobackup/scratch4weeks/pp01184/alignment_vlm/checkpoints/dinov2_vits14_bge_small_en_baseline/best.pt,full
dinov2_vits14__bge_small_en__baseline,dinov2_vits14,bge_small_en,baseline,coco_retrieval,coco5_num_text_queries,25014.0,2,/mnt/fast/nobackup/scratch4weeks/pp01184/alignment_vlm/checkpoints/dinov2_vits14_bge_small_en_baseline/best.pt,full
dinov2_vits14__bge_small_en__baseline,dinov2_vits14,bge_small_en,baseline,cifar100_zeroshot,top1_accuracy,0.2644999921321869,2,/mnt/fast/nobackup/scratch4weeks/pp01184/alignment_vlm/checkpoints/dinov2_vits14_bge_small_en_baseline/best.pt,full
dinov2_vits14__bge_small_en__baseline,dinov2_vits14,bge_small_en,baseline,cifar100_zeroshot,top5_accuracy,0.489300012588501,2,/mnt/fast/nobackup/scratch4weeks/pp01184/alignment_vlm/checkpoints/dinov2_vits14_bge_small_en_baseline/best.pt,full
dinov2_vits14__bge_small_en__baseline,dinov2_vits14,bge_small_en,baseline,cifar100_zeroshot,macro_f1,0.2306989025276264,2,/mnt/fast/nobackup/scratch4weeks/pp01184/alignment_vlm/checkpoints/dinov2_vits14_bge_small_en_baseline/best.pt,full
dinov2_vits14__bge_small_en__baseline,dinov2_vits14,bge_small_en,baseline,cifar100_zeroshot,balanced_accuracy,0.2645,2,/mnt/fast/nobackup/scratch4weeks/pp01184/alignment_vlm/checkpoints/dinov2_vits14_bge_small_en_baseline/best.pt,full
dinov2_vits14__bge_small_en__baseline,dinov2_vits14,bge_small_en,baseline,cifar100_zeroshot,mean_confidence,0.3582866489887237,2,/mnt/fast/nobackup/scratch4weeks/pp01184/alignment_vlm/checkpoints/dinov2_vits14_bge_small_en_baseline/best.pt,full
dinov2_vits14__bge_small_en__baseline,dinov2_vits14,bge_small_en,baseline,cifar100_zeroshot,classification_margin,-0.0460420213639736,2,/mnt/fast/nobackup/scratch4weeks/pp01184/alignment_vlm/checkpoints/dinov2_vits14_bge_small_en_baseline/best.pt,full
dinov2_vits14__bge_small_en__baseline,dinov2_vits14,bge_small_en,baseline,cifar100_zeroshot,top1_margin,0.2247263491153717,2,/mnt/fast/nobackup/scratch4weeks/pp01184/alignment_vlm/checkpoints/dinov2_vits14_bge_small_en_baseline/best.pt,full
dinov2_vits14__bge_small_en__baseline,dinov2_vits14,bge_small_en,baseline,pets_zeroshot,top1_accuracy,0.0686835646629333,2,/mnt/fast/nobackup/scratch4weeks/pp01184/alignment_vlm/checkpoints/dinov2_vits14_bge_small_en_baseline/best.pt,full
dinov2_vits14__bge_small_en__baseline,dinov2_vits14,bge_small_en,baseline,pets_zeroshot,top5_accuracy,0.2848187386989593,2,/mnt/fast/nobackup/scratch4weeks/pp01184/alignment_vlm/checkpoints/dinov2_vits14_bge_small_en_baseline/best.pt,full
dinov2_vits14__bge_small_en__baseline,dinov2_vits14,bge_small_en,baseline,pets_zeroshot,macro_f1,0.0382059231486296,2,/mnt/fast/nobackup/scratch4weeks/pp01184/alignment_vlm/checkpoints/dinov2_vits14_bge_small_en_baseline/best.pt,full
dinov2_vits14__bge_small_en__baseline,dinov2_vits14,bge_small_en,baseline,pets_zeroshot,balanced_accuracy,0.0681408681408681,2,/mnt/fast/nobackup/scratch4weeks/pp01184/alignment_vlm/checkpoints/dinov2_vits14_bge_small_en_baseline/best.pt,full
dinov2_vits14__bge_small_en__baseline,dinov2_vits14,bge_small_en,baseline,pets_zeroshot,mean_confidence,0.2609091997146606,2,/mnt/fast/nobackup/scratch4weeks/pp01184/alignment_vlm/checkpoints/dinov2_vits14_bge_small_en_baseline/best.pt,full
dinov2_vits14__bge_small_en__baseline,dinov2_vits14,bge_small_en,baseline,pets_zeroshot,classification_margin,-0.2024186253547668,2,/mnt/fast/nobackup/scratch4weeks/pp01184/alignment_vlm/checkpoints/dinov2_vits14_bge_small_en_baseline/best.pt,full
dinov2_vits14__bge_small_en__baseline,dinov2_vits14,bge_small_en,baseline,pets_zeroshot,top1_margin,0.1093144044280052,2,/mnt/fast/nobackup/scratch4weeks/pp01184/alignment_vlm/checkpoints/dinov2_vits14_bge_small_en_baseline/best.pt,full
dinov2_vits14__bge_small_en__baseline,dinov2_vits14,bge_small_en,baseline,eurosat_zeroshot,top1_accuracy,0.2228888869285583,2,/mnt/fast/nobackup/scratch4weeks/pp01184/alignment_vlm/checkpoints/dinov2_vits14_bge_small_en_baseline/best.pt,full
dinov2_vits14__bge_small_en__baseline,dinov2_vits14,bge_small_en,baseline,eurosat_zeroshot,top5_accuracy,0.7444074153900146,2,/mnt/fast/nobackup/scratch4weeks/pp01184/alignment_vlm/checkpoints/dinov2_vits14_bge_small_en_baseline/best.pt,full
dinov2_vits14__bge_small_en__baseline,dinov2_vits14,bge_small_en,baseline,eurosat_zeroshot,macro_f1,0.1656228969975043,2,/mnt/fast/nobackup/scratch4weeks/pp01184/alignment_vlm/checkpoints/dinov2_vits14_bge_small_en_baseline/best.pt,full
dinov2_vits14__bge_small_en__baseline,dinov2_vits14,bge_small_en,baseline,eurosat_zeroshot,balanced_accuracy,0.2206199999999999,2,/mnt/fast/nobackup/scratch4weeks/pp01184/alignment_vlm/checkpoints/dinov2_vits14_bge_small_en_baseline/best.pt,full
dinov2_vits14__bge_small_en__baseline,dinov2_vits14,bge_small_en,baseline,eurosat_zeroshot,mean_confidence,0.543535053730011,2,/mnt/fast/nobackup/scratch4weeks/pp01184/alignment_vlm/checkpoints/dinov2_vits14_bge_small_en_baseline/best.pt,full
dinov2_vits14__bge_small_en__baseline,dinov2_vits14,bge_small_en,baseline,eurosat_zeroshot,classification_margin,-0.2562711536884308,2,/mnt/fast/nobackup/scratch4weeks/pp01184/alignment_vlm/checkpoints/dinov2_vits14_bge_small_en_baseline/best.pt,full
dinov2_vits14__bge_small_en__baseline,dinov2_vits14,bge_small_en,baseline,eurosat_zeroshot,top1_margin,0.348067432641983,2,/mnt/fast/nobackup/scratch4weeks/pp01184/alignment_vlm/checkpoints/dinov2_vits14_bge_small_en_baseline/best.pt,full
dinov2_vits14__distilbert__baseline,dinov2_vits14,distilbert,baseline,coco_retrieval,coco5_i2t_R@1,0.1324000060558319,1,/mnt/fast/nobackup/scratch4weeks/pp01184/alignment_vlm/checkpoints/dinov2_vits14_distilbert_baseline/best.pt,full
dinov2_vits14__distilbert__baseline,dinov2_vits14,distilbert,baseline,coco_retrieval,coco5_i2t_R@5,0.354200005531311,1,/mnt/fast/nobackup/scratch4weeks/pp01184/alignment_vlm/checkpoints/dinov2_vits14_distilbert_baseline/best.pt,full
dinov2_vits14__distilbert__baseline,dinov2_vits14,distilbert,baseline,coco_retrieval,coco5_i2t_R@10,0.4970000088214874,1,/mnt/fast/nobackup/scratch4weeks/pp01184/alignment_vlm/checkpoints/dinov2_vits14_distilbert_baseline/best.pt,full
dinov2_vits14__distilbert__baseline,dinov2_vits14,distilbert,baseline,coco_retrieval,coco5_mean_rank_i2t,34.848201751708984,1,/mnt/fast/nobackup/scratch4weeks/pp01184/alignment_vlm/checkpoints/dinov2_vits14_distilbert_baseline/best.pt,full
dinov2_vits14__distilbert__baseline,dinov2_vits14,distilbert,baseline,coco_retrieval,coco5_median_rank_i2t,11.0,1,/mnt/fast/nobackup/scratch4weeks/pp01184/alignment_vlm/checkpoints/dinov2_vits14_distilbert_baseline/best.pt,full
dinov2_vits14__distilbert__baseline,dinov2_vits14,distilbert,baseline,coco_retrieval,coco5_t2i_R@1,0.110458143055439,1,/mnt/fast/nobackup/scratch4weeks/pp01184/alignment_vlm/checkpoints/dinov2_vits14_distilbert_baseline/best.pt,full
dinov2_vits14__distilbert__baseline,dinov2_vits14,distilbert,baseline,coco_retrieval,coco5_t2i_R@5,0.3182617723941803,1,/mnt/fast/nobackup/scratch4weeks/pp01184/alignment_vlm/checkpoints/dinov2_vits14_distilbert_baseline/best.pt,full
dinov2_vits14__distilbert__baseline,dinov2_vits14,distilbert,baseline,coco_retrieval,coco5_t2i_R@10,0.4519469141960144,1,/mnt/fast/nobackup/scratch4weeks/pp01184/alignment_vlm/checkpoints/dinov2_vits14_distilbert_baseline/best.pt,full
dinov2_vits14__distilbert__baseline,dinov2_vits14,distilbert,baseline,coco_retrieval,coco5_mean_rank_t2i,45.239105224609375,1,/mnt/fast/nobackup/scratch4weeks/pp01184/alignment_vlm/checkpoints/dinov2_vits14_distilbert_baseline/best.pt,full
dinov2_vits14__distilbert__baseline,dinov2_vits14,distilbert,baseline,coco_retrieval,coco5_median_rank_t2i,13.0,1,/mnt/fast/nobackup/scratch4weeks/pp01184/alignment_vlm/checkpoints/dinov2_vits14_distilbert_baseline/best.pt,full
dinov2_vits14__distilbert__baseline,dinov2_vits14,distilbert,baseline,coco_retrieval,coco5_num_image_queries,5000.0,1,/mnt/fast/nobackup/scratch4weeks/pp01184/alignment_vlm/checkpoints/dinov2_vits14_distilbert_baseline/best.pt,full
dinov2_vits14__distilbert__baseline,dinov2_vits14,distilbert,baseline,coco_retrieval,coco5_num_text_queries,25014.0,1,/mnt/fast/nobackup/scratch4weeks/pp01184/alignment_vlm/checkpoints/dinov2_vits14_distilbert_baseline/best.pt,full
dinov2_vits14__distilbert__baseline,dinov2_vits14,distilbert,baseline,cifar100_zeroshot,top1_accuracy,0.2479999959468841,1,/mnt/fast/nobackup/scratch4weeks/pp01184/alignment_vlm/checkpoints/dinov2_vits14_distilbert_baseline/best.pt,full
dinov2_vits14__distilbert__baseline,dinov2_vits14,distilbert,baseline,cifar100_zeroshot,top5_accuracy,0.4963999986648559,1,/mnt/fast/nobackup/scratch4weeks/pp01184/alignment_vlm/checkpoints/dinov2_vits14_distilbert_baseline/best.pt,full
dinov2_vits14__distilbert__baseline,dinov2_vits14,distilbert,baseline,cifar100_zeroshot,macro_f1,0.2229672149654483,1,/mnt/fast/nobackup/scratch4weeks/pp01184/alignment_vlm/checkpoints/dinov2_vits14_distilbert_baseline/best.pt,full
dinov2_vits14__distilbert__baseline,dinov2_vits14,distilbert,baseline,cifar100_zeroshot,balanced_accuracy,0.248,1,/mnt/fast/nobackup/scratch4weeks/pp01184/alignment_vlm/checkpoints/dinov2_vits14_distilbert_baseline/best.pt,full
dinov2_vits14__distilbert__baseline,dinov2_vits14,distilbert,baseline,cifar100_zeroshot,mean_confidence,0.2725653052330017,1,/mnt/fast/nobackup/scratch4weeks/pp01184/alignment_vlm/checkpoints/dinov2_vits14_distilbert_baseline/best.pt,full
dinov2_vits14__distilbert__baseline,dinov2_vits14,distilbert,baseline,cifar100_zeroshot,classification_margin,-0.0466129928827285,1,/mnt/fast/nobackup/scratch4weeks/pp01184/alignment_vlm/checkpoints/dinov2_vits14_distilbert_baseline/best.pt,full
dinov2_vits14__distilbert__baseline,dinov2_vits14,distilbert,baseline,cifar100_zeroshot,top1_margin,0.1496458947658538,1,/mnt/fast/nobackup/scratch4weeks/pp01184/alignment_vlm/checkpoints/dinov2_vits14_distilbert_baseline/best.pt,full
dinov2_vits14__distilbert__baseline,dinov2_vits14,distilbert,baseline,pets_zeroshot,top1_accuracy,0.0457890443503856,1,/mnt/fast/nobackup/scratch4weeks/pp01184/alignment_vlm/checkpoints/dinov2_vits14_distilbert_baseline/best.pt,full
dinov2_vits14__distilbert__baseline,dinov2_vits14,distilbert,baseline,pets_zeroshot,top5_accuracy,0.1801580786705017,1,/mnt/fast/nobackup/scratch4weeks/pp01184/alignment_vlm/checkpoints/dinov2_vits14_distilbert_baseline/best.pt,full
dinov2_vits14__distilbert__baseline,dinov2_vits14,distilbert,baseline,pets_zeroshot,macro_f1,0.0259490700149117,1,/mnt/fast/nobackup/scratch4weeks/pp01184/alignment_vlm/checkpoints/dinov2_vits14_distilbert_baseline/best.pt,full
dinov2_vits14__distilbert__baseline,dinov2_vits14,distilbert,baseline,pets_zeroshot,balanced_accuracy,0.0454551896124929,1,/mnt/fast/nobackup/scratch4weeks/pp01184/alignment_vlm/checkpoints/dinov2_vits14_distilbert_baseline/best.pt,full
dinov2_vits14__distilbert__baseline,dinov2_vits14,distilbert,baseline,pets_zeroshot,mean_confidence,0.2141475975513458,1,/mnt/fast/nobackup/scratch4weeks/pp01184/alignment_vlm/checkpoints/dinov2_vits14_distilbert_baseline/best.pt,full
dinov2_vits14__distilbert__baseline,dinov2_vits14,distilbert,baseline,pets_zeroshot,classification_margin,-0.1756907254457473,1,/mnt/fast/nobackup/scratch4weeks/pp01184/alignment_vlm/checkpoints/dinov2_vits14_distilbert_baseline/best.pt,full
dinov2_vits14__distilbert__baseline,dinov2_vits14,distilbert,baseline,pets_zeroshot,top1_margin,0.0621149539947509,1,/mnt/fast/nobackup/scratch4weeks/pp01184/alignment_vlm/checkpoints/dinov2_vits14_distilbert_baseline/best.pt,full
dinov2_vits14__distilbert__baseline,dinov2_vits14,distilbert,baseline,eurosat_zeroshot,top1_accuracy,0.181999996304512,1,/mnt/fast/nobackup/scratch4weeks/pp01184/alignment_vlm/checkpoints/dinov2_vits14_distilbert_baseline/best.pt,full
dinov2_vits14__distilbert__baseline,dinov2_vits14,distilbert,baseline,eurosat_zeroshot,top5_accuracy,0.6955925822257996,1,/mnt/fast/nobackup/scratch4weeks/pp01184/alignment_vlm/checkpoints/dinov2_vits14_distilbert_baseline/best.pt,full
dinov2_vits14__distilbert__baseline,dinov2_vits14,distilbert,baseline,eurosat_zeroshot,macro_f1,0.1548655734200828,1,/mnt/fast/nobackup/scratch4weeks/pp01184/alignment_vlm/checkpoints/dinov2_vits14_distilbert_baseline/best.pt,full
dinov2_vits14__distilbert__baseline,dinov2_vits14,distilbert,baseline,eurosat_zeroshot,balanced_accuracy,0.1861733333333333,1,/mnt/fast/nobackup/scratch4weeks/pp01184/alignment_vlm/checkpoints/dinov2_vits14_distilbert_baseline/best.pt,full
dinov2_vits14__distilbert__baseline,dinov2_vits14,distilbert,baseline,eurosat_zeroshot,mean_confidence,0.4355001747608185,1,/mnt/fast/nobackup/scratch4weeks/pp01184/alignment_vlm/checkpoints/dinov2_vits14_distilbert_baseline/best.pt,full
dinov2_vits14__distilbert__baseline,dinov2_vits14,distilbert,baseline,eurosat_zeroshot,classification_margin,-0.2260521799325943,1,/mnt/fast/nobackup/scratch4weeks/pp01184/alignment_vlm/checkpoints/dinov2_vits14_distilbert_baseline/best.pt,full
dinov2_vits14__distilbert__baseline,dinov2_vits14,distilbert,baseline,eurosat_zeroshot,top1_margin,0.2323325723409652,1,/mnt/fast/nobackup/scratch4weeks/pp01184/alignment_vlm/checkpoints/dinov2_vits14_distilbert_baseline/best.pt,full
dinov2_vits14__e5_small_v2__baseline,dinov2_vits14,e5_small_v2,baseline,coco_retrieval,coco5_i2t_R@1,0.1622000038623809,1,/mnt/fast/nobackup/scratch4weeks/pp01184/alignment_vlm/checkpoints/dinov2_vits14_e5_small_v2_baseline/best.pt,full
dinov2_vits14__e5_small_v2__baseline,dinov2_vits14,e5_small_v2,baseline,coco_retrieval,coco5_i2t_R@5,0.401199996471405,1,/mnt/fast/nobackup/scratch4weeks/pp01184/alignment_vlm/checkpoints/dinov2_vits14_e5_small_v2_baseline/best.pt,full
dinov2_vits14__e5_small_v2__baseline,dinov2_vits14,e5_small_v2,baseline,coco_retrieval,coco5_i2t_R@10,0.5353999733924866,1,/mnt/fast/nobackup/scratch4weeks/pp01184/alignment_vlm/checkpoints/dinov2_vits14_e5_small_v2_baseline/best.pt,full
dinov2_vits14__e5_small_v2__baseline,dinov2_vits14,e5_small_v2,baseline,coco_retrieval,coco5_mean_rank_i2t,32.649200439453125,1,/mnt/fast/nobackup/scratch4weeks/pp01184/alignment_vlm/checkpoints/dinov2_vits14_e5_small_v2_baseline/best.pt,full
dinov2_vits14__e5_small_v2__baseline,dinov2_vits14,e5_small_v2,baseline,coco_retrieval,coco5_median_rank_i2t,9.0,1,/mnt/fast/nobackup/scratch4weeks/pp01184/alignment_vlm/checkpoints/dinov2_vits14_e5_small_v2_baseline/best.pt,full
dinov2_vits14__e5_small_v2__baseline,dinov2_vits14,e5_small_v2,baseline,coco_retrieval,coco5_t2i_R@1,0.1341648697853088,1,/mnt/fast/nobackup/scratch4weeks/pp01184/alignment_vlm/checkpoints/dinov2_vits14_e5_small_v2_baseline/best.pt,full
dinov2_vits14__e5_small_v2__baseline,dinov2_vits14,e5_small_v2,baseline,coco_retrieval,coco5_t2i_R@5,0.3575997352600097,1,/mnt/fast/nobackup/scratch4weeks/pp01184/alignment_vlm/checkpoints/dinov2_vits14_e5_small_v2_baseline/best.pt,full
dinov2_vits14__e5_small_v2__baseline,dinov2_vits14,e5_small_v2,baseline,coco_retrieval,coco5_t2i_R@10,0.495002806186676,1,/mnt/fast/nobackup/scratch4weeks/pp01184/alignment_vlm/checkpoints/dinov2_vits14_e5_small_v2_baseline/best.pt,full
dinov2_vits14__e5_small_v2__baseline,dinov2_vits14,e5_small_v2,baseline,coco_retrieval,coco5_mean_rank_t2i,38.37227249145508,1,/mnt/fast/nobackup/scratch4weeks/pp01184/alignment_vlm/checkpoints/dinov2_vits14_e5_small_v2_baseline/best.pt,full
dinov2_vits14__e5_small_v2__baseline,dinov2_vits14,e5_small_v2,baseline,coco_retrieval,coco5_median_rank_t2i,11.0,1,/mnt/fast/nobackup/scratch4weeks/pp01184/alignment_vlm/checkpoints/dinov2_vits14_e5_small_v2_baseline/best.pt,full
dinov2_vits14__e5_small_v2__baseline,dinov2_vits14,e5_small_v2,baseline,coco_retrieval,coco5_num_image_queries,5000.0,1,/mnt/fast/nobackup/scratch4weeks/pp01184/alignment_vlm/checkpoints/dinov2_vits14_e5_small_v2_baseline/best.pt,full
dinov2_vits14__e5_small_v2__baseline,dinov2_vits14,e5_small_v2,baseline,coco_retrieval,coco5_num_text_queries,25014.0,1,/mnt/fast/nobackup/scratch4weeks/pp01184/alignment_vlm/checkpoints/dinov2_vits14_e5_small_v2_baseline/best.pt,full
dinov2_vits14__e5_small_v2__baseline,dinov2_vits14,e5_small_v2,baseline,cifar100_zeroshot,top1_accuracy,0.2610000073909759,1,/mnt/fast/nobackup/scratch4weeks/pp01184/alignment_vlm/checkpoints/dinov2_vits14_e5_small_v2_baseline/best.pt,full
dinov2_vits14__e5_small_v2__baseline,dinov2_vits14,e5_small_v2,baseline,cifar100_zeroshot,top5_accuracy,0.5145999789237976,1,/mnt/fast/nobackup/scratch4weeks/pp01184/alignment_vlm/checkpoints/dinov2_vits14_e5_small_v2_baseline/best.pt,full
dinov2_vits14__e5_small_v2__baseline,dinov2_vits14,e5_small_v2,baseline,cifar100_zeroshot,macro_f1,0.2329222830779051,1,/mnt/fast/nobackup/scratch4weeks/pp01184/alignment_vlm/checkpoints/dinov2_vits14_e5_small_v2_baseline/best.pt,full
dinov2_vits14__e5_small_v2__baseline,dinov2_vits14,e5_small_v2,baseline,cifar100_zeroshot,balanced_accuracy,0.261,1,/mnt/fast/nobackup/scratch4weeks/pp01184/alignment_vlm/checkpoints/dinov2_vits14_e5_small_v2_baseline/best.pt,full
dinov2_vits14__e5_small_v2__baseline,dinov2_vits14,e5_small_v2,baseline,cifar100_zeroshot,mean_confidence,0.3138940632343292,1,/mnt/fast/nobackup/scratch4weeks/pp01184/alignment_vlm/checkpoints/dinov2_vits14_e5_small_v2_baseline/best.pt,full
dinov2_vits14__e5_small_v2__baseline,dinov2_vits14,e5_small_v2,baseline,cifar100_zeroshot,classification_margin,-0.0414693318307399,1,/mnt/fast/nobackup/scratch4weeks/pp01184/alignment_vlm/checkpoints/dinov2_vits14_e5_small_v2_baseline/best.pt,full
dinov2_vits14__e5_small_v2__baseline,dinov2_vits14,e5_small_v2,baseline,cifar100_zeroshot,top1_margin,0.1907611042261123,1,/mnt/fast/nobackup/scratch4weeks/pp01184/alignment_vlm/checkpoints/dinov2_vits14_e5_small_v2_baseline/best.pt,full
dinov2_vits14__e5_small_v2__baseline,dinov2_vits14,e5_small_v2,baseline,pets_zeroshot,top1_accuracy,0.0591441802680492,1,/mnt/fast/nobackup/scratch4weeks/pp01184/alignment_vlm/checkpoints/dinov2_vits14_e5_small_v2_baseline/best.pt,full
dinov2_vits14__e5_small_v2__baseline,dinov2_vits14,e5_small_v2,baseline,pets_zeroshot,top5_accuracy,0.2123194336891174,1,/mnt/fast/nobackup/scratch4weeks/pp01184/alignment_vlm/checkpoints/dinov2_vits14_e5_small_v2_baseline/best.pt,full
dinov2_vits14__e5_small_v2__baseline,dinov2_vits14,e5_small_v2,baseline,pets_zeroshot,macro_f1,0.0230305015074688,1,/mnt/fast/nobackup/scratch4weeks/pp01184/alignment_vlm/checkpoints/dinov2_vits14_e5_small_v2_baseline/best.pt,full
dinov2_vits14__e5_small_v2__baseline,dinov2_vits14,e5_small_v2,baseline,pets_zeroshot,balanced_accuracy,0.0587291070437137,1,/mnt/fast/nobackup/scratch4weeks/pp01184/alignment_vlm/checkpoints/dinov2_vits14_e5_small_v2_baseline/best.pt,full
dinov2_vits14__e5_small_v2__baseline,dinov2_vits14,e5_small_v2,baseline,pets_zeroshot,mean_confidence,0.2682656645774841,1,/mnt/fast/nobackup/scratch4weeks/pp01184/alignment_vlm/checkpoints/dinov2_vits14_e5_small_v2_baseline/best.pt,full
dinov2_vits14__e5_small_v2__baseline,dinov2_vits14,e5_small_v2,baseline,pets_zeroshot,classification_margin,-0.2081564217805862,1,/mnt/fast/nobackup/scratch4weeks/pp01184/alignment_vlm/checkpoints/dinov2_vits14_e5_small_v2_baseline/best.pt,full
dinov2_vits14__e5_small_v2__baseline,dinov2_vits14,e5_small_v2,baseline,pets_zeroshot,top1_margin,0.1136572808027267,1,/mnt/fast/nobackup/scratch4weeks/pp01184/alignment_vlm/checkpoints/dinov2_vits14_e5_small_v2_baseline/best.pt,full
dinov2_vits14__e5_small_v2__baseline,dinov2_vits14,e5_small_v2,baseline,eurosat_zeroshot,top1_accuracy,0.194740742444992,1,/mnt/fast/nobackup/scratch4weeks/pp01184/alignment_vlm/checkpoints/dinov2_vits14_e5_small_v2_baseline/best.pt,full
dinov2_vits14__e5_small_v2__baseline,dinov2_vits14,e5_small_v2,baseline,eurosat_zeroshot,top5_accuracy,0.6859259009361267,1,/mnt/fast/nobackup/scratch4weeks/pp01184/alignment_vlm/checkpoints/dinov2_vits14_e5_small_v2_baseline/best.pt,full
dinov2_vits14__e5_small_v2__baseline,dinov2_vits14,e5_small_v2,baseline,eurosat_zeroshot,macro_f1,0.1635656470453529,1,/mnt/fast/nobackup/scratch4weeks/pp01184/alignment_vlm/checkpoints/dinov2_vits14_e5_small_v2_baseline/best.pt,full
dinov2_vits14__e5_small_v2__baseline,dinov2_vits14,e5_small_v2,baseline,eurosat_zeroshot,balanced_accuracy,0.1904933333333333,1,/mnt/fast/nobackup/scratch4weeks/pp01184/alignment_vlm/checkpoints/dinov2_vits14_e5_small_v2_baseline/best.pt,full
dinov2_vits14__e5_small_v2__baseline,dinov2_vits14,e5_small_v2,baseline,eurosat_zeroshot,mean_confidence,0.4590775370597839,1,/mnt/fast/nobackup/scratch4weeks/pp01184/alignment_vlm/checkpoints/dinov2_vits14_e5_small_v2_baseline/best.pt,full
dinov2_vits14__e5_small_v2__baseline,dinov2_vits14,e5_small_v2,baseline,eurosat_zeroshot,classification_margin,-0.230595976114273,1,/mnt/fast/nobackup/scratch4weeks/pp01184/alignment_vlm/checkpoints/dinov2_vits14_e5_small_v2_baseline/best.pt,full
dinov2_vits14__e5_small_v2__baseline,dinov2_vits14,e5_small_v2,baseline,eurosat_zeroshot,top1_margin,0.2362978756427765,1,/mnt/fast/nobackup/scratch4weeks/pp01184/alignment_vlm/checkpoints/dinov2_vits14_e5_small_v2_baseline/best.pt,full
efficientnet_b0__all_minilm_l6_v2__baseline,efficientnet_b0,all_minilm_l6_v2,baseline,coco_retrieval,coco5_i2t_R@1,0.1164000034332275,2,/mnt/fast/nobackup/scratch4weeks/pp01184/alignment_vlm/checkpoints/efficientnet_b0_all_minilm_l6_v2_baseline/best.pt,full
efficientnet_b0__all_minilm_l6_v2__baseline,efficientnet_b0,all_minilm_l6_v2,baseline,coco_retrieval,coco5_i2t_R@5,0.324999988079071,2,/mnt/fast/nobackup/scratch4weeks/pp01184/alignment_vlm/checkpoints/efficientnet_b0_all_minilm_l6_v2_baseline/best.pt,full
efficientnet_b0__all_minilm_l6_v2__baseline,efficientnet_b0,all_minilm_l6_v2,baseline,coco_retrieval,coco5_i2t_R@10,0.4555999934673309,2,/mnt/fast/nobackup/scratch4weeks/pp01184/alignment_vlm/checkpoints/efficientnet_b0_all_minilm_l6_v2_baseline/best.pt,full
efficientnet_b0__all_minilm_l6_v2__baseline,efficientnet_b0,all_minilm_l6_v2,baseline,coco_retrieval,coco5_mean_rank_i2t,53.93280029296875,2,/mnt/fast/nobackup/scratch4weeks/pp01184/alignment_vlm/checkpoints/efficientnet_b0_all_minilm_l6_v2_baseline/best.pt,full
efficientnet_b0__all_minilm_l6_v2__baseline,efficientnet_b0,all_minilm_l6_v2,baseline,coco_retrieval,coco5_median_rank_i2t,13.0,2,/mnt/fast/nobackup/scratch4weeks/pp01184/alignment_vlm/checkpoints/efficientnet_b0_all_minilm_l6_v2_baseline/best.pt,full
efficientnet_b0__all_minilm_l6_v2__baseline,efficientnet_b0,all_minilm_l6_v2,baseline,coco_retrieval,coco5_t2i_R@1,0.098424881696701,2,/mnt/fast/nobackup/scratch4weeks/pp01184/alignment_vlm/checkpoints/efficientnet_b0_all_minilm_l6_v2_baseline/best.pt,full
efficientnet_b0__all_minilm_l6_v2__baseline,efficientnet_b0,all_minilm_l6_v2,baseline,coco_retrieval,coco5_t2i_R@5,0.2955944538116455,2,/mnt/fast/nobackup/scratch4weeks/pp01184/alignment_vlm/checkpoints/efficientnet_b0_all_minilm_l6_v2_baseline/best.pt,full
efficientnet_b0__all_minilm_l6_v2__baseline,efficientnet_b0,all_minilm_l6_v2,baseline,coco_retrieval,coco5_t2i_R@10,0.4278004169464111,2,/mnt/fast/nobackup/scratch4weeks/pp01184/alignment_vlm/checkpoints/efficientnet_b0_all_minilm_l6_v2_baseline/best.pt,full
efficientnet_b0__all_minilm_l6_v2__baseline,efficientnet_b0,all_minilm_l6_v2,baseline,coco_retrieval,coco5_mean_rank_t2i,48.4301986694336,2,/mnt/fast/nobackup/scratch4weeks/pp01184/alignment_vlm/checkpoints/efficientnet_b0_all_minilm_l6_v2_baseline/best.pt,full
efficientnet_b0__all_minilm_l6_v2__baseline,efficientnet_b0,all_minilm_l6_v2,baseline,coco_retrieval,coco5_median_rank_t2i,15.0,2,/mnt/fast/nobackup/scratch4weeks/pp01184/alignment_vlm/checkpoints/efficientnet_b0_all_minilm_l6_v2_baseline/best.pt,full
efficientnet_b0__all_minilm_l6_v2__baseline,efficientnet_b0,all_minilm_l6_v2,baseline,coco_retrieval,coco5_num_image_queries,5000.0,2,/mnt/fast/nobackup/scratch4weeks/pp01184/alignment_vlm/checkpoints/efficientnet_b0_all_minilm_l6_v2_baseline/best.pt,full
efficientnet_b0__all_minilm_l6_v2__baseline,efficientnet_b0,all_minilm_l6_v2,baseline,coco_retrieval,coco5_num_text_queries,25014.0,2,/mnt/fast/nobackup/scratch4weeks/pp01184/alignment_vlm/checkpoints/efficientnet_b0_all_minilm_l6_v2_baseline/best.pt,full
efficientnet_b0__all_minilm_l6_v2__baseline,efficientnet_b0,all_minilm_l6_v2,baseline,cifar100_zeroshot,top1_accuracy,0.1807000041007995,2,/mnt/fast/nobackup/scratch4weeks/pp01184/alignment_vlm/checkpoints/efficientnet_b0_all_minilm_l6_v2_baseline/best.pt,full
efficientnet_b0__all_minilm_l6_v2__baseline,efficientnet_b0,all_minilm_l6_v2,baseline,cifar100_zeroshot,top5_accuracy,0.4235999882221222,2,/mnt/fast/nobackup/scratch4weeks/pp01184/alignment_vlm/checkpoints/efficientnet_b0_all_minilm_l6_v2_baseline/best.pt,full
efficientnet_b0__all_minilm_l6_v2__baseline,efficientnet_b0,all_minilm_l6_v2,baseline,cifar100_zeroshot,macro_f1,0.1505054651077171,2,/mnt/fast/nobackup/scratch4weeks/pp01184/alignment_vlm/checkpoints/efficientnet_b0_all_minilm_l6_v2_baseline/best.pt,full
efficientnet_b0__all_minilm_l6_v2__baseline,efficientnet_b0,all_minilm_l6_v2,baseline,cifar100_zeroshot,balanced_accuracy,0.1806999999999999,2,/mnt/fast/nobackup/scratch4weeks/pp01184/alignment_vlm/checkpoints/efficientnet_b0_all_minilm_l6_v2_baseline/best.pt,full
efficientnet_b0__all_minilm_l6_v2__baseline,efficientnet_b0,all_minilm_l6_v2,baseline,cifar100_zeroshot,mean_confidence,0.3591206669807434,2,/mnt/fast/nobackup/scratch4weeks/pp01184/alignment_vlm/checkpoints/efficientnet_b0_all_minilm_l6_v2_baseline/best.pt,full
efficientnet_b0__all_minilm_l6_v2__baseline,efficientnet_b0,all_minilm_l6_v2,baseline,cifar100_zeroshot,classification_margin,-0.141968086361885,2,/mnt/fast/nobackup/scratch4weeks/pp01184/alignment_vlm/checkpoints/efficientnet_b0_all_minilm_l6_v2_baseline/best.pt,full
efficientnet_b0__all_minilm_l6_v2__baseline,efficientnet_b0,all_minilm_l6_v2,baseline,cifar100_zeroshot,top1_margin,0.2214287370443344,2,/mnt/fast/nobackup/scratch4weeks/pp01184/alignment_vlm/checkpoints/efficientnet_b0_all_minilm_l6_v2_baseline/best.pt,full
efficientnet_b0__all_minilm_l6_v2__baseline,efficientnet_b0,all_minilm_l6_v2,baseline,pets_zeroshot,top1_accuracy,0.0359771065413951,2,/mnt/fast/nobackup/scratch4weeks/pp01184/alignment_vlm/checkpoints/efficientnet_b0_all_minilm_l6_v2_baseline/best.pt,full
efficientnet_b0__all_minilm_l6_v2__baseline,efficientnet_b0,all_minilm_l6_v2,baseline,pets_zeroshot,top5_accuracy,0.2035977095365524,2,/mnt/fast/nobackup/scratch4weeks/pp01184/alignment_vlm/checkpoints/efficientnet_b0_all_minilm_l6_v2_baseline/best.pt,full
efficientnet_b0__all_minilm_l6_v2__baseline,efficientnet_b0,all_minilm_l6_v2,baseline,pets_zeroshot,macro_f1,0.0262473579264589,2,/mnt/fast/nobackup/scratch4weeks/pp01184/alignment_vlm/checkpoints/efficientnet_b0_all_minilm_l6_v2_baseline/best.pt,full
efficientnet_b0__all_minilm_l6_v2__baseline,efficientnet_b0,all_minilm_l6_v2,baseline,pets_zeroshot,balanced_accuracy,0.0357949982669083,2,/mnt/fast/nobackup/scratch4weeks/pp01184/alignment_vlm/checkpoints/efficientnet_b0_all_minilm_l6_v2_baseline/best.pt,full
efficientnet_b0__all_minilm_l6_v2__baseline,efficientnet_b0,all_minilm_l6_v2,baseline,pets_zeroshot,mean_confidence,0.260783314704895,2,/mnt/fast/nobackup/scratch4weeks/pp01184/alignment_vlm/checkpoints/efficientnet_b0_all_minilm_l6_v2_baseline/best.pt,full
efficientnet_b0__all_minilm_l6_v2__baseline,efficientnet_b0,all_minilm_l6_v2,baseline,pets_zeroshot,classification_margin,-0.2213435769081115,2,/mnt/fast/nobackup/scratch4weeks/pp01184/alignment_vlm/checkpoints/efficientnet_b0_all_minilm_l6_v2_baseline/best.pt,full
efficientnet_b0__all_minilm_l6_v2__baseline,efficientnet_b0,all_minilm_l6_v2,baseline,pets_zeroshot,top1_margin,0.1173136904835701,2,/mnt/fast/nobackup/scratch4weeks/pp01184/alignment_vlm/checkpoints/efficientnet_b0_all_minilm_l6_v2_baseline/best.pt,full
efficientnet_b0__all_minilm_l6_v2__baseline,efficientnet_b0,all_minilm_l6_v2,baseline,eurosat_zeroshot,top1_accuracy,0.1504444479942321,2,/mnt/fast/nobackup/scratch4weeks/pp01184/alignment_vlm/checkpoints/efficientnet_b0_all_minilm_l6_v2_baseline/best.pt,full
efficientnet_b0__all_minilm_l6_v2__baseline,efficientnet_b0,all_minilm_l6_v2,baseline,eurosat_zeroshot,top5_accuracy,0.6208518743515015,2,/mnt/fast/nobackup/scratch4weeks/pp01184/alignment_vlm/checkpoints/efficientnet_b0_all_minilm_l6_v2_baseline/best.pt,full
efficientnet_b0__all_minilm_l6_v2__baseline,efficientnet_b0,all_minilm_l6_v2,baseline,eurosat_zeroshot,macro_f1,0.134477859391348,2,/mnt/fast/nobackup/scratch4weeks/pp01184/alignment_vlm/checkpoints/efficientnet_b0_all_minilm_l6_v2_baseline/best.pt,full
efficientnet_b0__all_minilm_l6_v2__baseline,efficientnet_b0,all_minilm_l6_v2,baseline,eurosat_zeroshot,balanced_accuracy,0.1510233333333333,2,/mnt/fast/nobackup/scratch4weeks/pp01184/alignment_vlm/checkpoints/efficientnet_b0_all_minilm_l6_v2_baseline/best.pt,full
efficientnet_b0__all_minilm_l6_v2__baseline,efficientnet_b0,all_minilm_l6_v2,baseline,eurosat_zeroshot,mean_confidence,0.5308801531791687,2,/mnt/fast/nobackup/scratch4weeks/pp01184/alignment_vlm/checkpoints/efficientnet_b0_all_minilm_l6_v2_baseline/best.pt,full
efficientnet_b0__all_minilm_l6_v2__baseline,efficientnet_b0,all_minilm_l6_v2,baseline,eurosat_zeroshot,classification_margin,-0.3290617167949676,2,/mnt/fast/nobackup/scratch4weeks/pp01184/alignment_vlm/checkpoints/efficientnet_b0_all_minilm_l6_v2_baseline/best.pt,full
efficientnet_b0__all_minilm_l6_v2__baseline,efficientnet_b0,all_minilm_l6_v2,baseline,eurosat_zeroshot,top1_margin,0.3164772987365722,2,/mnt/fast/nobackup/scratch4weeks/pp01184/alignment_vlm/checkpoints/efficientnet_b0_all_minilm_l6_v2_baseline/best.pt,full
efficientnet_b0__distilbert__baseline,efficientnet_b0,distilbert,baseline,coco_retrieval,coco5_i2t_R@1,0.068400003015995,1,/mnt/fast/nobackup/scratch4weeks/pp01184/alignment_vlm/checkpoints/efficientnet_b0_distilbert_baseline/best.pt,full
efficientnet_b0__distilbert__baseline,efficientnet_b0,distilbert,baseline,coco_retrieval,coco5_i2t_R@5,0.202000007033348,1,/mnt/fast/nobackup/scratch4weeks/pp01184/alignment_vlm/checkpoints/efficientnet_b0_distilbert_baseline/best.pt,full
efficientnet_b0__distilbert__baseline,efficientnet_b0,distilbert,baseline,coco_retrieval,coco5_i2t_R@10,0.3172000050544739,1,/mnt/fast/nobackup/scratch4weeks/pp01184/alignment_vlm/checkpoints/efficientnet_b0_distilbert_baseline/best.pt,full
efficientnet_b0__distilbert__baseline,efficientnet_b0,distilbert,baseline,coco_retrieval,coco5_mean_rank_i2t,88.03199768066406,1,/mnt/fast/nobackup/scratch4weeks/pp01184/alignment_vlm/checkpoints/efficientnet_b0_distilbert_baseline/best.pt,full
efficientnet_b0__distilbert__baseline,efficientnet_b0,distilbert,baseline,coco_retrieval,coco5_median_rank_i2t,26.0,1,/mnt/fast/nobackup/scratch4weeks/pp01184/alignment_vlm/checkpoints/efficientnet_b0_distilbert_baseline/best.pt,full
efficientnet_b0__distilbert__baseline,efficientnet_b0,distilbert,baseline,coco_retrieval,coco5_t2i_R@1,0.0594067312777042,1,/mnt/fast/nobackup/scratch4weeks/pp01184/alignment_vlm/checkpoints/efficientnet_b0_distilbert_baseline/best.pt,full
efficientnet_b0__distilbert__baseline,efficientnet_b0,distilbert,baseline,coco_retrieval,coco5_t2i_R@5,0.1935316175222396,1,/mnt/fast/nobackup/scratch4weeks/pp01184/alignment_vlm/checkpoints/efficientnet_b0_distilbert_baseline/best.pt,full
efficientnet_b0__distilbert__baseline,efficientnet_b0,distilbert,baseline,coco_retrieval,coco5_t2i_R@10,0.2999520301818847,1,/mnt/fast/nobackup/scratch4weeks/pp01184/alignment_vlm/checkpoints/efficientnet_b0_distilbert_baseline/best.pt,full
efficientnet_b0__distilbert__baseline,efficientnet_b0,distilbert,baseline,coco_retrieval,coco5_mean_rank_t2i,71.72119903564453,1,/mnt/fast/nobackup/scratch4weeks/pp01184/alignment_vlm/checkpoints/efficientnet_b0_distilbert_baseline/best.pt,full
efficientnet_b0__distilbert__baseline,efficientnet_b0,distilbert,baseline,coco_retrieval,coco5_median_rank_t2i,26.0,1,/mnt/fast/nobackup/scratch4weeks/pp01184/alignment_vlm/checkpoints/efficientnet_b0_distilbert_baseline/best.pt,full
efficientnet_b0__distilbert__baseline,efficientnet_b0,distilbert,baseline,coco_retrieval,coco5_num_image_queries,5000.0,1,/mnt/fast/nobackup/scratch4weeks/pp01184/alignment_vlm/checkpoints/efficientnet_b0_distilbert_baseline/best.pt,full
efficientnet_b0__distilbert__baseline,efficientnet_b0,distilbert,baseline,coco_retrieval,coco5_num_text_queries,25014.0,1,/mnt/fast/nobackup/scratch4weeks/pp01184/alignment_vlm/checkpoints/efficientnet_b0_distilbert_baseline/best.pt,full
efficientnet_b0__distilbert__baseline,efficientnet_b0,distilbert,baseline,cifar100_zeroshot,top1_accuracy,0.1662999987602234,1,/mnt/fast/nobackup/scratch4weeks/pp01184/alignment_vlm/checkpoints/efficientnet_b0_distilbert_baseline/best.pt,full
efficientnet_b0__distilbert__baseline,efficientnet_b0,distilbert,baseline,cifar100_zeroshot,top5_accuracy,0.4199000000953674,1,/mnt/fast/nobackup/scratch4weeks/pp01184/alignment_vlm/checkpoints/efficientnet_b0_distilbert_baseline/best.pt,full
efficientnet_b0__distilbert__baseline,efficientnet_b0,distilbert,baseline,cifar100_zeroshot,macro_f1,0.1243175470278953,1,/mnt/fast/nobackup/scratch4weeks/pp01184/alignment_vlm/checkpoints/efficientnet_b0_distilbert_baseline/best.pt,full
efficientnet_b0__distilbert__baseline,efficientnet_b0,distilbert,baseline,cifar100_zeroshot,balanced_accuracy,0.1662999999999999,1,/mnt/fast/nobackup/scratch4weeks/pp01184/alignment_vlm/checkpoints/efficientnet_b0_distilbert_baseline/best.pt,full
efficientnet_b0__distilbert__baseline,efficientnet_b0,distilbert,baseline,cifar100_zeroshot,mean_confidence,0.2983100712299347,1,/mnt/fast/nobackup/scratch4weeks/pp01184/alignment_vlm/checkpoints/efficientnet_b0_distilbert_baseline/best.pt,full
efficientnet_b0__distilbert__baseline,efficientnet_b0,distilbert,baseline,cifar100_zeroshot,classification_margin,-0.1329071223735809,1,/mnt/fast/nobackup/scratch4weeks/pp01184/alignment_vlm/checkpoints/efficientnet_b0_distilbert_baseline/best.pt,full
efficientnet_b0__distilbert__baseline,efficientnet_b0,distilbert,baseline,cifar100_zeroshot,top1_margin,0.1691534519195556,1,/mnt/fast/nobackup/scratch4weeks/pp01184/alignment_vlm/checkpoints/efficientnet_b0_distilbert_baseline/best.pt,full
efficientnet_b0__distilbert__baseline,efficientnet_b0,distilbert,baseline,pets_zeroshot,top1_accuracy,0.0212591979652643,1,/mnt/fast/nobackup/scratch4weeks/pp01184/alignment_vlm/checkpoints/efficientnet_b0_distilbert_baseline/best.pt,full
efficientnet_b0__distilbert__baseline,efficientnet_b0,distilbert,baseline,pets_zeroshot,top5_accuracy,0.157536119222641,1,/mnt/fast/nobackup/scratch4weeks/pp01184/alignment_vlm/checkpoints/efficientnet_b0_distilbert_baseline/best.pt,full
efficientnet_b0__distilbert__baseline,efficientnet_b0,distilbert,baseline,pets_zeroshot,macro_f1,0.0094033460801759,1,/mnt/fast/nobackup/scratch4weeks/pp01184/alignment_vlm/checkpoints/efficientnet_b0_distilbert_baseline/best.pt,full
efficientnet_b0__distilbert__baseline,efficientnet_b0,distilbert,baseline,pets_zeroshot,balanced_accuracy,0.0211658800318594,1,/mnt/fast/nobackup/scratch4weeks/pp01184/alignment_vlm/checkpoints/efficientnet_b0_distilbert_baseline/best.pt,full
efficientnet_b0__distilbert__baseline,efficientnet_b0,distilbert,baseline,pets_zeroshot,mean_confidence,0.2531689703464508,1,/mnt/fast/nobackup/scratch4weeks/pp01184/alignment_vlm/checkpoints/efficientnet_b0_distilbert_baseline/best.pt,full
efficientnet_b0__distilbert__baseline,efficientnet_b0,distilbert,baseline,pets_zeroshot,classification_margin,-0.2194992750883102,1,/mnt/fast/nobackup/scratch4weeks/pp01184/alignment_vlm/checkpoints/efficientnet_b0_distilbert_baseline/best.pt,full
efficientnet_b0__distilbert__baseline,efficientnet_b0,distilbert,baseline,pets_zeroshot,top1_margin,0.0915486887097358,1,/mnt/fast/nobackup/scratch4weeks/pp01184/alignment_vlm/checkpoints/efficientnet_b0_distilbert_baseline/best.pt,full
efficientnet_b0__distilbert__baseline,efficientnet_b0,distilbert,baseline,eurosat_zeroshot,top1_accuracy,0.1949629634618759,1,/mnt/fast/nobackup/scratch4weeks/pp01184/alignment_vlm/checkpoints/efficientnet_b0_distilbert_baseline/best.pt,full
efficientnet_b0__distilbert__baseline,efficientnet_b0,distilbert,baseline,eurosat_zeroshot,top5_accuracy,0.6496296525001526,1,/mnt/fast/nobackup/scratch4weeks/pp01184/alignment_vlm/checkpoints/efficientnet_b0_distilbert_baseline/best.pt,full
efficientnet_b0__distilbert__baseline,efficientnet_b0,distilbert,baseline,eurosat_zeroshot,macro_f1,0.1339049166705015,1,/mnt/fast/nobackup/scratch4weeks/pp01184/alignment_vlm/checkpoints/efficientnet_b0_distilbert_baseline/best.pt,full
efficientnet_b0__distilbert__baseline,efficientnet_b0,distilbert,baseline,eurosat_zeroshot,balanced_accuracy,0.1894866666666666,1,/mnt/fast/nobackup/scratch4weeks/pp01184/alignment_vlm/checkpoints/efficientnet_b0_distilbert_baseline/best.pt,full
efficientnet_b0__distilbert__baseline,efficientnet_b0,distilbert,baseline,eurosat_zeroshot,mean_confidence,0.5553956031799316,1,/mnt/fast/nobackup/scratch4weeks/pp01184/alignment_vlm/checkpoints/efficientnet_b0_distilbert_baseline/best.pt,full
efficientnet_b0__distilbert__baseline,efficientnet_b0,distilbert,baseline,eurosat_zeroshot,classification_margin,-0.3086111843585968,1,/mnt/fast/nobackup/scratch4weeks/pp01184/alignment_vlm/checkpoints/efficientnet_b0_distilbert_baseline/best.pt,full
efficientnet_b0__distilbert__baseline,efficientnet_b0,distilbert,baseline,eurosat_zeroshot,top1_margin,0.3534916937351227,1,/mnt/fast/nobackup/scratch4weeks/pp01184/alignment_vlm/checkpoints/efficientnet_b0_distilbert_baseline/best.pt,full
efficientnet_b0__e5_small_v2__baseline,efficientnet_b0,e5_small_v2,baseline,coco_retrieval,coco5_i2t_R@1,0.0997999981045723,1,/mnt/fast/nobackup/scratch4weeks/pp01184/alignment_vlm/checkpoints/efficientnet_b0_e5_small_v2_baseline/best.pt,full
efficientnet_b0__e5_small_v2__baseline,efficientnet_b0,e5_small_v2,baseline,coco_retrieval,coco5_i2t_R@5,0.2793999910354614,1,/mnt/fast/nobackup/scratch4weeks/pp01184/alignment_vlm/checkpoints/efficientnet_b0_e5_small_v2_baseline/best.pt,full
efficientnet_b0__e5_small_v2__baseline,efficientnet_b0,e5_small_v2,baseline,coco_retrieval,coco5_i2t_R@10,0.3880000114440918,1,/mnt/fast/nobackup/scratch4weeks/pp01184/alignment_vlm/checkpoints/efficientnet_b0_e5_small_v2_baseline/best.pt,full
efficientnet_b0__e5_small_v2__baseline,efficientnet_b0,e5_small_v2,baseline,coco_retrieval,coco5_mean_rank_i2t,70.32499694824219,1,/mnt/fast/nobackup/scratch4weeks/pp01184/alignment_vlm/checkpoints/efficientnet_b0_e5_small_v2_baseline/best.pt,full
efficientnet_b0__e5_small_v2__baseline,efficientnet_b0,e5_small_v2,baseline,coco_retrieval,coco5_median_rank_i2t,18.0,1,/mnt/fast/nobackup/scratch4weeks/pp01184/alignment_vlm/checkpoints/efficientnet_b0_e5_small_v2_baseline/best.pt,full
efficientnet_b0__e5_small_v2__baseline,efficientnet_b0,e5_small_v2,baseline,coco_retrieval,coco5_t2i_R@1,0.0812345072627067,1,/mnt/fast/nobackup/scratch4weeks/pp01184/alignment_vlm/checkpoints/efficientnet_b0_e5_small_v2_baseline/best.pt,full
efficientnet_b0__e5_small_v2__baseline,efficientnet_b0,e5_small_v2,baseline,coco_retrieval,coco5_t2i_R@5,0.2410650104284286,1,/mnt/fast/nobackup/scratch4weeks/pp01184/alignment_vlm/checkpoints/efficientnet_b0_e5_small_v2_baseline/best.pt,full
efficientnet_b0__e5_small_v2__baseline,efficientnet_b0,e5_small_v2,baseline,coco_retrieval,coco5_t2i_R@10,0.3572799265384674,1,/mnt/fast/nobackup/scratch4weeks/pp01184/alignment_vlm/checkpoints/efficientnet_b0_e5_small_v2_baseline/best.pt,full
efficientnet_b0__e5_small_v2__baseline,efficientnet_b0,e5_small_v2,baseline,coco_retrieval,coco5_mean_rank_t2i,57.453704833984375,1,/mnt/fast/nobackup/scratch4weeks/pp01184/alignment_vlm/checkpoints/efficientnet_b0_e5_small_v2_baseline/best.pt,full
efficientnet_b0__e5_small_v2__baseline,efficientnet_b0,e5_small_v2,baseline,coco_retrieval,coco5_median_rank_t2i,20.0,1,/mnt/fast/nobackup/scratch4weeks/pp01184/alignment_vlm/checkpoints/efficientnet_b0_e5_small_v2_baseline/best.pt,full
efficientnet_b0__e5_small_v2__baseline,efficientnet_b0,e5_small_v2,baseline,coco_retrieval,coco5_num_image_queries,5000.0,1,/mnt/fast/nobackup/scratch4weeks/pp01184/alignment_vlm/checkpoints/efficientnet_b0_e5_small_v2_baseline/best.pt,full
efficientnet_b0__e5_small_v2__baseline,efficientnet_b0,e5_small_v2,baseline,coco_retrieval,coco5_num_text_queries,25014.0,1,/mnt/fast/nobackup/scratch4weeks/pp01184/alignment_vlm/checkpoints/efficientnet_b0_e5_small_v2_baseline/best.pt,full
efficientnet_b0__e5_small_v2__baseline,efficientnet_b0,e5_small_v2,baseline,cifar100_zeroshot,top1_accuracy,0.1731999963521957,1,/mnt/fast/nobackup/scratch4weeks/pp01184/alignment_vlm/checkpoints/efficientnet_b0_e5_small_v2_baseline/best.pt,full
efficientnet_b0__e5_small_v2__baseline,efficientnet_b0,e5_small_v2,baseline,cifar100_zeroshot,top5_accuracy,0.4050000011920929,1,/mnt/fast/nobackup/scratch4weeks/pp01184/alignment_vlm/checkpoints/efficientnet_b0_e5_small_v2_baseline/best.pt,full
efficientnet_b0__e5_small_v2__baseline,efficientnet_b0,e5_small_v2,baseline,cifar100_zeroshot,macro_f1,0.1526171252971534,1,/mnt/fast/nobackup/scratch4weeks/pp01184/alignment_vlm/checkpoints/efficientnet_b0_e5_small_v2_baseline/best.pt,full
efficientnet_b0__e5_small_v2__baseline,efficientnet_b0,e5_small_v2,baseline,cifar100_zeroshot,balanced_accuracy,0.1731999999999999,1,/mnt/fast/nobackup/scratch4weeks/pp01184/alignment_vlm/checkpoints/efficientnet_b0_e5_small_v2_baseline/best.pt,full
efficientnet_b0__e5_small_v2__baseline,efficientnet_b0,e5_small_v2,baseline,cifar100_zeroshot,mean_confidence,0.2543544173240661,1,/mnt/fast/nobackup/scratch4weeks/pp01184/alignment_vlm/checkpoints/efficientnet_b0_e5_small_v2_baseline/best.pt,full
efficientnet_b0__e5_small_v2__baseline,efficientnet_b0,e5_small_v2,baseline,cifar100_zeroshot,classification_margin,-0.0928475633263588,1,/mnt/fast/nobackup/scratch4weeks/pp01184/alignment_vlm/checkpoints/efficientnet_b0_e5_small_v2_baseline/best.pt,full
efficientnet_b0__e5_small_v2__baseline,efficientnet_b0,e5_small_v2,baseline,cifar100_zeroshot,top1_margin,0.1371093243360519,1,/mnt/fast/nobackup/scratch4weeks/pp01184/alignment_vlm/checkpoints/efficientnet_b0_e5_small_v2_baseline/best.pt,full
efficientnet_b0__e5_small_v2__baseline,efficientnet_b0,e5_small_v2,baseline,pets_zeroshot,top1_accuracy,0.0337966755032539,1,/mnt/fast/nobackup/scratch4weeks/pp01184/alignment_vlm/checkpoints/efficientnet_b0_e5_small_v2_baseline/best.pt,full
efficientnet_b0__e5_small_v2__baseline,efficientnet_b0,e5_small_v2,baseline,pets_zeroshot,top5_accuracy,0.2046879231929779,1,/mnt/fast/nobackup/scratch4weeks/pp01184/alignment_vlm/checkpoints/efficientnet_b0_e5_small_v2_baseline/best.pt,full
efficientnet_b0__e5_small_v2__baseline,efficientnet_b0,e5_small_v2,baseline,pets_zeroshot,macro_f1,0.023688272670196,1,/mnt/fast/nobackup/scratch4weeks/pp01184/alignment_vlm/checkpoints/efficientnet_b0_e5_small_v2_baseline/best.pt,full
efficientnet_b0__e5_small_v2__baseline,efficientnet_b0,e5_small_v2,baseline,pets_zeroshot,balanced_accuracy,0.0344154266626176,1,/mnt/fast/nobackup/scratch4weeks/pp01184/alignment_vlm/checkpoints/efficientnet_b0_e5_small_v2_baseline/best.pt,full
efficientnet_b0__e5_small_v2__baseline,efficientnet_b0,e5_small_v2,baseline,pets_zeroshot,mean_confidence,0.1993028968572616,1,/mnt/fast/nobackup/scratch4weeks/pp01184/alignment_vlm/checkpoints/efficientnet_b0_e5_small_v2_baseline/best.pt,full
efficientnet_b0__e5_small_v2__baseline,efficientnet_b0,e5_small_v2,baseline,pets_zeroshot,classification_margin,-0.1625537127256393,1,/mnt/fast/nobackup/scratch4weeks/pp01184/alignment_vlm/checkpoints/efficientnet_b0_e5_small_v2_baseline/best.pt,full
efficientnet_b0__e5_small_v2__baseline,efficientnet_b0,e5_small_v2,baseline,pets_zeroshot,top1_margin,0.0797610953450203,1,/mnt/fast/nobackup/scratch4weeks/pp01184/alignment_vlm/checkpoints/efficientnet_b0_e5_small_v2_baseline/best.pt,full
efficientnet_b0__e5_small_v2__baseline,efficientnet_b0,e5_small_v2,baseline,eurosat_zeroshot,top1_accuracy,0.1882222294807434,1,/mnt/fast/nobackup/scratch4weeks/pp01184/alignment_vlm/checkpoints/efficientnet_b0_e5_small_v2_baseline/best.pt,full
efficientnet_b0__e5_small_v2__baseline,efficientnet_b0,e5_small_v2,baseline,eurosat_zeroshot,top5_accuracy,0.6712222099304199,1,/mnt/fast/nobackup/scratch4weeks/pp01184/alignment_vlm/checkpoints/efficientnet_b0_e5_small_v2_baseline/best.pt,full
efficientnet_b0__e5_small_v2__baseline,efficientnet_b0,e5_small_v2,baseline,eurosat_zeroshot,macro_f1,0.1306363879183419,1,/mnt/fast/nobackup/scratch4weeks/pp01184/alignment_vlm/checkpoints/efficientnet_b0_e5_small_v2_baseline/best.pt,full
efficientnet_b0__e5_small_v2__baseline,efficientnet_b0,e5_small_v2,baseline,eurosat_zeroshot,balanced_accuracy,0.18177,1,/mnt/fast/nobackup/scratch4weeks/pp01184/alignment_vlm/checkpoints/efficientnet_b0_e5_small_v2_baseline/best.pt,full
efficientnet_b0__e5_small_v2__baseline,efficientnet_b0,e5_small_v2,baseline,eurosat_zeroshot,mean_confidence,0.6324573159217834,1,/mnt/fast/nobackup/scratch4weeks/pp01184/alignment_vlm/checkpoints/efficientnet_b0_e5_small_v2_baseline/best.pt,full
efficientnet_b0__e5_small_v2__baseline,efficientnet_b0,e5_small_v2,baseline,eurosat_zeroshot,classification_margin,-0.3355261385440826,1,/mnt/fast/nobackup/scratch4weeks/pp01184/alignment_vlm/checkpoints/efficientnet_b0_e5_small_v2_baseline/best.pt,full
efficientnet_b0__e5_small_v2__baseline,efficientnet_b0,e5_small_v2,baseline,eurosat_zeroshot,top1_margin,0.4674945771694183,1,/mnt/fast/nobackup/scratch4weeks/pp01184/alignment_vlm/checkpoints/efficientnet_b0_e5_small_v2_baseline/best.pt,full
efficientnet_b0__bge_small_en__baseline,efficientnet_b0,bge_small_en,baseline,coco_retrieval,coco5_i2t_R@1,0.1077999994158744,1,/mnt/fast/nobackup/scratch4weeks/pp01184/alignment_vlm/checkpoints/efficientnet_b0_bge_small_en_baseline/best.pt,full
efficientnet_b0__bge_small_en__baseline,efficientnet_b0,bge_small_en,baseline,coco_retrieval,coco5_i2t_R@5,0.2942000031471252,1,/mnt/fast/nobackup/scratch4weeks/pp01184/alignment_vlm/checkpoints/efficientnet_b0_bge_small_en_baseline/best.pt,full
efficientnet_b0__bge_small_en__baseline,efficientnet_b0,bge_small_en,baseline,coco_retrieval,coco5_i2t_R@10,0.4212000072002411,1,/mnt/fast/nobackup/scratch4weeks/pp01184/alignment_vlm/checkpoints/efficientnet_b0_bge_small_en_baseline/best.pt,full
efficientnet_b0__bge_small_en__baseline,efficientnet_b0,bge_small_en,baseline,coco_retrieval,coco5_mean_rank_i2t,59.38399887084961,1,/mnt/fast/nobackup/scratch4weeks/pp01184/alignment_vlm/checkpoints/efficientnet_b0_bge_small_en_baseline/best.pt,full
efficientnet_b0__bge_small_en__baseline,efficientnet_b0,bge_small_en,baseline,coco_retrieval,coco5_median_rank_i2t,15.0,1,/mnt/fast/nobackup/scratch4weeks/pp01184/alignment_vlm/checkpoints/efficientnet_b0_bge_small_en_baseline/best.pt,full
efficientnet_b0__bge_small_en__baseline,efficientnet_b0,bge_small_en,baseline,coco_retrieval,coco5_t2i_R@1,0.0901095420122146,1,/mnt/fast/nobackup/scratch4weeks/pp01184/alignment_vlm/checkpoints/efficientnet_b0_bge_small_en_baseline/best.pt,full
efficientnet_b0__bge_small_en__baseline,efficientnet_b0,bge_small_en,baseline,coco_retrieval,coco5_t2i_R@5,0.2679299712181091,1,/mnt/fast/nobackup/scratch4weeks/pp01184/alignment_vlm/checkpoints/efficientnet_b0_bge_small_en_baseline/best.pt,full
efficientnet_b0__bge_small_en__baseline,efficientnet_b0,bge_small_en,baseline,coco_retrieval,coco5_t2i_R@10,0.3903014361858368,1,/mnt/fast/nobackup/scratch4weeks/pp01184/alignment_vlm/checkpoints/efficientnet_b0_bge_small_en_baseline/best.pt,full
efficientnet_b0__bge_small_en__baseline,efficientnet_b0,bge_small_en,baseline,coco_retrieval,coco5_mean_rank_t2i,53.0257453918457,1,/mnt/fast/nobackup/scratch4weeks/pp01184/alignment_vlm/checkpoints/efficientnet_b0_bge_small_en_baseline/best.pt,full
efficientnet_b0__bge_small_en__baseline,efficientnet_b0,bge_small_en,baseline,coco_retrieval,coco5_median_rank_t2i,17.0,1,/mnt/fast/nobackup/scratch4weeks/pp01184/alignment_vlm/checkpoints/efficientnet_b0_bge_small_en_baseline/best.pt,full
efficientnet_b0__bge_small_en__baseline,efficientnet_b0,bge_small_en,baseline,coco_retrieval,coco5_num_image_queries,5000.0,1,/mnt/fast/nobackup/scratch4weeks/pp01184/alignment_vlm/checkpoints/efficientnet_b0_bge_small_en_baseline/best.pt,full
efficientnet_b0__bge_small_en__baseline,efficientnet_b0,bge_small_en,baseline,coco_retrieval,coco5_num_text_queries,25014.0,1,/mnt/fast/nobackup/scratch4weeks/pp01184/alignment_vlm/checkpoints/efficientnet_b0_bge_small_en_baseline/best.pt,full
efficientnet_b0__bge_small_en__baseline,efficientnet_b0,bge_small_en,baseline,cifar100_zeroshot,top1_accuracy,0.1714999973773956,1,/mnt/fast/nobackup/scratch4weeks/pp01184/alignment_vlm/checkpoints/efficientnet_b0_bge_small_en_baseline/best.pt,full
efficientnet_b0__bge_small_en__baseline,efficientnet_b0,bge_small_en,baseline,cifar100_zeroshot,top5_accuracy,0.3910000026226043,1,/mnt/fast/nobackup/scratch4weeks/pp01184/alignment_vlm/checkpoints/efficientnet_b0_bge_small_en_baseline/best.pt,full
efficientnet_b0__bge_small_en__baseline,efficientnet_b0,bge_small_en,baseline,cifar100_zeroshot,macro_f1,0.152992741225128,1,/mnt/fast/nobackup/scratch4weeks/pp01184/alignment_vlm/checkpoints/efficientnet_b0_bge_small_en_baseline/best.pt,full
efficientnet_b0__bge_small_en__baseline,efficientnet_b0,bge_small_en,baseline,cifar100_zeroshot,balanced_accuracy,0.1714999999999999,1,/mnt/fast/nobackup/scratch4weeks/pp01184/alignment_vlm/checkpoints/efficientnet_b0_bge_small_en_baseline/best.pt,full
efficientnet_b0__bge_small_en__baseline,efficientnet_b0,bge_small_en,baseline,cifar100_zeroshot,mean_confidence,0.2735325694084167,1,/mnt/fast/nobackup/scratch4weeks/pp01184/alignment_vlm/checkpoints/efficientnet_b0_bge_small_en_baseline/best.pt,full
efficientnet_b0__bge_small_en__baseline,efficientnet_b0,bge_small_en,baseline,cifar100_zeroshot,classification_margin,-0.0985854640603065,1,/mnt/fast/nobackup/scratch4weeks/pp01184/alignment_vlm/checkpoints/efficientnet_b0_bge_small_en_baseline/best.pt,full
efficientnet_b0__bge_small_en__baseline,efficientnet_b0,bge_small_en,baseline,cifar100_zeroshot,top1_margin,0.1552053689956665,1,/mnt/fast/nobackup/scratch4weeks/pp01184/alignment_vlm/checkpoints/efficientnet_b0_bge_small_en_baseline/best.pt,full
efficientnet_b0__bge_small_en__baseline,efficientnet_b0,bge_small_en,baseline,pets_zeroshot,top1_accuracy,0.0667756870388984,1,/mnt/fast/nobackup/scratch4weeks/pp01184/alignment_vlm/checkpoints/efficientnet_b0_bge_small_en_baseline/best.pt,full
efficientnet_b0__bge_small_en__baseline,efficientnet_b0,bge_small_en,baseline,pets_zeroshot,top5_accuracy,0.260561466217041,1,/mnt/fast/nobackup/scratch4weeks/pp01184/alignment_vlm/checkpoints/efficientnet_b0_bge_small_en_baseline/best.pt,full
efficientnet_b0__bge_small_en__baseline,efficientnet_b0,bge_small_en,baseline,pets_zeroshot,macro_f1,0.0520452090128606,1,/mnt/fast/nobackup/scratch4weeks/pp01184/alignment_vlm/checkpoints/efficientnet_b0_bge_small_en_baseline/best.pt,full
efficientnet_b0__bge_small_en__baseline,efficientnet_b0,bge_small_en,baseline,pets_zeroshot,balanced_accuracy,0.0664264401985108,1,/mnt/fast/nobackup/scratch4weeks/pp01184/alignment_vlm/checkpoints/efficientnet_b0_bge_small_en_baseline/best.pt,full
efficientnet_b0__bge_small_en__baseline,efficientnet_b0,bge_small_en,baseline,pets_zeroshot,mean_confidence,0.1765066385269165,1,/mnt/fast/nobackup/scratch4weeks/pp01184/alignment_vlm/checkpoints/efficientnet_b0_bge_small_en_baseline/best.pt,full
efficientnet_b0__bge_small_en__baseline,efficientnet_b0,bge_small_en,baseline,pets_zeroshot,classification_margin,-0.1292848736047744,1,/mnt/fast/nobackup/scratch4weeks/pp01184/alignment_vlm/checkpoints/efficientnet_b0_bge_small_en_baseline/best.pt,full
efficientnet_b0__bge_small_en__baseline,efficientnet_b0,bge_small_en,baseline,pets_zeroshot,top1_margin,0.0532924942672252,1,/mnt/fast/nobackup/scratch4weeks/pp01184/alignment_vlm/checkpoints/efficientnet_b0_bge_small_en_baseline/best.pt,full
efficientnet_b0__bge_small_en__baseline,efficientnet_b0,bge_small_en,baseline,eurosat_zeroshot,top1_accuracy,0.177703708410263,1,/mnt/fast/nobackup/scratch4weeks/pp01184/alignment_vlm/checkpoints/efficientnet_b0_bge_small_en_baseline/best.pt,full
efficientnet_b0__bge_small_en__baseline,efficientnet_b0,bge_small_en,baseline,eurosat_zeroshot,top5_accuracy,0.6759629845619202,1,/mnt/fast/nobackup/scratch4weeks/pp01184/alignment_vlm/checkpoints/efficientnet_b0_bge_small_en_baseline/best.pt,full
efficientnet_b0__bge_small_en__baseline,efficientnet_b0,bge_small_en,baseline,eurosat_zeroshot,macro_f1,0.1508030749677258,1,/mnt/fast/nobackup/scratch4weeks/pp01184/alignment_vlm/checkpoints/efficientnet_b0_bge_small_en_baseline/best.pt,full
efficientnet_b0__bge_small_en__baseline,efficientnet_b0,bge_small_en,baseline,eurosat_zeroshot,balanced_accuracy,0.1755933333333333,1,/mnt/fast/nobackup/scratch4weeks/pp01184/alignment_vlm/checkpoints/efficientnet_b0_bge_small_en_baseline/best.pt,full
efficientnet_b0__bge_small_en__baseline,efficientnet_b0,bge_small_en,baseline,eurosat_zeroshot,mean_confidence,0.5415745973587036,1,/mnt/fast/nobackup/scratch4weeks/pp01184/alignment_vlm/checkpoints/efficientnet_b0_bge_small_en_baseline/best.pt,full
efficientnet_b0__bge_small_en__baseline,efficientnet_b0,bge_small_en,baseline,eurosat_zeroshot,classification_margin,-0.300669401884079,1,/mnt/fast/nobackup/scratch4weeks/pp01184/alignment_vlm/checkpoints/efficientnet_b0_bge_small_en_baseline/best.pt,full
efficientnet_b0__bge_small_en__baseline,efficientnet_b0,bge_small_en,baseline,eurosat_zeroshot,top1_margin,0.3363474011421203,1,/mnt/fast/nobackup/scratch4weeks/pp01184/alignment_vlm/checkpoints/efficientnet_b0_bge_small_en_baseline/best.pt,full
convnext_tiny__all_minilm_l6_v2__baseline,convnext_tiny,all_minilm_l6_v2,baseline,coco_retrieval,coco5_i2t_R@1,0.1852000057697296,2,/mnt/fast/nobackup/scratch4weeks/pp01184/alignment_vlm/checkpoints/convnext_tiny_all_minilm_l6_v2_baseline/best.pt,full
convnext_tiny__all_minilm_l6_v2__baseline,convnext_tiny,all_minilm_l6_v2,baseline,coco_retrieval,coco5_i2t_R@5,0.4334000051021576,2,/mnt/fast/nobackup/scratch4weeks/pp01184/alignment_vlm/checkpoints/convnext_tiny_all_minilm_l6_v2_baseline/best.pt,full
convnext_tiny__all_minilm_l6_v2__baseline,convnext_tiny,all_minilm_l6_v2,baseline,coco_retrieval,coco5_i2t_R@10,0.5702000260353088,2,/mnt/fast/nobackup/scratch4weeks/pp01184/alignment_vlm/checkpoints/convnext_tiny_all_minilm_l6_v2_baseline/best.pt,full
convnext_tiny__all_minilm_l6_v2__baseline,convnext_tiny,all_minilm_l6_v2,baseline,coco_retrieval,coco5_mean_rank_i2t,25.7455997467041,2,/mnt/fast/nobackup/scratch4weeks/pp01184/alignment_vlm/checkpoints/convnext_tiny_all_minilm_l6_v2_baseline/best.pt,full
convnext_tiny__all_minilm_l6_v2__baseline,convnext_tiny,all_minilm_l6_v2,baseline,coco_retrieval,coco5_median_rank_i2t,8.0,2,/mnt/fast/nobackup/scratch4weeks/pp01184/alignment_vlm/checkpoints/convnext_tiny_all_minilm_l6_v2_baseline/best.pt,full
convnext_tiny__all_minilm_l6_v2__baseline,convnext_tiny,all_minilm_l6_v2,baseline,coco_retrieval,coco5_t2i_R@1,0.1576317250728607,2,/mnt/fast/nobackup/scratch4weeks/pp01184/alignment_vlm/checkpoints/convnext_tiny_all_minilm_l6_v2_baseline/best.pt,full
convnext_tiny__all_minilm_l6_v2__baseline,convnext_tiny,all_minilm_l6_v2,baseline,coco_retrieval,coco5_t2i_R@5,0.3984168767929077,2,/mnt/fast/nobackup/scratch4weeks/pp01184/alignment_vlm/checkpoints/convnext_tiny_all_minilm_l6_v2_baseline/best.pt,full
convnext_tiny__all_minilm_l6_v2__baseline,convnext_tiny,all_minilm_l6_v2,baseline,coco_retrieval,coco5_t2i_R@10,0.5370592474937439,2,/mnt/fast/nobackup/scratch4weeks/pp01184/alignment_vlm/checkpoints/convnext_tiny_all_minilm_l6_v2_baseline/best.pt,full
convnext_tiny__all_minilm_l6_v2__baseline,convnext_tiny,all_minilm_l6_v2,baseline,coco_retrieval,coco5_mean_rank_t2i,32.02506637573242,2,/mnt/fast/nobackup/scratch4weeks/pp01184/alignment_vlm/checkpoints/convnext_tiny_all_minilm_l6_v2_baseline/best.pt,full
convnext_tiny__all_minilm_l6_v2__baseline,convnext_tiny,all_minilm_l6_v2,baseline,coco_retrieval,coco5_median_rank_t2i,9.0,2,/mnt/fast/nobackup/scratch4weeks/pp01184/alignment_vlm/checkpoints/convnext_tiny_all_minilm_l6_v2_baseline/best.pt,full
convnext_tiny__all_minilm_l6_v2__baseline,convnext_tiny,all_minilm_l6_v2,baseline,coco_retrieval,coco5_num_image_queries,5000.0,2,/mnt/fast/nobackup/scratch4weeks/pp01184/alignment_vlm/checkpoints/convnext_tiny_all_minilm_l6_v2_baseline/best.pt,full
convnext_tiny__all_minilm_l6_v2__baseline,convnext_tiny,all_minilm_l6_v2,baseline,coco_retrieval,coco5_num_text_queries,25014.0,2,/mnt/fast/nobackup/scratch4weeks/pp01184/alignment_vlm/checkpoints/convnext_tiny_all_minilm_l6_v2_baseline/best.pt,full
convnext_tiny__all_minilm_l6_v2__baseline,convnext_tiny,all_minilm_l6_v2,baseline,cifar100_zeroshot,top1_accuracy,0.262499988079071,2,/mnt/fast/nobackup/scratch4weeks/pp01184/alignment_vlm/checkpoints/convnext_tiny_all_minilm_l6_v2_baseline/best.pt,full
convnext_tiny__all_minilm_l6_v2__baseline,convnext_tiny,all_minilm_l6_v2,baseline,cifar100_zeroshot,top5_accuracy,0.4970000088214874,2,/mnt/fast/nobackup/scratch4weeks/pp01184/alignment_vlm/checkpoints/convnext_tiny_all_minilm_l6_v2_baseline/best.pt,full
convnext_tiny__all_minilm_l6_v2__baseline,convnext_tiny,all_minilm_l6_v2,baseline,cifar100_zeroshot,macro_f1,0.2285570439365905,2,/mnt/fast/nobackup/scratch4weeks/pp01184/alignment_vlm/checkpoints/convnext_tiny_all_minilm_l6_v2_baseline/best.pt,full
convnext_tiny__all_minilm_l6_v2__baseline,convnext_tiny,all_minilm_l6_v2,baseline,cifar100_zeroshot,balanced_accuracy,0.2625,2,/mnt/fast/nobackup/scratch4weeks/pp01184/alignment_vlm/checkpoints/convnext_tiny_all_minilm_l6_v2_baseline/best.pt,full
convnext_tiny__all_minilm_l6_v2__baseline,convnext_tiny,all_minilm_l6_v2,baseline,cifar100_zeroshot,mean_confidence,0.4004703462123871,2,/mnt/fast/nobackup/scratch4weeks/pp01184/alignment_vlm/checkpoints/convnext_tiny_all_minilm_l6_v2_baseline/best.pt,full
convnext_tiny__all_minilm_l6_v2__baseline,convnext_tiny,all_minilm_l6_v2,baseline,cifar100_zeroshot,classification_margin,-0.0635037720203399,2,/mnt/fast/nobackup/scratch4weeks/pp01184/alignment_vlm/checkpoints/convnext_tiny_all_minilm_l6_v2_baseline/best.pt,full
convnext_tiny__all_minilm_l6_v2__baseline,convnext_tiny,all_minilm_l6_v2,baseline,cifar100_zeroshot,top1_margin,0.2691365480422973,2,/mnt/fast/nobackup/scratch4weeks/pp01184/alignment_vlm/checkpoints/convnext_tiny_all_minilm_l6_v2_baseline/best.pt,full
convnext_tiny__all_minilm_l6_v2__baseline,convnext_tiny,all_minilm_l6_v2,baseline,pets_zeroshot,top1_accuracy,0.0457890443503856,2,/mnt/fast/nobackup/scratch4weeks/pp01184/alignment_vlm/checkpoints/convnext_tiny_all_minilm_l6_v2_baseline/best.pt,full
convnext_tiny__all_minilm_l6_v2__baseline,convnext_tiny,all_minilm_l6_v2,baseline,pets_zeroshot,top5_accuracy,0.198146641254425,2,/mnt/fast/nobackup/scratch4weeks/pp01184/alignment_vlm/checkpoints/convnext_tiny_all_minilm_l6_v2_baseline/best.pt,full
convnext_tiny__all_minilm_l6_v2__baseline,convnext_tiny,all_minilm_l6_v2,baseline,pets_zeroshot,macro_f1,0.0184936911910615,2,/mnt/fast/nobackup/scratch4weeks/pp01184/alignment_vlm/checkpoints/convnext_tiny_all_minilm_l6_v2_baseline/best.pt,full
convnext_tiny__all_minilm_l6_v2__baseline,convnext_tiny,all_minilm_l6_v2,baseline,pets_zeroshot,balanced_accuracy,0.0454804595093519,2,/mnt/fast/nobackup/scratch4weeks/pp01184/alignment_vlm/checkpoints/convnext_tiny_all_minilm_l6_v2_baseline/best.pt,full
convnext_tiny__all_minilm_l6_v2__baseline,convnext_tiny,all_minilm_l6_v2,baseline,pets_zeroshot,mean_confidence,0.2554899752140045,2,/mnt/fast/nobackup/scratch4weeks/pp01184/alignment_vlm/checkpoints/convnext_tiny_all_minilm_l6_v2_baseline/best.pt,full
convnext_tiny__all_minilm_l6_v2__baseline,convnext_tiny,all_minilm_l6_v2,baseline,pets_zeroshot,classification_margin,-0.2113841027021408,2,/mnt/fast/nobackup/scratch4weeks/pp01184/alignment_vlm/checkpoints/convnext_tiny_all_minilm_l6_v2_baseline/best.pt,full
convnext_tiny__all_minilm_l6_v2__baseline,convnext_tiny,all_minilm_l6_v2,baseline,pets_zeroshot,top1_margin,0.1008797362446785,2,/mnt/fast/nobackup/scratch4weeks/pp01184/alignment_vlm/checkpoints/convnext_tiny_all_minilm_l6_v2_baseline/best.pt,full
convnext_tiny__all_minilm_l6_v2__baseline,convnext_tiny,all_minilm_l6_v2,baseline,eurosat_zeroshot,top1_accuracy,0.1780000030994415,2,/mnt/fast/nobackup/scratch4weeks/pp01184/alignment_vlm/checkpoints/convnext_tiny_all_minilm_l6_v2_baseline/best.pt,full
convnext_tiny__all_minilm_l6_v2__baseline,convnext_tiny,all_minilm_l6_v2,baseline,eurosat_zeroshot,top5_accuracy,0.6764444708824158,2,/mnt/fast/nobackup/scratch4weeks/pp01184/alignment_vlm/checkpoints/convnext_tiny_all_minilm_l6_v2_baseline/best.pt,full
convnext_tiny__all_minilm_l6_v2__baseline,convnext_tiny,all_minilm_l6_v2,baseline,eurosat_zeroshot,macro_f1,0.1419327141143131,2,/mnt/fast/nobackup/scratch4weeks/pp01184/alignment_vlm/checkpoints/convnext_tiny_all_minilm_l6_v2_baseline/best.pt,full
convnext_tiny__all_minilm_l6_v2__baseline,convnext_tiny,all_minilm_l6_v2,baseline,eurosat_zeroshot,balanced_accuracy,0.17766,2,/mnt/fast/nobackup/scratch4weeks/pp01184/alignment_vlm/checkpoints/convnext_tiny_all_minilm_l6_v2_baseline/best.pt,full
convnext_tiny__all_minilm_l6_v2__baseline,convnext_tiny,all_minilm_l6_v2,baseline,eurosat_zeroshot,mean_confidence,0.5579482913017273,2,/mnt/fast/nobackup/scratch4weeks/pp01184/alignment_vlm/checkpoints/convnext_tiny_all_minilm_l6_v2_baseline/best.pt,full
convnext_tiny__all_minilm_l6_v2__baseline,convnext_tiny,all_minilm_l6_v2,baseline,eurosat_zeroshot,classification_margin,-0.3303231298923492,2,/mnt/fast/nobackup/scratch4weeks/pp01184/alignment_vlm/checkpoints/convnext_tiny_all_minilm_l6_v2_baseline/best.pt,full
convnext_tiny__all_minilm_l6_v2__baseline,convnext_tiny,all_minilm_l6_v2,baseline,eurosat_zeroshot,top1_margin,0.3509029150009155,2,/mnt/fast/nobackup/scratch4weeks/pp01184/alignment_vlm/checkpoints/convnext_tiny_all_minilm_l6_v2_baseline/best.pt,full
swin_tiny__bge_small_en__baseline,swin_tiny,bge_small_en,baseline,coco_retrieval,coco5_i2t_R@1,0.1342000067234039,2,/mnt/fast/nobackup/scratch4weeks/pp01184/alignment_vlm/checkpoints/swin_tiny_bge_small_en_baseline/best.pt,full
swin_tiny__bge_small_en__baseline,swin_tiny,bge_small_en,baseline,coco_retrieval,coco5_i2t_R@5,0.3382000029087066,2,/mnt/fast/nobackup/scratch4weeks/pp01184/alignment_vlm/checkpoints/swin_tiny_bge_small_en_baseline/best.pt,full
swin_tiny__bge_small_en__baseline,swin_tiny,bge_small_en,baseline,coco_retrieval,coco5_i2t_R@10,0.4776000082492828,2,/mnt/fast/nobackup/scratch4weeks/pp01184/alignment_vlm/checkpoints/swin_tiny_bge_small_en_baseline/best.pt,full
swin_tiny__bge_small_en__baseline,swin_tiny,bge_small_en,baseline,coco_retrieval,coco5_mean_rank_i2t,42.32080078125,2,/mnt/fast/nobackup/scratch4weeks/pp01184/alignment_vlm/checkpoints/swin_tiny_bge_small_en_baseline/best.pt,full
swin_tiny__bge_small_en__baseline,swin_tiny,bge_small_en,baseline,coco_retrieval,coco5_median_rank_i2t,12.0,2,/mnt/fast/nobackup/scratch4weeks/pp01184/alignment_vlm/checkpoints/swin_tiny_bge_small_en_baseline/best.pt,full
swin_tiny__bge_small_en__baseline,swin_tiny,bge_small_en,baseline,coco_retrieval,coco5_t2i_R@1,0.1116574704647064,2,/mnt/fast/nobackup/scratch4weeks/pp01184/alignment_vlm/checkpoints/swin_tiny_bge_small_en_baseline/best.pt,full
swin_tiny__bge_small_en__baseline,swin_tiny,bge_small_en,baseline,coco_retrieval,coco5_t2i_R@5,0.3147037625312805,2,/mnt/fast/nobackup/scratch4weeks/pp01184/alignment_vlm/checkpoints/swin_tiny_bge_small_en_baseline/best.pt,full
swin_tiny__bge_small_en__baseline,swin_tiny,bge_small_en,baseline,coco_retrieval,coco5_t2i_R@10,0.4473894536495209,2,/mnt/fast/nobackup/scratch4weeks/pp01184/alignment_vlm/checkpoints/swin_tiny_bge_small_en_baseline/best.pt,full
swin_tiny__bge_small_en__baseline,swin_tiny,bge_small_en,baseline,coco_retrieval,coco5_mean_rank_t2i,42.11609649658203,2,/mnt/fast/nobackup/scratch4weeks/pp01184/alignment_vlm/checkpoints/swin_tiny_bge_small_en_baseline/best.pt,full
swin_tiny__bge_small_en__baseline,swin_tiny,bge_small_en,baseline,coco_retrieval,coco5_median_rank_t2i,13.0,2,/mnt/fast/nobackup/scratch4weeks/pp01184/alignment_vlm/checkpoints/swin_tiny_bge_small_en_baseline/best.pt,full
swin_tiny__bge_small_en__baseline,swin_tiny,bge_small_en,baseline,coco_retrieval,coco5_num_image_queries,5000.0,2,/mnt/fast/nobackup/scratch4weeks/pp01184/alignment_vlm/checkpoints/swin_tiny_bge_small_en_baseline/best.pt,full
swin_tiny__bge_small_en__baseline,swin_tiny,bge_small_en,baseline,coco_retrieval,coco5_num_text_queries,25014.0,2,/mnt/fast/nobackup/scratch4weeks/pp01184/alignment_vlm/checkpoints/swin_tiny_bge_small_en_baseline/best.pt,full
swin_tiny__bge_small_en__baseline,swin_tiny,bge_small_en,baseline,cifar100_zeroshot,top1_accuracy,0.1988999992609024,2,/mnt/fast/nobackup/scratch4weeks/pp01184/alignment_vlm/checkpoints/swin_tiny_bge_small_en_baseline/best.pt,full
swin_tiny__bge_small_en__baseline,swin_tiny,bge_small_en,baseline,cifar100_zeroshot,top5_accuracy,0.3964000046253204,2,/mnt/fast/nobackup/scratch4weeks/pp01184/alignment_vlm/checkpoints/swin_tiny_bge_small_en_baseline/best.pt,full
swin_tiny__bge_small_en__baseline,swin_tiny,bge_small_en,baseline,cifar100_zeroshot,macro_f1,0.1749875868050585,2,/mnt/fast/nobackup/scratch4weeks/pp01184/alignment_vlm/checkpoints/swin_tiny_bge_small_en_baseline/best.pt,full
swin_tiny__bge_small_en__baseline,swin_tiny,bge_small_en,baseline,cifar100_zeroshot,balanced_accuracy,0.1989,2,/mnt/fast/nobackup/scratch4weeks/pp01184/alignment_vlm/checkpoints/swin_tiny_bge_small_en_baseline/best.pt,full
swin_tiny__bge_small_en__baseline,swin_tiny,bge_small_en,baseline,cifar100_zeroshot,mean_confidence,0.2889734506607055,2,/mnt/fast/nobackup/scratch4weeks/pp01184/alignment_vlm/checkpoints/swin_tiny_bge_small_en_baseline/best.pt,full
swin_tiny__bge_small_en__baseline,swin_tiny,bge_small_en,baseline,cifar100_zeroshot,classification_margin,-0.0781933069229126,2,/mnt/fast/nobackup/scratch4weeks/pp01184/alignment_vlm/checkpoints/swin_tiny_bge_small_en_baseline/best.pt,full
swin_tiny__bge_small_en__baseline,swin_tiny,bge_small_en,baseline,cifar100_zeroshot,top1_margin,0.1706006079912185,2,/mnt/fast/nobackup/scratch4weeks/pp01184/alignment_vlm/checkpoints/swin_tiny_bge_small_en_baseline/best.pt,full
swin_tiny__bge_small_en__baseline,swin_tiny,bge_small_en,baseline,pets_zeroshot,top1_accuracy,0.0596892870962619,2,/mnt/fast/nobackup/scratch4weeks/pp01184/alignment_vlm/checkpoints/swin_tiny_bge_small_en_baseline/best.pt,full
swin_tiny__bge_small_en__baseline,swin_tiny,bge_small_en,baseline,pets_zeroshot,top5_accuracy,0.1943308860063552,2,/mnt/fast/nobackup/scratch4weeks/pp01184/alignment_vlm/checkpoints/swin_tiny_bge_small_en_baseline/best.pt,full
swin_tiny__bge_small_en__baseline,swin_tiny,bge_small_en,baseline,pets_zeroshot,macro_f1,0.0225755734393467,2,/mnt/fast/nobackup/scratch4weeks/pp01184/alignment_vlm/checkpoints/swin_tiny_bge_small_en_baseline/best.pt,full
swin_tiny__bge_small_en__baseline,swin_tiny,bge_small_en,baseline,pets_zeroshot,balanced_accuracy,0.0594564227148496,2,/mnt/fast/nobackup/scratch4weeks/pp01184/alignment_vlm/checkpoints/swin_tiny_bge_small_en_baseline/best.pt,full
swin_tiny__bge_small_en__baseline,swin_tiny,bge_small_en,baseline,pets_zeroshot,mean_confidence,0.2302048206329345,2,/mnt/fast/nobackup/scratch4weeks/pp01184/alignment_vlm/checkpoints/swin_tiny_bge_small_en_baseline/best.pt,full
swin_tiny__bge_small_en__baseline,swin_tiny,bge_small_en,baseline,pets_zeroshot,classification_margin,-0.1773678362369537,2,/mnt/fast/nobackup/scratch4weeks/pp01184/alignment_vlm/checkpoints/swin_tiny_bge_small_en_baseline/best.pt,full
swin_tiny__bge_small_en__baseline,swin_tiny,bge_small_en,baseline,pets_zeroshot,top1_margin,0.0869459882378578,2,/mnt/fast/nobackup/scratch4weeks/pp01184/alignment_vlm/checkpoints/swin_tiny_bge_small_en_baseline/best.pt,full
swin_tiny__bge_small_en__baseline,swin_tiny,bge_small_en,baseline,eurosat_zeroshot,top1_accuracy,0.1748888939619064,2,/mnt/fast/nobackup/scratch4weeks/pp01184/alignment_vlm/checkpoints/swin_tiny_bge_small_en_baseline/best.pt,full
swin_tiny__bge_small_en__baseline,swin_tiny,bge_small_en,baseline,eurosat_zeroshot,top5_accuracy,0.6657778024673462,2,/mnt/fast/nobackup/scratch4weeks/pp01184/alignment_vlm/checkpoints/swin_tiny_bge_small_en_baseline/best.pt,full
swin_tiny__bge_small_en__baseline,swin_tiny,bge_small_en,baseline,eurosat_zeroshot,macro_f1,0.1519280809696863,2,/mnt/fast/nobackup/scratch4weeks/pp01184/alignment_vlm/checkpoints/swin_tiny_bge_small_en_baseline/best.pt,full
swin_tiny__bge_small_en__baseline,swin_tiny,bge_small_en,baseline,eurosat_zeroshot,balanced_accuracy,0.1726633333333333,2,/mnt/fast/nobackup/scratch4weeks/pp01184/alignment_vlm/checkpoints/swin_tiny_bge_small_en_baseline/best.pt,full
swin_tiny__bge_small_en__baseline,swin_tiny,bge_small_en,baseline,eurosat_zeroshot,mean_confidence,0.5303540825843811,2,/mnt/fast/nobackup/scratch4weeks/pp01184/alignment_vlm/checkpoints/swin_tiny_bge_small_en_baseline/best.pt,full
swin_tiny__bge_small_en__baseline,swin_tiny,bge_small_en,baseline,eurosat_zeroshot,classification_margin,-0.2917797267436981,2,/mnt/fast/nobackup/scratch4weeks/pp01184/alignment_vlm/checkpoints/swin_tiny_bge_small_en_baseline/best.pt,full
swin_tiny__bge_small_en__baseline,swin_tiny,bge_small_en,baseline,eurosat_zeroshot,top1_margin,0.3235132098197937,2,/mnt/fast/nobackup/scratch4weeks/pp01184/alignment_vlm/checkpoints/swin_tiny_bge_small_en_baseline/best.pt,full
swin_tiny__distilbert__baseline,swin_tiny,distilbert,baseline,coco_retrieval,coco5_i2t_R@1,0.101000003516674,1,/mnt/fast/nobackup/scratch4weeks/pp01184/alignment_vlm/checkpoints/swin_tiny_distilbert_baseline/best.pt,full
swin_tiny__distilbert__baseline,swin_tiny,distilbert,baseline,coco_retrieval,coco5_i2t_R@5,0.2899999916553497,1,/mnt/fast/nobackup/scratch4weeks/pp01184/alignment_vlm/checkpoints/swin_tiny_distilbert_baseline/best.pt,full
swin_tiny__distilbert__baseline,swin_tiny,distilbert,baseline,coco_retrieval,coco5_i2t_R@10,0.4079999923706054,1,/mnt/fast/nobackup/scratch4weeks/pp01184/alignment_vlm/checkpoints/swin_tiny_distilbert_baseline/best.pt,full
swin_tiny__distilbert__baseline,swin_tiny,distilbert,baseline,coco_retrieval,coco5_mean_rank_i2t,51.18880081176758,1,/mnt/fast/nobackup/scratch4weeks/pp01184/alignment_vlm/checkpoints/swin_tiny_distilbert_baseline/best.pt,full
swin_tiny__distilbert__baseline,swin_tiny,distilbert,baseline,coco_retrieval,coco5_median_rank_i2t,16.0,1,/mnt/fast/nobackup/scratch4weeks/pp01184/alignment_vlm/checkpoints/swin_tiny_distilbert_baseline/best.pt,full
swin_tiny__distilbert__baseline,swin_tiny,distilbert,baseline,coco_retrieval,coco5_t2i_R@1,0.0852722451090812,1,/mnt/fast/nobackup/scratch4weeks/pp01184/alignment_vlm/checkpoints/swin_tiny_distilbert_baseline/best.pt,full
swin_tiny__distilbert__baseline,swin_tiny,distilbert,baseline,coco_retrieval,coco5_t2i_R@5,0.2584552764892578,1,/mnt/fast/nobackup/scratch4weeks/pp01184/alignment_vlm/checkpoints/swin_tiny_distilbert_baseline/best.pt,full
swin_tiny__distilbert__baseline,swin_tiny,distilbert,baseline,coco_retrieval,coco5_t2i_R@10,0.3801870942115783,1,/mnt/fast/nobackup/scratch4weeks/pp01184/alignment_vlm/checkpoints/swin_tiny_distilbert_baseline/best.pt,full
swin_tiny__distilbert__baseline,swin_tiny,distilbert,baseline,coco_retrieval,coco5_mean_rank_t2i,54.6536750793457,1,/mnt/fast/nobackup/scratch4weeks/pp01184/alignment_vlm/checkpoints/swin_tiny_distilbert_baseline/best.pt,full
swin_tiny__distilbert__baseline,swin_tiny,distilbert,baseline,coco_retrieval,coco5_median_rank_t2i,18.0,1,/mnt/fast/nobackup/scratch4weeks/pp01184/alignment_vlm/checkpoints/swin_tiny_distilbert_baseline/best.pt,full
swin_tiny__distilbert__baseline,swin_tiny,distilbert,baseline,coco_retrieval,coco5_num_image_queries,5000.0,1,/mnt/fast/nobackup/scratch4weeks/pp01184/alignment_vlm/checkpoints/swin_tiny_distilbert_baseline/best.pt,full
swin_tiny__distilbert__baseline,swin_tiny,distilbert,baseline,coco_retrieval,coco5_num_text_queries,25014.0,1,/mnt/fast/nobackup/scratch4weeks/pp01184/alignment_vlm/checkpoints/swin_tiny_distilbert_baseline/best.pt,full
swin_tiny__distilbert__baseline,swin_tiny,distilbert,baseline,cifar100_zeroshot,top1_accuracy,0.1669999957084655,1,/mnt/fast/nobackup/scratch4weeks/pp01184/alignment_vlm/checkpoints/swin_tiny_distilbert_baseline/best.pt,full
swin_tiny__distilbert__baseline,swin_tiny,distilbert,baseline,cifar100_zeroshot,top5_accuracy,0.3926999866962433,1,/mnt/fast/nobackup/scratch4weeks/pp01184/alignment_vlm/checkpoints/swin_tiny_distilbert_baseline/best.pt,full
swin_tiny__distilbert__baseline,swin_tiny,distilbert,baseline,cifar100_zeroshot,macro_f1,0.1616945438047574,1,/mnt/fast/nobackup/scratch4weeks/pp01184/alignment_vlm/checkpoints/swin_tiny_distilbert_baseline/best.pt,full
swin_tiny__distilbert__baseline,swin_tiny,distilbert,baseline,cifar100_zeroshot,balanced_accuracy,0.1669999999999999,1,/mnt/fast/nobackup/scratch4weeks/pp01184/alignment_vlm/checkpoints/swin_tiny_distilbert_baseline/best.pt,full
swin_tiny__distilbert__baseline,swin_tiny,distilbert,baseline,cifar100_zeroshot,mean_confidence,0.2471588104963302,1,/mnt/fast/nobackup/scratch4weeks/pp01184/alignment_vlm/checkpoints/swin_tiny_distilbert_baseline/best.pt,full
swin_tiny__distilbert__baseline,swin_tiny,distilbert,baseline,cifar100_zeroshot,classification_margin,-0.0970230996608734,1,/mnt/fast/nobackup/scratch4weeks/pp01184/alignment_vlm/checkpoints/swin_tiny_distilbert_baseline/best.pt,full
swin_tiny__distilbert__baseline,swin_tiny,distilbert,baseline,cifar100_zeroshot,top1_margin,0.1332423835992813,1,/mnt/fast/nobackup/scratch4weeks/pp01184/alignment_vlm/checkpoints/swin_tiny_distilbert_baseline/best.pt,full
swin_tiny__distilbert__baseline,swin_tiny,distilbert,baseline,pets_zeroshot,top1_accuracy,0.0479694753885269,1,/mnt/fast/nobackup/scratch4weeks/pp01184/alignment_vlm/checkpoints/swin_tiny_distilbert_baseline/best.pt,full
swin_tiny__distilbert__baseline,swin_tiny,distilbert,baseline,pets_zeroshot,top5_accuracy,0.1864268183708191,1,/mnt/fast/nobackup/scratch4weeks/pp01184/alignment_vlm/checkpoints/swin_tiny_distilbert_baseline/best.pt,full
swin_tiny__distilbert__baseline,swin_tiny,distilbert,baseline,pets_zeroshot,macro_f1,0.0227421218667003,1,/mnt/fast/nobackup/scratch4weeks/pp01184/alignment_vlm/checkpoints/swin_tiny_distilbert_baseline/best.pt,full
swin_tiny__distilbert__baseline,swin_tiny,distilbert,baseline,pets_zeroshot,balanced_accuracy,0.0480488762511234,1,/mnt/fast/nobackup/scratch4weeks/pp01184/alignment_vlm/checkpoints/swin_tiny_distilbert_baseline/best.pt,full
swin_tiny__distilbert__baseline,swin_tiny,distilbert,baseline,pets_zeroshot,mean_confidence,0.2173905372619629,1,/mnt/fast/nobackup/scratch4weeks/pp01184/alignment_vlm/checkpoints/swin_tiny_distilbert_baseline/best.pt,full
swin_tiny__distilbert__baseline,swin_tiny,distilbert,baseline,pets_zeroshot,classification_margin,-0.1738607734441757,1,/mnt/fast/nobackup/scratch4weeks/pp01184/alignment_vlm/checkpoints/swin_tiny_distilbert_baseline/best.pt,full
swin_tiny__distilbert__baseline,swin_tiny,distilbert,baseline,pets_zeroshot,top1_margin,0.0766351893544197,1,/mnt/fast/nobackup/scratch4weeks/pp01184/alignment_vlm/checkpoints/swin_tiny_distilbert_baseline/best.pt,full
swin_tiny__distilbert__baseline,swin_tiny,distilbert,baseline,eurosat_zeroshot,top1_accuracy,0.12596295773983,1,/mnt/fast/nobackup/scratch4weeks/pp01184/alignment_vlm/checkpoints/swin_tiny_distilbert_baseline/best.pt,full
swin_tiny__distilbert__baseline,swin_tiny,distilbert,baseline,eurosat_zeroshot,top5_accuracy,0.600777804851532,1,/mnt/fast/nobackup/scratch4weeks/pp01184/alignment_vlm/checkpoints/swin_tiny_distilbert_baseline/best.pt,full
swin_tiny__distilbert__baseline,swin_tiny,distilbert,baseline,eurosat_zeroshot,macro_f1,0.1082596111271054,1,/mnt/fast/nobackup/scratch4weeks/pp01184/alignment_vlm/checkpoints/swin_tiny_distilbert_baseline/best.pt,full
swin_tiny__distilbert__baseline,swin_tiny,distilbert,baseline,eurosat_zeroshot,balanced_accuracy,0.1250233333333333,1,/mnt/fast/nobackup/scratch4weeks/pp01184/alignment_vlm/checkpoints/swin_tiny_distilbert_baseline/best.pt,full
swin_tiny__distilbert__baseline,swin_tiny,distilbert,baseline,eurosat_zeroshot,mean_confidence,0.4429855048656463,1,/mnt/fast/nobackup/scratch4weeks/pp01184/alignment_vlm/checkpoints/swin_tiny_distilbert_baseline/best.pt,full
swin_tiny__distilbert__baseline,swin_tiny,distilbert,baseline,eurosat_zeroshot,classification_margin,-0.2845636308193207,1,/mnt/fast/nobackup/scratch4weeks/pp01184/alignment_vlm/checkpoints/swin_tiny_distilbert_baseline/best.pt,full
swin_tiny__distilbert__baseline,swin_tiny,distilbert,baseline,eurosat_zeroshot,top1_margin,0.2231519520282745,1,/mnt/fast/nobackup/scratch4weeks/pp01184/alignment_vlm/checkpoints/swin_tiny_distilbert_baseline/best.pt,full
swin_tiny__all_minilm_l6_v2__baseline,swin_tiny,all_minilm_l6_v2,baseline,coco_retrieval,coco5_i2t_R@1,0.1449999958276748,2,/mnt/fast/nobackup/scratch4weeks/pp01184/alignment_vlm/checkpoints/swin_tiny_all_minilm_l6_v2_baseline/best.pt,full
swin_tiny__all_minilm_l6_v2__baseline,swin_tiny,all_minilm_l6_v2,baseline,coco_retrieval,coco5_i2t_R@5,0.3736000061035156,2,/mnt/fast/nobackup/scratch4weeks/pp01184/alignment_vlm/checkpoints/swin_tiny_all_minilm_l6_v2_baseline/best.pt,full
swin_tiny__all_minilm_l6_v2__baseline,swin_tiny,all_minilm_l6_v2,baseline,coco_retrieval,coco5_i2t_R@10,0.510200023651123,2,/mnt/fast/nobackup/scratch4weeks/pp01184/alignment_vlm/checkpoints/swin_tiny_all_minilm_l6_v2_baseline/best.pt,full
swin_tiny__all_minilm_l6_v2__baseline,swin_tiny,all_minilm_l6_v2,baseline,coco_retrieval,coco5_mean_rank_i2t,36.465599060058594,2,/mnt/fast/nobackup/scratch4weeks/pp01184/alignment_vlm/checkpoints/swin_tiny_all_minilm_l6_v2_baseline/best.pt,full
swin_tiny__all_minilm_l6_v2__baseline,swin_tiny,all_minilm_l6_v2,baseline,coco_retrieval,coco5_median_rank_i2t,10.0,2,/mnt/fast/nobackup/scratch4weeks/pp01184/alignment_vlm/checkpoints/swin_tiny_all_minilm_l6_v2_baseline/best.pt,full
swin_tiny__all_minilm_l6_v2__baseline,swin_tiny,all_minilm_l6_v2,baseline,coco_retrieval,coco5_t2i_R@1,0.1252898424863815,2,/mnt/fast/nobackup/scratch4weeks/pp01184/alignment_vlm/checkpoints/swin_tiny_all_minilm_l6_v2_baseline/best.pt,full
swin_tiny__all_minilm_l6_v2__baseline,swin_tiny,all_minilm_l6_v2,baseline,coco_retrieval,coco5_t2i_R@5,0.3465259373188019,2,/mnt/fast/nobackup/scratch4weeks/pp01184/alignment_vlm/checkpoints/swin_tiny_all_minilm_l6_v2_baseline/best.pt,full
swin_tiny__all_minilm_l6_v2__baseline,swin_tiny,all_minilm_l6_v2,baseline,coco_retrieval,coco5_t2i_R@10,0.4821300208568573,2,/mnt/fast/nobackup/scratch4weeks/pp01184/alignment_vlm/checkpoints/swin_tiny_all_minilm_l6_v2_baseline/best.pt,full
swin_tiny__all_minilm_l6_v2__baseline,swin_tiny,all_minilm_l6_v2,baseline,coco_retrieval,coco5_mean_rank_t2i,39.39002227783203,2,/mnt/fast/nobackup/scratch4weeks/pp01184/alignment_vlm/checkpoints/swin_tiny_all_minilm_l6_v2_baseline/best.pt,full
swin_tiny__all_minilm_l6_v2__baseline,swin_tiny,all_minilm_l6_v2,baseline,coco_retrieval,coco5_median_rank_t2i,11.0,2,/mnt/fast/nobackup/scratch4weeks/pp01184/alignment_vlm/checkpoints/swin_tiny_all_minilm_l6_v2_baseline/best.pt,full
swin_tiny__all_minilm_l6_v2__baseline,swin_tiny,all_minilm_l6_v2,baseline,coco_retrieval,coco5_num_image_queries,5000.0,2,/mnt/fast/nobackup/scratch4weeks/pp01184/alignment_vlm/checkpoints/swin_tiny_all_minilm_l6_v2_baseline/best.pt,full
swin_tiny__all_minilm_l6_v2__baseline,swin_tiny,all_minilm_l6_v2,baseline,coco_retrieval,coco5_num_text_queries,25014.0,2,/mnt/fast/nobackup/scratch4weeks/pp01184/alignment_vlm/checkpoints/swin_tiny_all_minilm_l6_v2_baseline/best.pt,full
swin_tiny__all_minilm_l6_v2__baseline,swin_tiny,all_minilm_l6_v2,baseline,cifar100_zeroshot,top1_accuracy,0.2065999954938888,2,/mnt/fast/nobackup/scratch4weeks/pp01184/alignment_vlm/checkpoints/swin_tiny_all_minilm_l6_v2_baseline/best.pt,full
swin_tiny__all_minilm_l6_v2__baseline,swin_tiny,all_minilm_l6_v2,baseline,cifar100_zeroshot,top5_accuracy,0.4122999906539917,2,/mnt/fast/nobackup/scratch4weeks/pp01184/alignment_vlm/checkpoints/swin_tiny_all_minilm_l6_v2_baseline/best.pt,full
swin_tiny__all_minilm_l6_v2__baseline,swin_tiny,all_minilm_l6_v2,baseline,cifar100_zeroshot,macro_f1,0.1851936745653046,2,/mnt/fast/nobackup/scratch4weeks/pp01184/alignment_vlm/checkpoints/swin_tiny_all_minilm_l6_v2_baseline/best.pt,full
swin_tiny__all_minilm_l6_v2__baseline,swin_tiny,all_minilm_l6_v2,baseline,cifar100_zeroshot,balanced_accuracy,0.2065999999999998,2,/mnt/fast/nobackup/scratch4weeks/pp01184/alignment_vlm/checkpoints/swin_tiny_all_minilm_l6_v2_baseline/best.pt,full
swin_tiny__all_minilm_l6_v2__baseline,swin_tiny,all_minilm_l6_v2,baseline,cifar100_zeroshot,mean_confidence,0.3261515200138092,2,/mnt/fast/nobackup/scratch4weeks/pp01184/alignment_vlm/checkpoints/swin_tiny_all_minilm_l6_v2_baseline/best.pt,full
swin_tiny__all_minilm_l6_v2__baseline,swin_tiny,all_minilm_l6_v2,baseline,cifar100_zeroshot,classification_margin,-0.0890540108084678,2,/mnt/fast/nobackup/scratch4weeks/pp01184/alignment_vlm/checkpoints/swin_tiny_all_minilm_l6_v2_baseline/best.pt,full
swin_tiny__all_minilm_l6_v2__baseline,swin_tiny,all_minilm_l6_v2,baseline,cifar100_zeroshot,top1_margin,0.2042563408613205,2,/mnt/fast/nobackup/scratch4weeks/pp01184/alignment_vlm/checkpoints/swin_tiny_all_minilm_l6_v2_baseline/best.pt,full
swin_tiny__all_minilm_l6_v2__baseline,swin_tiny,all_minilm_l6_v2,baseline,pets_zeroshot,top1_accuracy,0.0457890443503856,2,/mnt/fast/nobackup/scratch4weeks/pp01184/alignment_vlm/checkpoints/swin_tiny_all_minilm_l6_v2_baseline/best.pt,full
swin_tiny__all_minilm_l6_v2__baseline,swin_tiny,all_minilm_l6_v2,baseline,pets_zeroshot,top5_accuracy,0.2041428238153457,2,/mnt/fast/nobackup/scratch4weeks/pp01184/alignment_vlm/checkpoints/swin_tiny_all_minilm_l6_v2_baseline/best.pt,full
swin_tiny__all_minilm_l6_v2__baseline,swin_tiny,all_minilm_l6_v2,baseline,pets_zeroshot,macro_f1,0.0373664119613559,2,/mnt/fast/nobackup/scratch4weeks/pp01184/alignment_vlm/checkpoints/swin_tiny_all_minilm_l6_v2_baseline/best.pt,full
swin_tiny__all_minilm_l6_v2__baseline,swin_tiny,all_minilm_l6_v2,baseline,pets_zeroshot,balanced_accuracy,0.0463986969604947,2,/mnt/fast/nobackup/scratch4weeks/pp01184/alignment_vlm/checkpoints/swin_tiny_all_minilm_l6_v2_baseline/best.pt,full
swin_tiny__all_minilm_l6_v2__baseline,swin_tiny,all_minilm_l6_v2,baseline,pets_zeroshot,mean_confidence,0.3005299866199493,2,/mnt/fast/nobackup/scratch4weeks/pp01184/alignment_vlm/checkpoints/swin_tiny_all_minilm_l6_v2_baseline/best.pt,full
swin_tiny__all_minilm_l6_v2__baseline,swin_tiny,all_minilm_l6_v2,baseline,pets_zeroshot,classification_margin,-0.2582494616508484,2,/mnt/fast/nobackup/scratch4weeks/pp01184/alignment_vlm/checkpoints/swin_tiny_all_minilm_l6_v2_baseline/best.pt,full
swin_tiny__all_minilm_l6_v2__baseline,swin_tiny,all_minilm_l6_v2,baseline,pets_zeroshot,top1_margin,0.1626168936491012,2,/mnt/fast/nobackup/scratch4weeks/pp01184/alignment_vlm/checkpoints/swin_tiny_all_minilm_l6_v2_baseline/best.pt,full
swin_tiny__all_minilm_l6_v2__baseline,swin_tiny,all_minilm_l6_v2,baseline,eurosat_zeroshot,top1_accuracy,0.1307777762413025,2,/mnt/fast/nobackup/scratch4weeks/pp01184/alignment_vlm/checkpoints/swin_tiny_all_minilm_l6_v2_baseline/best.pt,full
swin_tiny__all_minilm_l6_v2__baseline,swin_tiny,all_minilm_l6_v2,baseline,eurosat_zeroshot,top5_accuracy,0.6228888630867004,2,/mnt/fast/nobackup/scratch4weeks/pp01184/alignment_vlm/checkpoints/swin_tiny_all_minilm_l6_v2_baseline/best.pt,full
swin_tiny__all_minilm_l6_v2__baseline,swin_tiny,all_minilm_l6_v2,baseline,eurosat_zeroshot,macro_f1,0.1201371774700193,2,/mnt/fast/nobackup/scratch4weeks/pp01184/alignment_vlm/checkpoints/swin_tiny_all_minilm_l6_v2_baseline/best.pt,full
swin_tiny__all_minilm_l6_v2__baseline,swin_tiny,all_minilm_l6_v2,baseline,eurosat_zeroshot,balanced_accuracy,0.1315733333333333,2,/mnt/fast/nobackup/scratch4weeks/pp01184/alignment_vlm/checkpoints/swin_tiny_all_minilm_l6_v2_baseline/best.pt,full
swin_tiny__all_minilm_l6_v2__baseline,swin_tiny,all_minilm_l6_v2,baseline,eurosat_zeroshot,mean_confidence,0.4994481205940246,2,/mnt/fast/nobackup/scratch4weeks/pp01184/alignment_vlm/checkpoints/swin_tiny_all_minilm_l6_v2_baseline/best.pt,full
swin_tiny__all_minilm_l6_v2__baseline,swin_tiny,all_minilm_l6_v2,baseline,eurosat_zeroshot,classification_margin,-0.3276164531707763,2,/mnt/fast/nobackup/scratch4weeks/pp01184/alignment_vlm/checkpoints/swin_tiny_all_minilm_l6_v2_baseline/best.pt,full
swin_tiny__all_minilm_l6_v2__baseline,swin_tiny,all_minilm_l6_v2,baseline,eurosat_zeroshot,top1_margin,0.291674792766571,2,/mnt/fast/nobackup/scratch4weeks/pp01184/alignment_vlm/checkpoints/swin_tiny_all_minilm_l6_v2_baseline/best.pt,full
swin_tiny__e5_small_v2__baseline,swin_tiny,e5_small_v2,baseline,coco_retrieval,coco5_i2t_R@1,0.125,1,/mnt/fast/nobackup/scratch4weeks/pp01184/alignment_vlm/checkpoints/swin_tiny_e5_small_v2_baseline/best.pt,full
swin_tiny__e5_small_v2__baseline,swin_tiny,e5_small_v2,baseline,coco_retrieval,coco5_i2t_R@5,0.3312000036239624,1,/mnt/fast/nobackup/scratch4weeks/pp01184/alignment_vlm/checkpoints/swin_tiny_e5_small_v2_baseline/best.pt,full
swin_tiny__e5_small_v2__baseline,swin_tiny,e5_small_v2,baseline,coco_retrieval,coco5_i2t_R@10,0.4532000124454498,1,/mnt/fast/nobackup/scratch4weeks/pp01184/alignment_vlm/checkpoints/swin_tiny_e5_small_v2_baseline/best.pt,full
swin_tiny__e5_small_v2__baseline,swin_tiny,e5_small_v2,baseline,coco_retrieval,coco5_mean_rank_i2t,45.24359893798828,1,/mnt/fast/nobackup/scratch4weeks/pp01184/alignment_vlm/checkpoints/swin_tiny_e5_small_v2_baseline/best.pt,full
swin_tiny__e5_small_v2__baseline,swin_tiny,e5_small_v2,baseline,coco_retrieval,coco5_median_rank_i2t,13.0,1,/mnt/fast/nobackup/scratch4weeks/pp01184/alignment_vlm/checkpoints/swin_tiny_e5_small_v2_baseline/best.pt,full
swin_tiny__e5_small_v2__baseline,swin_tiny,e5_small_v2,baseline,coco_retrieval,coco5_t2i_R@1,0.1043815463781356,1,/mnt/fast/nobackup/scratch4weeks/pp01184/alignment_vlm/checkpoints/swin_tiny_e5_small_v2_baseline/best.pt,full
swin_tiny__e5_small_v2__baseline,swin_tiny,e5_small_v2,baseline,coco_retrieval,coco5_t2i_R@5,0.2971535921096802,1,/mnt/fast/nobackup/scratch4weeks/pp01184/alignment_vlm/checkpoints/swin_tiny_e5_small_v2_baseline/best.pt,full
swin_tiny__e5_small_v2__baseline,swin_tiny,e5_small_v2,baseline,coco_retrieval,coco5_t2i_R@10,0.4231230616569519,1,/mnt/fast/nobackup/scratch4weeks/pp01184/alignment_vlm/checkpoints/swin_tiny_e5_small_v2_baseline/best.pt,full
swin_tiny__e5_small_v2__baseline,swin_tiny,e5_small_v2,baseline,coco_retrieval,coco5_mean_rank_t2i,45.32465744018555,1,/mnt/fast/nobackup/scratch4weeks/pp01184/alignment_vlm/checkpoints/swin_tiny_e5_small_v2_baseline/best.pt,full
swin_tiny__e5_small_v2__baseline,swin_tiny,e5_small_v2,baseline,coco_retrieval,coco5_median_rank_t2i,15.0,1,/mnt/fast/nobackup/scratch4weeks/pp01184/alignment_vlm/checkpoints/swin_tiny_e5_small_v2_baseline/best.pt,full
swin_tiny__e5_small_v2__baseline,swin_tiny,e5_small_v2,baseline,coco_retrieval,coco5_num_image_queries,5000.0,1,/mnt/fast/nobackup/scratch4weeks/pp01184/alignment_vlm/checkpoints/swin_tiny_e5_small_v2_baseline/best.pt,full
swin_tiny__e5_small_v2__baseline,swin_tiny,e5_small_v2,baseline,coco_retrieval,coco5_num_text_queries,25014.0,1,/mnt/fast/nobackup/scratch4weeks/pp01184/alignment_vlm/checkpoints/swin_tiny_e5_small_v2_baseline/best.pt,full
swin_tiny__e5_small_v2__baseline,swin_tiny,e5_small_v2,baseline,cifar100_zeroshot,top1_accuracy,0.1859000027179718,1,/mnt/fast/nobackup/scratch4weeks/pp01184/alignment_vlm/checkpoints/swin_tiny_e5_small_v2_baseline/best.pt,full
swin_tiny__e5_small_v2__baseline,swin_tiny,e5_small_v2,baseline,cifar100_zeroshot,top5_accuracy,0.3871000111103058,1,/mnt/fast/nobackup/scratch4weeks/pp01184/alignment_vlm/checkpoints/swin_tiny_e5_small_v2_baseline/best.pt,full
swin_tiny__e5_small_v2__baseline,swin_tiny,e5_small_v2,baseline,cifar100_zeroshot,macro_f1,0.171570803920772,1,/mnt/fast/nobackup/scratch4weeks/pp01184/alignment_vlm/checkpoints/swin_tiny_e5_small_v2_baseline/best.pt,full
swin_tiny__e5_small_v2__baseline,swin_tiny,e5_small_v2,baseline,cifar100_zeroshot,balanced_accuracy,0.1859,1,/mnt/fast/nobackup/scratch4weeks/pp01184/alignment_vlm/checkpoints/swin_tiny_e5_small_v2_baseline/best.pt,full
swin_tiny__e5_small_v2__baseline,swin_tiny,e5_small_v2,baseline,cifar100_zeroshot,mean_confidence,0.2611848711967468,1,/mnt/fast/nobackup/scratch4weeks/pp01184/alignment_vlm/checkpoints/swin_tiny_e5_small_v2_baseline/best.pt,full
swin_tiny__e5_small_v2__baseline,swin_tiny,e5_small_v2,baseline,cifar100_zeroshot,classification_margin,-0.0782816559076309,1,/mnt/fast/nobackup/scratch4weeks/pp01184/alignment_vlm/checkpoints/swin_tiny_e5_small_v2_baseline/best.pt,full
swin_tiny__e5_small_v2__baseline,swin_tiny,e5_small_v2,baseline,cifar100_zeroshot,top1_margin,0.1503234058618545,1,/mnt/fast/nobackup/scratch4weeks/pp01184/alignment_vlm/checkpoints/swin_tiny_e5_small_v2_baseline/best.pt,full
swin_tiny__e5_small_v2__baseline,swin_tiny,e5_small_v2,baseline,pets_zeroshot,top1_accuracy,0.0509675666689872,1,/mnt/fast/nobackup/scratch4weeks/pp01184/alignment_vlm/checkpoints/swin_tiny_e5_small_v2_baseline/best.pt,full
swin_tiny__e5_small_v2__baseline,swin_tiny,e5_small_v2,baseline,pets_zeroshot,top5_accuracy,0.2030526101589203,1,/mnt/fast/nobackup/scratch4weeks/pp01184/alignment_vlm/checkpoints/swin_tiny_e5_small_v2_baseline/best.pt,full
swin_tiny__e5_small_v2__baseline,swin_tiny,e5_small_v2,baseline,pets_zeroshot,macro_f1,0.0225513186485824,1,/mnt/fast/nobackup/scratch4weeks/pp01184/alignment_vlm/checkpoints/swin_tiny_e5_small_v2_baseline/best.pt,full
swin_tiny__e5_small_v2__baseline,swin_tiny,e5_small_v2,baseline,pets_zeroshot,balanced_accuracy,0.0523777710294564,1,/mnt/fast/nobackup/scratch4weeks/pp01184/alignment_vlm/checkpoints/swin_tiny_e5_small_v2_baseline/best.pt,full
swin_tiny__e5_small_v2__baseline,swin_tiny,e5_small_v2,baseline,pets_zeroshot,mean_confidence,0.1969049274921417,1,/mnt/fast/nobackup/scratch4weeks/pp01184/alignment_vlm/checkpoints/swin_tiny_e5_small_v2_baseline/best.pt,full
swin_tiny__e5_small_v2__baseline,swin_tiny,e5_small_v2,baseline,pets_zeroshot,classification_margin,-0.1552172154188156,1,/mnt/fast/nobackup/scratch4weeks/pp01184/alignment_vlm/checkpoints/swin_tiny_e5_small_v2_baseline/best.pt,full
swin_tiny__e5_small_v2__baseline,swin_tiny,e5_small_v2,baseline,pets_zeroshot,top1_margin,0.0641443282365799,1,/mnt/fast/nobackup/scratch4weeks/pp01184/alignment_vlm/checkpoints/swin_tiny_e5_small_v2_baseline/best.pt,full
swin_tiny__e5_small_v2__baseline,swin_tiny,e5_small_v2,baseline,eurosat_zeroshot,top1_accuracy,0.1924444437026977,1,/mnt/fast/nobackup/scratch4weeks/pp01184/alignment_vlm/checkpoints/swin_tiny_e5_small_v2_baseline/best.pt,full
swin_tiny__e5_small_v2__baseline,swin_tiny,e5_small_v2,baseline,eurosat_zeroshot,top5_accuracy,0.6140740513801575,1,/mnt/fast/nobackup/scratch4weeks/pp01184/alignment_vlm/checkpoints/swin_tiny_e5_small_v2_baseline/best.pt,full
swin_tiny__e5_small_v2__baseline,swin_tiny,e5_small_v2,baseline,eurosat_zeroshot,macro_f1,0.1355322334391965,1,/mnt/fast/nobackup/scratch4weeks/pp01184/alignment_vlm/checkpoints/swin_tiny_e5_small_v2_baseline/best.pt,full
swin_tiny__e5_small_v2__baseline,swin_tiny,e5_small_v2,baseline,eurosat_zeroshot,balanced_accuracy,0.19291,1,/mnt/fast/nobackup/scratch4weeks/pp01184/alignment_vlm/checkpoints/swin_tiny_e5_small_v2_baseline/best.pt,full
swin_tiny__e5_small_v2__baseline,swin_tiny,e5_small_v2,baseline,eurosat_zeroshot,mean_confidence,0.5890849828720093,1,/mnt/fast/nobackup/scratch4weeks/pp01184/alignment_vlm/checkpoints/swin_tiny_e5_small_v2_baseline/best.pt,full
swin_tiny__e5_small_v2__baseline,swin_tiny,e5_small_v2,baseline,eurosat_zeroshot,classification_margin,-0.3306999802589416,1,/mnt/fast/nobackup/scratch4weeks/pp01184/alignment_vlm/checkpoints/swin_tiny_e5_small_v2_baseline/best.pt,full
swin_tiny__e5_small_v2__baseline,swin_tiny,e5_small_v2,baseline,eurosat_zeroshot,top1_margin,0.399869292974472,1,/mnt/fast/nobackup/scratch4weeks/pp01184/alignment_vlm/checkpoints/swin_tiny_e5_small_v2_baseline/best.pt,full
dinov2_vits14__all_minilm_l6_v2__local,dinov2_vits14,all_minilm_l6_v2,local,coco_retrieval,coco5_i2t_R@1,0.1951999962329864,3,/mnt/fast/nobackup/scratch4weeks/pp01184/alignment_vlm/checkpoints/dinov2_vits14_all_minilm_l6_v2_local/best.pt,full
dinov2_vits14__all_minilm_l6_v2__local,dinov2_vits14,all_minilm_l6_v2,local,coco_retrieval,coco5_i2t_R@5,0.4555999934673309,3,/mnt/fast/nobackup/scratch4weeks/pp01184/alignment_vlm/checkpoints/dinov2_vits14_all_minilm_l6_v2_local/best.pt,full
dinov2_vits14__all_minilm_l6_v2__local,dinov2_vits14,all_minilm_l6_v2,local,coco_retrieval,coco5_i2t_R@10,0.5950000286102295,3,/mnt/fast/nobackup/scratch4weeks/pp01184/alignment_vlm/checkpoints/dinov2_vits14_all_minilm_l6_v2_local/best.pt,full
dinov2_vits14__all_minilm_l6_v2__local,dinov2_vits14,all_minilm_l6_v2,local,coco_retrieval,coco5_mean_rank_i2t,25.08699989318848,3,/mnt/fast/nobackup/scratch4weeks/pp01184/alignment_vlm/checkpoints/dinov2_vits14_all_minilm_l6_v2_local/best.pt,full
dinov2_vits14__all_minilm_l6_v2__local,dinov2_vits14,all_minilm_l6_v2,local,coco_retrieval,coco5_median_rank_i2t,7.0,3,/mnt/fast/nobackup/scratch4weeks/pp01184/alignment_vlm/checkpoints/dinov2_vits14_all_minilm_l6_v2_local/best.pt,full
dinov2_vits14__all_minilm_l6_v2__local,dinov2_vits14,all_minilm_l6_v2,local,coco_retrieval,coco5_t2i_R@1,0.1604701429605484,3,/mnt/fast/nobackup/scratch4weeks/pp01184/alignment_vlm/checkpoints/dinov2_vits14_all_minilm_l6_v2_local/best.pt,full
dinov2_vits14__all_minilm_l6_v2__local,dinov2_vits14,all_minilm_l6_v2,local,coco_retrieval,coco5_t2i_R@5,0.4093307852745056,3,/mnt/fast/nobackup/scratch4weeks/pp01184/alignment_vlm/checkpoints/dinov2_vits14_all_minilm_l6_v2_local/best.pt,full
dinov2_vits14__all_minilm_l6_v2__local,dinov2_vits14,all_minilm_l6_v2,local,coco_retrieval,coco5_t2i_R@10,0.5450947284698486,3,/mnt/fast/nobackup/scratch4weeks/pp01184/alignment_vlm/checkpoints/dinov2_vits14_all_minilm_l6_v2_local/best.pt,full
dinov2_vits14__all_minilm_l6_v2__local,dinov2_vits14,all_minilm_l6_v2,local,coco_retrieval,coco5_mean_rank_t2i,30.959861755371094,3,/mnt/fast/nobackup/scratch4weeks/pp01184/alignment_vlm/checkpoints/dinov2_vits14_all_minilm_l6_v2_local/best.pt,full
dinov2_vits14__all_minilm_l6_v2__local,dinov2_vits14,all_minilm_l6_v2,local,coco_retrieval,coco5_median_rank_t2i,8.0,3,/mnt/fast/nobackup/scratch4weeks/pp01184/alignment_vlm/checkpoints/dinov2_vits14_all_minilm_l6_v2_local/best.pt,full
dinov2_vits14__all_minilm_l6_v2__local,dinov2_vits14,all_minilm_l6_v2,local,coco_retrieval,coco5_num_image_queries,5000.0,3,/mnt/fast/nobackup/scratch4weeks/pp01184/alignment_vlm/checkpoints/dinov2_vits14_all_minilm_l6_v2_local/best.pt,full
dinov2_vits14__all_minilm_l6_v2__local,dinov2_vits14,all_minilm_l6_v2,local,coco_retrieval,coco5_num_text_queries,25014.0,3,/mnt/fast/nobackup/scratch4weeks/pp01184/alignment_vlm/checkpoints/dinov2_vits14_all_minilm_l6_v2_local/best.pt,full
dinov2_vits14__all_minilm_l6_v2__local,dinov2_vits14,all_minilm_l6_v2,local,cifar100_zeroshot,top1_accuracy,0.2603999972343445,3,/mnt/fast/nobackup/scratch4weeks/pp01184/alignment_vlm/checkpoints/dinov2_vits14_all_minilm_l6_v2_local/best.pt,full
dinov2_vits14__all_minilm_l6_v2__local,dinov2_vits14,all_minilm_l6_v2,local,cifar100_zeroshot,top5_accuracy,0.5210000276565552,3,/mnt/fast/nobackup/scratch4weeks/pp01184/alignment_vlm/checkpoints/dinov2_vits14_all_minilm_l6_v2_local/best.pt,full
dinov2_vits14__all_minilm_l6_v2__local,dinov2_vits14,all_minilm_l6_v2,local,cifar100_zeroshot,macro_f1,0.2249824692793962,3,/mnt/fast/nobackup/scratch4weeks/pp01184/alignment_vlm/checkpoints/dinov2_vits14_all_minilm_l6_v2_local/best.pt,full
dinov2_vits14__all_minilm_l6_v2__local,dinov2_vits14,all_minilm_l6_v2,local,cifar100_zeroshot,balanced_accuracy,0.2603999999999999,3,/mnt/fast/nobackup/scratch4weeks/pp01184/alignment_vlm/checkpoints/dinov2_vits14_all_minilm_l6_v2_local/best.pt,full
dinov2_vits14__all_minilm_l6_v2__local,dinov2_vits14,all_minilm_l6_v2,local,cifar100_zeroshot,mean_confidence,0.4268397092819214,3,/mnt/fast/nobackup/scratch4weeks/pp01184/alignment_vlm/checkpoints/dinov2_vits14_all_minilm_l6_v2_local/best.pt,full
dinov2_vits14__all_minilm_l6_v2__local,dinov2_vits14,all_minilm_l6_v2,local,cifar100_zeroshot,classification_margin,-0.0803126618266105,3,/mnt/fast/nobackup/scratch4weeks/pp01184/alignment_vlm/checkpoints/dinov2_vits14_all_minilm_l6_v2_local/best.pt,full
dinov2_vits14__all_minilm_l6_v2__local,dinov2_vits14,all_minilm_l6_v2,local,cifar100_zeroshot,top1_margin,0.2791201472282409,3,/mnt/fast/nobackup/scratch4weeks/pp01184/alignment_vlm/checkpoints/dinov2_vits14_all_minilm_l6_v2_local/best.pt,full
dinov2_vits14__all_minilm_l6_v2__local,dinov2_vits14,all_minilm_l6_v2,local,pets_zeroshot,top1_accuracy,0.0564186424016952,3,/mnt/fast/nobackup/scratch4weeks/pp01184/alignment_vlm/checkpoints/dinov2_vits14_all_minilm_l6_v2_local/best.pt,full
dinov2_vits14__all_minilm_l6_v2__local,dinov2_vits14,all_minilm_l6_v2,local,pets_zeroshot,top5_accuracy,0.2232215851545334,3,/mnt/fast/nobackup/scratch4weeks/pp01184/alignment_vlm/checkpoints/dinov2_vits14_all_minilm_l6_v2_local/best.pt,full
dinov2_vits14__all_minilm_l6_v2__local,dinov2_vits14,all_minilm_l6_v2,local,pets_zeroshot,macro_f1,0.0409897073974501,3,/mnt/fast/nobackup/scratch4weeks/pp01184/alignment_vlm/checkpoints/dinov2_vits14_all_minilm_l6_v2_local/best.pt,full
dinov2_vits14__all_minilm_l6_v2__local,dinov2_vits14,all_minilm_l6_v2,local,pets_zeroshot,balanced_accuracy,0.0568560491032401,3,/mnt/fast/nobackup/scratch4weeks/pp01184/alignment_vlm/checkpoints/dinov2_vits14_all_minilm_l6_v2_local/best.pt,full
dinov2_vits14__all_minilm_l6_v2__local,dinov2_vits14,all_minilm_l6_v2,local,pets_zeroshot,mean_confidence,0.2808367311954498,3,/mnt/fast/nobackup/scratch4weeks/pp01184/alignment_vlm/checkpoints/dinov2_vits14_all_minilm_l6_v2_local/best.pt,full
dinov2_vits14__all_minilm_l6_v2__local,dinov2_vits14,all_minilm_l6_v2,local,pets_zeroshot,classification_margin,-0.2296512722969055,3,/mnt/fast/nobackup/scratch4weeks/pp01184/alignment_vlm/checkpoints/dinov2_vits14_all_minilm_l6_v2_local/best.pt,full
dinov2_vits14__all_minilm_l6_v2__local,dinov2_vits14,all_minilm_l6_v2,local,pets_zeroshot,top1_margin,0.1240198910236358,3,/mnt/fast/nobackup/scratch4weeks/pp01184/alignment_vlm/checkpoints/dinov2_vits14_all_minilm_l6_v2_local/best.pt,full
dinov2_vits14__all_minilm_l6_v2__local,dinov2_vits14,all_minilm_l6_v2,local,eurosat_zeroshot,top1_accuracy,0.1945185214281082,3,/mnt/fast/nobackup/scratch4weeks/pp01184/alignment_vlm/checkpoints/dinov2_vits14_all_minilm_l6_v2_local/best.pt,full
dinov2_vits14__all_minilm_l6_v2__local,dinov2_vits14,all_minilm_l6_v2,local,eurosat_zeroshot,top5_accuracy,0.6014444231987,3,/mnt/fast/nobackup/scratch4weeks/pp01184/alignment_vlm/checkpoints/dinov2_vits14_all_minilm_l6_v2_local/best.pt,full
dinov2_vits14__all_minilm_l6_v2__local,dinov2_vits14,all_minilm_l6_v2,local,eurosat_zeroshot,macro_f1,0.1654086669261534,3,/mnt/fast/nobackup/scratch4weeks/pp01184/alignment_vlm/checkpoints/dinov2_vits14_all_minilm_l6_v2_local/best.pt,full
dinov2_vits14__all_minilm_l6_v2__local,dinov2_vits14,all_minilm_l6_v2,local,eurosat_zeroshot,balanced_accuracy,0.2022566666666666,3,/mnt/fast/nobackup/scratch4weeks/pp01184/alignment_vlm/checkpoints/dinov2_vits14_all_minilm_l6_v2_local/best.pt,full
dinov2_vits14__all_minilm_l6_v2__local,dinov2_vits14,all_minilm_l6_v2,local,eurosat_zeroshot,mean_confidence,0.5082635283470154,3,/mnt/fast/nobackup/scratch4weeks/pp01184/alignment_vlm/checkpoints/dinov2_vits14_all_minilm_l6_v2_local/best.pt,full
dinov2_vits14__all_minilm_l6_v2__local,dinov2_vits14,all_minilm_l6_v2,local,eurosat_zeroshot,classification_margin,-0.2808260321617126,3,/mnt/fast/nobackup/scratch4weeks/pp01184/alignment_vlm/checkpoints/dinov2_vits14_all_minilm_l6_v2_local/best.pt,full
dinov2_vits14__all_minilm_l6_v2__local,dinov2_vits14,all_minilm_l6_v2,local,eurosat_zeroshot,top1_margin,0.3116294741630554,3,/mnt/fast/nobackup/scratch4weeks/pp01184/alignment_vlm/checkpoints/dinov2_vits14_all_minilm_l6_v2_local/best.pt,full
convnextv2_tiny__all_minilm_l6_v2__local_global,convnextv2_tiny,all_minilm_l6_v2,local_global,coco_retrieval,coco5_i2t_R@1,0.1829999983310699,2,/mnt/fast/nobackup/scratch4weeks/pp01184/alignment_vlm/checkpoints/convnextv2_tiny_all_minilm_l6_v2_local_global/best.pt,full
convnextv2_tiny__all_minilm_l6_v2__local_global,convnextv2_tiny,all_minilm_l6_v2,local_global,coco_retrieval,coco5_i2t_R@5,0.4361999928951263,2,/mnt/fast/nobackup/scratch4weeks/pp01184/alignment_vlm/checkpoints/convnextv2_tiny_all_minilm_l6_v2_local_global/best.pt,full
convnextv2_tiny__all_minilm_l6_v2__local_global,convnextv2_tiny,all_minilm_l6_v2,local_global,coco_retrieval,coco5_i2t_R@10,0.5767999887466431,2,/mnt/fast/nobackup/scratch4weeks/pp01184/alignment_vlm/checkpoints/convnextv2_tiny_all_minilm_l6_v2_local_global/best.pt,full
convnextv2_tiny__all_minilm_l6_v2__local_global,convnextv2_tiny,all_minilm_l6_v2,local_global,coco_retrieval,coco5_mean_rank_i2t,28.31800079345703,2,/mnt/fast/nobackup/scratch4weeks/pp01184/alignment_vlm/checkpoints/convnextv2_tiny_all_minilm_l6_v2_local_global/best.pt,full
convnextv2_tiny__all_minilm_l6_v2__local_global,convnextv2_tiny,all_minilm_l6_v2,local_global,coco_retrieval,coco5_median_rank_i2t,8.0,2,/mnt/fast/nobackup/scratch4weeks/pp01184/alignment_vlm/checkpoints/convnextv2_tiny_all_minilm_l6_v2_local_global/best.pt,full
convnextv2_tiny__all_minilm_l6_v2__local_global,convnextv2_tiny,all_minilm_l6_v2,local_global,coco_retrieval,coco5_t2i_R@1,0.1547933220863342,2,/mnt/fast/nobackup/scratch4weeks/pp01184/alignment_vlm/checkpoints/convnextv2_tiny_all_minilm_l6_v2_local_global/best.pt,full
convnextv2_tiny__all_minilm_l6_v2__local_global,convnextv2_tiny,all_minilm_l6_v2,local_global,coco_retrieval,coco5_t2i_R@5,0.3957383930683136,2,/mnt/fast/nobackup/scratch4weeks/pp01184/alignment_vlm/checkpoints/convnextv2_tiny_all_minilm_l6_v2_local_global/best.pt,full
convnextv2_tiny__all_minilm_l6_v2__local_global,convnextv2_tiny,all_minilm_l6_v2,local_global,coco_retrieval,coco5_t2i_R@10,0.5383385419845581,2,/mnt/fast/nobackup/scratch4weeks/pp01184/alignment_vlm/checkpoints/convnextv2_tiny_all_minilm_l6_v2_local_global/best.pt,full
convnextv2_tiny__all_minilm_l6_v2__local_global,convnextv2_tiny,all_minilm_l6_v2,local_global,coco_retrieval,coco5_mean_rank_t2i,33.266212463378906,2,/mnt/fast/nobackup/scratch4weeks/pp01184/alignment_vlm/checkpoints/convnextv2_tiny_all_minilm_l6_v2_local_global/best.pt,full
convnextv2_tiny__all_minilm_l6_v2__local_global,convnextv2_tiny,all_minilm_l6_v2,local_global,coco_retrieval,coco5_median_rank_t2i,9.0,2,/mnt/fast/nobackup/scratch4weeks/pp01184/alignment_vlm/checkpoints/convnextv2_tiny_all_minilm_l6_v2_local_global/best.pt,full
convnextv2_tiny__all_minilm_l6_v2__local_global,convnextv2_tiny,all_minilm_l6_v2,local_global,coco_retrieval,coco5_num_image_queries,5000.0,2,/mnt/fast/nobackup/scratch4weeks/pp01184/alignment_vlm/checkpoints/convnextv2_tiny_all_minilm_l6_v2_local_global/best.pt,full
convnextv2_tiny__all_minilm_l6_v2__local_global,convnextv2_tiny,all_minilm_l6_v2,local_global,coco_retrieval,coco5_num_text_queries,25014.0,2,/mnt/fast/nobackup/scratch4weeks/pp01184/alignment_vlm/checkpoints/convnextv2_tiny_all_minilm_l6_v2_local_global/best.pt,full
convnextv2_tiny__all_minilm_l6_v2__local_global,convnextv2_tiny,all_minilm_l6_v2,local_global,cifar100_zeroshot,top1_accuracy,0.2901000082492828,2,/mnt/fast/nobackup/scratch4weeks/pp01184/alignment_vlm/checkpoints/convnextv2_tiny_all_minilm_l6_v2_local_global/best.pt,full
convnextv2_tiny__all_minilm_l6_v2__local_global,convnextv2_tiny,all_minilm_l6_v2,local_global,cifar100_zeroshot,top5_accuracy,0.5263000130653381,2,/mnt/fast/nobackup/scratch4weeks/pp01184/alignment_vlm/checkpoints/convnextv2_tiny_all_minilm_l6_v2_local_global/best.pt,full
convnextv2_tiny__all_minilm_l6_v2__local_global,convnextv2_tiny,all_minilm_l6_v2,local_global,cifar100_zeroshot,macro_f1,0.2504780418588992,2,/mnt/fast/nobackup/scratch4weeks/pp01184/alignment_vlm/checkpoints/convnextv2_tiny_all_minilm_l6_v2_local_global/best.pt,full
convnextv2_tiny__all_minilm_l6_v2__local_global,convnextv2_tiny,all_minilm_l6_v2,local_global,cifar100_zeroshot,balanced_accuracy,0.2901000000000002,2,/mnt/fast/nobackup/scratch4weeks/pp01184/alignment_vlm/checkpoints/convnextv2_tiny_all_minilm_l6_v2_local_global/best.pt,full
convnextv2_tiny__all_minilm_l6_v2__local_global,convnextv2_tiny,all_minilm_l6_v2,local_global,cifar100_zeroshot,mean_confidence,0.394816517829895,2,/mnt/fast/nobackup/scratch4weeks/pp01184/alignment_vlm/checkpoints/convnextv2_tiny_all_minilm_l6_v2_local_global/best.pt,full
convnextv2_tiny__all_minilm_l6_v2__local_global,convnextv2_tiny,all_minilm_l6_v2,local_global,cifar100_zeroshot,classification_margin,-0.027151696383953,2,/mnt/fast/nobackup/scratch4weeks/pp01184/alignment_vlm/checkpoints/convnextv2_tiny_all_minilm_l6_v2_local_global/best.pt,full
convnextv2_tiny__all_minilm_l6_v2__local_global,convnextv2_tiny,all_minilm_l6_v2,local_global,cifar100_zeroshot,top1_margin,0.2653913497924804,2,/mnt/fast/nobackup/scratch4weeks/pp01184/alignment_vlm/checkpoints/convnextv2_tiny_all_minilm_l6_v2_local_global/best.pt,full
convnextv2_tiny__all_minilm_l6_v2__local_global,convnextv2_tiny,all_minilm_l6_v2,local_global,pets_zeroshot,top1_accuracy,0.0378849804401397,2,/mnt/fast/nobackup/scratch4weeks/pp01184/alignment_vlm/checkpoints/convnextv2_tiny_all_minilm_l6_v2_local_global/best.pt,full
convnextv2_tiny__all_minilm_l6_v2__local_global,convnextv2_tiny,all_minilm_l6_v2,local_global,pets_zeroshot,top5_accuracy,0.1965113133192062,2,/mnt/fast/nobackup/scratch4weeks/pp01184/alignment_vlm/checkpoints/convnextv2_tiny_all_minilm_l6_v2_local_global/best.pt,full
convnextv2_tiny__all_minilm_l6_v2__local_global,convnextv2_tiny,all_minilm_l6_v2,local_global,pets_zeroshot,macro_f1,0.0168708362882014,2,/mnt/fast/nobackup/scratch4weeks/pp01184/alignment_vlm/checkpoints/convnextv2_tiny_all_minilm_l6_v2_local_global/best.pt,full
convnextv2_tiny__all_minilm_l6_v2__local_global,convnextv2_tiny,all_minilm_l6_v2,local_global,pets_zeroshot,balanced_accuracy,0.0376030576030576,2,/mnt/fast/nobackup/scratch4weeks/pp01184/alignment_vlm/checkpoints/convnextv2_tiny_all_minilm_l6_v2_local_global/best.pt,full
convnextv2_tiny__all_minilm_l6_v2__local_global,convnextv2_tiny,all_minilm_l6_v2,local_global,pets_zeroshot,mean_confidence,0.2741483449935913,2,/mnt/fast/nobackup/scratch4weeks/pp01184/alignment_vlm/checkpoints/convnextv2_tiny_all_minilm_l6_v2_local_global/best.pt,full
convnextv2_tiny__all_minilm_l6_v2__local_global,convnextv2_tiny,all_minilm_l6_v2,local_global,pets_zeroshot,classification_margin,-0.2301476597785949,2,/mnt/fast/nobackup/scratch4weeks/pp01184/alignment_vlm/checkpoints/convnextv2_tiny_all_minilm_l6_v2_local_global/best.pt,full
convnextv2_tiny__all_minilm_l6_v2__local_global,convnextv2_tiny,all_minilm_l6_v2,local_global,pets_zeroshot,top1_margin,0.1227368712425232,2,/mnt/fast/nobackup/scratch4weeks/pp01184/alignment_vlm/checkpoints/convnextv2_tiny_all_minilm_l6_v2_local_global/best.pt,full
convnextv2_tiny__all_minilm_l6_v2__local_global,convnextv2_tiny,all_minilm_l6_v2,local_global,eurosat_zeroshot,top1_accuracy,0.192185178399086,2,/mnt/fast/nobackup/scratch4weeks/pp01184/alignment_vlm/checkpoints/convnextv2_tiny_all_minilm_l6_v2_local_global/best.pt,full
convnextv2_tiny__all_minilm_l6_v2__local_global,convnextv2_tiny,all_minilm_l6_v2,local_global,eurosat_zeroshot,top5_accuracy,0.6471111178398132,2,/mnt/fast/nobackup/scratch4weeks/pp01184/alignment_vlm/checkpoints/convnextv2_tiny_all_minilm_l6_v2_local_global/best.pt,full
convnextv2_tiny__all_minilm_l6_v2__local_global,convnextv2_tiny,all_minilm_l6_v2,local_global,eurosat_zeroshot,macro_f1,0.157094675843008,2,/mnt/fast/nobackup/scratch4weeks/pp01184/alignment_vlm/checkpoints/convnextv2_tiny_all_minilm_l6_v2_local_global/best.pt,full
convnextv2_tiny__all_minilm_l6_v2__local_global,convnextv2_tiny,all_minilm_l6_v2,local_global,eurosat_zeroshot,balanced_accuracy,0.1931033333333333,2,/mnt/fast/nobackup/scratch4weeks/pp01184/alignment_vlm/checkpoints/convnextv2_tiny_all_minilm_l6_v2_local_global/best.pt,full
convnextv2_tiny__all_minilm_l6_v2__local_global,convnextv2_tiny,all_minilm_l6_v2,local_global,eurosat_zeroshot,mean_confidence,0.5545775294303894,2,/mnt/fast/nobackup/scratch4weeks/pp01184/alignment_vlm/checkpoints/convnextv2_tiny_all_minilm_l6_v2_local_global/best.pt,full
convnextv2_tiny__all_minilm_l6_v2__local_global,convnextv2_tiny,all_minilm_l6_v2,local_global,eurosat_zeroshot,classification_margin,-0.2998415231704712,2,/mnt/fast/nobackup/scratch4weeks/pp01184/alignment_vlm/checkpoints/convnextv2_tiny_all_minilm_l6_v2_local_global/best.pt,full
convnextv2_tiny__all_minilm_l6_v2__local_global,convnextv2_tiny,all_minilm_l6_v2,local_global,eurosat_zeroshot,top1_margin,0.349997878074646,2,/mnt/fast/nobackup/scratch4weeks/pp01184/alignment_vlm/checkpoints/convnextv2_tiny_all_minilm_l6_v2_local_global/best.pt,full
dinov2_vits14__bge_small_en__local,dinov2_vits14,bge_small_en,local,coco_retrieval,coco5_i2t_R@1,0.1824000030755996,2,/mnt/fast/nobackup/scratch4weeks/pp01184/alignment_vlm/checkpoints/dinov2_vits14_bge_small_en_local/best.pt,full
dinov2_vits14__bge_small_en__local,dinov2_vits14,bge_small_en,local,coco_retrieval,coco5_i2t_R@5,0.4413999915122986,2,/mnt/fast/nobackup/scratch4weeks/pp01184/alignment_vlm/checkpoints/dinov2_vits14_bge_small_en_local/best.pt,full
dinov2_vits14__bge_small_en__local,dinov2_vits14,bge_small_en,local,coco_retrieval,coco5_i2t_R@10,0.5803999900817871,2,/mnt/fast/nobackup/scratch4weeks/pp01184/alignment_vlm/checkpoints/dinov2_vits14_bge_small_en_local/best.pt,full
dinov2_vits14__bge_small_en__local,dinov2_vits14,bge_small_en,local,coco_retrieval,coco5_mean_rank_i2t,26.14080047607422,2,/mnt/fast/nobackup/scratch4weeks/pp01184/alignment_vlm/checkpoints/dinov2_vits14_bge_small_en_local/best.pt,full
dinov2_vits14__bge_small_en__local,dinov2_vits14,bge_small_en,local,coco_retrieval,coco5_median_rank_i2t,7.0,2,/mnt/fast/nobackup/scratch4weeks/pp01184/alignment_vlm/checkpoints/dinov2_vits14_bge_small_en_local/best.pt,full
dinov2_vits14__bge_small_en__local,dinov2_vits14,bge_small_en,local,coco_retrieval,coco5_t2i_R@1,0.154113695025444,2,/mnt/fast/nobackup/scratch4weeks/pp01184/alignment_vlm/checkpoints/dinov2_vits14_bge_small_en_local/best.pt,full
dinov2_vits14__bge_small_en__local,dinov2_vits14,bge_small_en,local,coco_retrieval,coco5_t2i_R@5,0.3986967206001282,2,/mnt/fast/nobackup/scratch4weeks/pp01184/alignment_vlm/checkpoints/dinov2_vits14_bge_small_en_local/best.pt,full
dinov2_vits14__bge_small_en__local,dinov2_vits14,bge_small_en,local,coco_retrieval,coco5_t2i_R@10,0.5359398722648621,2,/mnt/fast/nobackup/scratch4weeks/pp01184/alignment_vlm/checkpoints/dinov2_vits14_bge_small_en_local/best.pt,full
dinov2_vits14__bge_small_en__local,dinov2_vits14,bge_small_en,local,coco_retrieval,coco5_mean_rank_t2i,32.55748748779297,2,/mnt/fast/nobackup/scratch4weeks/pp01184/alignment_vlm/checkpoints/dinov2_vits14_bge_small_en_local/best.pt,full
dinov2_vits14__bge_small_en__local,dinov2_vits14,bge_small_en,local,coco_retrieval,coco5_median_rank_t2i,9.0,2,/mnt/fast/nobackup/scratch4weeks/pp01184/alignment_vlm/checkpoints/dinov2_vits14_bge_small_en_local/best.pt,full
dinov2_vits14__bge_small_en__local,dinov2_vits14,bge_small_en,local,coco_retrieval,coco5_num_image_queries,5000.0,2,/mnt/fast/nobackup/scratch4weeks/pp01184/alignment_vlm/checkpoints/dinov2_vits14_bge_small_en_local/best.pt,full
dinov2_vits14__bge_small_en__local,dinov2_vits14,bge_small_en,local,coco_retrieval,coco5_num_text_queries,25014.0,2,/mnt/fast/nobackup/scratch4weeks/pp01184/alignment_vlm/checkpoints/dinov2_vits14_bge_small_en_local/best.pt,full
dinov2_vits14__bge_small_en__local,dinov2_vits14,bge_small_en,local,cifar100_zeroshot,top1_accuracy,0.2608000040054321,2,/mnt/fast/nobackup/scratch4weeks/pp01184/alignment_vlm/checkpoints/dinov2_vits14_bge_small_en_local/best.pt,full
dinov2_vits14__bge_small_en__local,dinov2_vits14,bge_small_en,local,cifar100_zeroshot,top5_accuracy,0.4959000051021576,2,/mnt/fast/nobackup/scratch4weeks/pp01184/alignment_vlm/checkpoints/dinov2_vits14_bge_small_en_local/best.pt,full
dinov2_vits14__bge_small_en__local,dinov2_vits14,bge_small_en,local,cifar100_zeroshot,macro_f1,0.2388473796606201,2,/mnt/fast/nobackup/scratch4weeks/pp01184/alignment_vlm/checkpoints/dinov2_vits14_bge_small_en_local/best.pt,full
dinov2_vits14__bge_small_en__local,dinov2_vits14,bge_small_en,local,cifar100_zeroshot,balanced_accuracy,0.2608000000000001,2,/mnt/fast/nobackup/scratch4weeks/pp01184/alignment_vlm/checkpoints/dinov2_vits14_bge_small_en_local/best.pt,full
dinov2_vits14__bge_small_en__local,dinov2_vits14,bge_small_en,local,cifar100_zeroshot,mean_confidence,0.3631198704242706,2,/mnt/fast/nobackup/scratch4weeks/pp01184/alignment_vlm/checkpoints/dinov2_vits14_bge_small_en_local/best.pt,full
dinov2_vits14__bge_small_en__local,dinov2_vits14,bge_small_en,local,cifar100_zeroshot,classification_margin,-0.0533525645732879,2,/mnt/fast/nobackup/scratch4weeks/pp01184/alignment_vlm/checkpoints/dinov2_vits14_bge_small_en_local/best.pt,full
dinov2_vits14__bge_small_en__local,dinov2_vits14,bge_small_en,local,cifar100_zeroshot,top1_margin,0.2243001013994217,2,/mnt/fast/nobackup/scratch4weeks/pp01184/alignment_vlm/checkpoints/dinov2_vits14_bge_small_en_local/best.pt,full
dinov2_vits14__bge_small_en__local,dinov2_vits14,bge_small_en,local,pets_zeroshot,top1_accuracy,0.0585990734398365,2,/mnt/fast/nobackup/scratch4weeks/pp01184/alignment_vlm/checkpoints/dinov2_vits14_bge_small_en_local/best.pt,full
dinov2_vits14__bge_small_en__local,dinov2_vits14,bge_small_en,local,pets_zeroshot,top5_accuracy,0.2262196838855743,2,/mnt/fast/nobackup/scratch4weeks/pp01184/alignment_vlm/checkpoints/dinov2_vits14_bge_small_en_local/best.pt,full
dinov2_vits14__bge_small_en__local,dinov2_vits14,bge_small_en,local,pets_zeroshot,macro_f1,0.0377407535800561,2,/mnt/fast/nobackup/scratch4weeks/pp01184/alignment_vlm/checkpoints/dinov2_vits14_bge_small_en_local/best.pt,full
dinov2_vits14__bge_small_en__local,dinov2_vits14,bge_small_en,local,pets_zeroshot,balanced_accuracy,0.0585839567862039,2,/mnt/fast/nobackup/scratch4weeks/pp01184/alignment_vlm/checkpoints/dinov2_vits14_bge_small_en_local/best.pt,full
dinov2_vits14__bge_small_en__local,dinov2_vits14,bge_small_en,local,pets_zeroshot,mean_confidence,0.2273830026388168,2,/mnt/fast/nobackup/scratch4weeks/pp01184/alignment_vlm/checkpoints/dinov2_vits14_bge_small_en_local/best.pt,full
dinov2_vits14__bge_small_en__local,dinov2_vits14,bge_small_en,local,pets_zeroshot,classification_margin,-0.1793386042118072,2,/mnt/fast/nobackup/scratch4weeks/pp01184/alignment_vlm/checkpoints/dinov2_vits14_bge_small_en_local/best.pt,full
dinov2_vits14__bge_small_en__local,dinov2_vits14,bge_small_en,local,pets_zeroshot,top1_margin,0.0799885541200637,2,/mnt/fast/nobackup/scratch4weeks/pp01184/alignment_vlm/checkpoints/dinov2_vits14_bge_small_en_local/best.pt,full
dinov2_vits14__bge_small_en__local,dinov2_vits14,bge_small_en,local,eurosat_zeroshot,top1_accuracy,0.2177037000656128,2,/mnt/fast/nobackup/scratch4weeks/pp01184/alignment_vlm/checkpoints/dinov2_vits14_bge_small_en_local/best.pt,full
dinov2_vits14__bge_small_en__local,dinov2_vits14,bge_small_en,local,eurosat_zeroshot,top5_accuracy,0.6419259309768677,2,/mnt/fast/nobackup/scratch4weeks/pp01184/alignment_vlm/checkpoints/dinov2_vits14_bge_small_en_local/best.pt,full
dinov2_vits14__bge_small_en__local,dinov2_vits14,bge_small_en,local,eurosat_zeroshot,macro_f1,0.1647373476496098,2,/mnt/fast/nobackup/scratch4weeks/pp01184/alignment_vlm/checkpoints/dinov2_vits14_bge_small_en_local/best.pt,full
dinov2_vits14__bge_small_en__local,dinov2_vits14,bge_small_en,local,eurosat_zeroshot,balanced_accuracy,0.2104099999999999,2,/mnt/fast/nobackup/scratch4weeks/pp01184/alignment_vlm/checkpoints/dinov2_vits14_bge_small_en_local/best.pt,full
dinov2_vits14__bge_small_en__local,dinov2_vits14,bge_small_en,local,eurosat_zeroshot,mean_confidence,0.5041452646255493,2,/mnt/fast/nobackup/scratch4weeks/pp01184/alignment_vlm/checkpoints/dinov2_vits14_bge_small_en_local/best.pt,full
dinov2_vits14__bge_small_en__local,dinov2_vits14,bge_small_en,local,eurosat_zeroshot,classification_margin,-0.2500031292438507,2,/mnt/fast/nobackup/scratch4weeks/pp01184/alignment_vlm/checkpoints/dinov2_vits14_bge_small_en_local/best.pt,full
dinov2_vits14__bge_small_en__local,dinov2_vits14,bge_small_en,local,eurosat_zeroshot,top1_margin,0.2944037616252899,2,/mnt/fast/nobackup/scratch4weeks/pp01184/alignment_vlm/checkpoints/dinov2_vits14_bge_small_en_local/best.pt,full
