config_id,vision_encoder,text_encoder,variant,task,metric,value,best_epoch,checkpoint,mode,split_role,dataset_split
convnext_tiny__bge_small_en__baseline,convnext_tiny,bge_small_en,baseline,coco_retrieval,coco5_i2t_R@1,0.1777999997138977,2,/mnt/fast/nobackup/scratch4weeks/pp01184/alignment_vlm/checkpoints/convnext_tiny_bge_small_en_baseline/best.pt,full,development,coco_val2017_development
convnext_tiny__bge_small_en__baseline,convnext_tiny,bge_small_en,baseline,coco_retrieval,coco5_i2t_R@5,0.4090000092983246,2,/mnt/fast/nobackup/scratch4weeks/pp01184/alignment_vlm/checkpoints/convnext_tiny_bge_small_en_baseline/best.pt,full,development,coco_val2017_development
convnext_tiny__bge_small_en__baseline,convnext_tiny,bge_small_en,baseline,coco_retrieval,coco5_i2t_R@10,0.5482000112533569,2,/mnt/fast/nobackup/scratch4weeks/pp01184/alignment_vlm/checkpoints/convnext_tiny_bge_small_en_baseline/best.pt,full,development,coco_val2017_development
convnext_tiny__bge_small_en__baseline,convnext_tiny,bge_small_en,baseline,coco_retrieval,coco5_mean_rank_i2t,29.08839988708496,2,/mnt/fast/nobackup/scratch4weeks/pp01184/alignment_vlm/checkpoints/convnext_tiny_bge_small_en_baseline/best.pt,full,development,coco_val2017_development
convnext_tiny__bge_small_en__baseline,convnext_tiny,bge_small_en,baseline,coco_retrieval,coco5_median_rank_i2t,8.0,2,/mnt/fast/nobackup/scratch4weeks/pp01184/alignment_vlm/checkpoints/convnext_tiny_bge_small_en_baseline/best.pt,full,development,coco_val2017_development
convnext_tiny__bge_small_en__baseline,convnext_tiny,bge_small_en,baseline,coco_retrieval,coco5_t2i_R@1,0.1488366574048996,2,/mnt/fast/nobackup/scratch4weeks/pp01184/alignment_vlm/checkpoints/convnext_tiny_bge_small_en_baseline/best.pt,full,development,coco_val2017_development
convnext_tiny__bge_small_en__baseline,convnext_tiny,bge_small_en,baseline,coco_retrieval,coco5_t2i_R@5,0.3830654919147491,2,/mnt/fast/nobackup/scratch4weeks/pp01184/alignment_vlm/checkpoints/convnext_tiny_bge_small_en_baseline/best.pt,full,development,coco_val2017_development
convnext_tiny__bge_small_en__baseline,convnext_tiny,bge_small_en,baseline,coco_retrieval,coco5_t2i_R@10,0.5231470465660095,2,/mnt/fast/nobackup/scratch4weeks/pp01184/alignment_vlm/checkpoints/convnext_tiny_bge_small_en_baseline/best.pt,full,development,coco_val2017_development
convnext_tiny__bge_small_en__baseline,convnext_tiny,bge_small_en,baseline,coco_retrieval,coco5_mean_rank_t2i,32.45778274536133,2,/mnt/fast/nobackup/scratch4weeks/pp01184/alignment_vlm/checkpoints/convnext_tiny_bge_small_en_baseline/best.pt,full,development,coco_val2017_development
convnext_tiny__bge_small_en__baseline,convnext_tiny,bge_small_en,baseline,coco_retrieval,coco5_median_rank_t2i,9.0,2,/mnt/fast/nobackup/scratch4weeks/pp01184/alignment_vlm/checkpoints/convnext_tiny_bge_small_en_baseline/best.pt,full,development,coco_val2017_development
convnext_tiny__bge_small_en__baseline,convnext_tiny,bge_small_en,baseline,coco_retrieval,coco5_num_image_queries,5000.0,2,/mnt/fast/nobackup/scratch4weeks/pp01184/alignment_vlm/checkpoints/convnext_tiny_bge_small_en_baseline/best.pt,full,development,coco_val2017_development
convnext_tiny__bge_small_en__baseline,convnext_tiny,bge_small_en,baseline,coco_retrieval,coco5_num_text_queries,25014.0,2,/mnt/fast/nobackup/scratch4weeks/pp01184/alignment_vlm/checkpoints/convnext_tiny_bge_small_en_baseline/best.pt,full,development,coco_val2017_development
convnext_tiny__distilbert__baseline,convnext_tiny,distilbert,baseline,coco_retrieval,coco5_i2t_R@1,0.1198000013828277,1,/mnt/fast/nobackup/scratch4weeks/pp01184/alignment_vlm/checkpoints/convnext_tiny_distilbert_baseline/best.pt,full,development,coco_val2017_development
convnext_tiny__distilbert__baseline,convnext_tiny,distilbert,baseline,coco_retrieval,coco5_i2t_R@5,0.321399986743927,1,/mnt/fast/nobackup/scratch4weeks/pp01184/alignment_vlm/checkpoints/convnext_tiny_distilbert_baseline/best.pt,full,development,coco_val2017_development
convnext_tiny__distilbert__baseline,convnext_tiny,distilbert,baseline,coco_retrieval,coco5_i2t_R@10,0.4550000131130218,1,/mnt/fast/nobackup/scratch4weeks/pp01184/alignment_vlm/checkpoints/convnext_tiny_distilbert_baseline/best.pt,full,development,coco_val2017_development
convnext_tiny__distilbert__baseline,convnext_tiny,distilbert,baseline,coco_retrieval,coco5_mean_rank_i2t,39.57400131225586,1,/mnt/fast/nobackup/scratch4weeks/pp01184/alignment_vlm/checkpoints/convnext_tiny_distilbert_baseline/best.pt,full,development,coco_val2017_development
convnext_tiny__distilbert__baseline,convnext_tiny,distilbert,baseline,coco_retrieval,coco5_median_rank_i2t,13.0,1,/mnt/fast/nobackup/scratch4weeks/pp01184/alignment_vlm/checkpoints/convnext_tiny_distilbert_baseline/best.pt,full,development,coco_val2017_development
convnext_tiny__distilbert__baseline,convnext_tiny,distilbert,baseline,coco_retrieval,coco5_t2i_R@1,0.1017030477523803,1,/mnt/fast/nobackup/scratch4weeks/pp01184/alignment_vlm/checkpoints/convnext_tiny_distilbert_baseline/best.pt,full,development,coco_val2017_development
convnext_tiny__distilbert__baseline,convnext_tiny,distilbert,baseline,coco_retrieval,coco5_t2i_R@5,0.2937954664230346,1,/mnt/fast/nobackup/scratch4weeks/pp01184/alignment_vlm/checkpoints/convnext_tiny_distilbert_baseline/best.pt,full,development,coco_val2017_development
convnext_tiny__distilbert__baseline,convnext_tiny,distilbert,baseline,coco_retrieval,coco5_t2i_R@10,0.4242024421691894,1,/mnt/fast/nobackup/scratch4weeks/pp01184/alignment_vlm/checkpoints/convnext_tiny_distilbert_baseline/best.pt,full,development,coco_val2017_development
convnext_tiny__distilbert__baseline,convnext_tiny,distilbert,baseline,coco_retrieval,coco5_mean_rank_t2i,46.24062347412109,1,/mnt/fast/nobackup/scratch4weeks/pp01184/alignment_vlm/checkpoints/convnext_tiny_distilbert_baseline/best.pt,full,development,coco_val2017_development
convnext_tiny__distilbert__baseline,convnext_tiny,distilbert,baseline,coco_retrieval,coco5_median_rank_t2i,15.0,1,/mnt/fast/nobackup/scratch4weeks/pp01184/alignment_vlm/checkpoints/convnext_tiny_distilbert_baseline/best.pt,full,development,coco_val2017_development
convnext_tiny__distilbert__baseline,convnext_tiny,distilbert,baseline,coco_retrieval,coco5_num_image_queries,5000.0,1,/mnt/fast/nobackup/scratch4weeks/pp01184/alignment_vlm/checkpoints/convnext_tiny_distilbert_baseline/best.pt,full,development,coco_val2017_development
convnext_tiny__distilbert__baseline,convnext_tiny,distilbert,baseline,coco_retrieval,coco5_num_text_queries,25014.0,1,/mnt/fast/nobackup/scratch4weeks/pp01184/alignment_vlm/checkpoints/convnext_tiny_distilbert_baseline/best.pt,full,development,coco_val2017_development
convnext_tiny__e5_small_v2__baseline,convnext_tiny,e5_small_v2,baseline,coco_retrieval,coco5_i2t_R@1,0.1659999936819076,2,/mnt/fast/nobackup/scratch4weeks/pp01184/alignment_vlm/checkpoints/convnext_tiny_e5_small_v2_baseline/best.pt,full,development,coco_val2017_development
convnext_tiny__e5_small_v2__baseline,convnext_tiny,e5_small_v2,baseline,coco_retrieval,coco5_i2t_R@5,0.3959999978542328,2,/mnt/fast/nobackup/scratch4weeks/pp01184/alignment_vlm/checkpoints/convnext_tiny_e5_small_v2_baseline/best.pt,full,development,coco_val2017_development
convnext_tiny__e5_small_v2__baseline,convnext_tiny,e5_small_v2,baseline,coco_retrieval,coco5_i2t_R@10,0.5252000093460083,2,/mnt/fast/nobackup/scratch4weeks/pp01184/alignment_vlm/checkpoints/convnext_tiny_e5_small_v2_baseline/best.pt,full,development,coco_val2017_development
convnext_tiny__e5_small_v2__baseline,convnext_tiny,e5_small_v2,baseline,coco_retrieval,coco5_mean_rank_i2t,33.07460021972656,2,/mnt/fast/nobackup/scratch4weeks/pp01184/alignment_vlm/checkpoints/convnext_tiny_e5_small_v2_baseline/best.pt,full,development,coco_val2017_development
convnext_tiny__e5_small_v2__baseline,convnext_tiny,e5_small_v2,baseline,coco_retrieval,coco5_median_rank_i2t,9.0,2,/mnt/fast/nobackup/scratch4weeks/pp01184/alignment_vlm/checkpoints/convnext_tiny_e5_small_v2_baseline/best.pt,full,development,coco_val2017_development
convnext_tiny__e5_small_v2__baseline,convnext_tiny,e5_small_v2,baseline,coco_retrieval,coco5_t2i_R@1,0.1390421390533447,2,/mnt/fast/nobackup/scratch4weeks/pp01184/alignment_vlm/checkpoints/convnext_tiny_e5_small_v2_baseline/best.pt,full,development,coco_val2017_development
convnext_tiny__e5_small_v2__baseline,convnext_tiny,e5_small_v2,baseline,coco_retrieval,coco5_t2i_R@5,0.3604781329631805,2,/mnt/fast/nobackup/scratch4weeks/pp01184/alignment_vlm/checkpoints/convnext_tiny_e5_small_v2_baseline/best.pt,full,development,coco_val2017_development
convnext_tiny__e5_small_v2__baseline,convnext_tiny,e5_small_v2,baseline,coco_retrieval,coco5_t2i_R@10,0.4998400807380676,2,/mnt/fast/nobackup/scratch4weeks/pp01184/alignment_vlm/checkpoints/convnext_tiny_e5_small_v2_baseline/best.pt,full,development,coco_val2017_development
convnext_tiny__e5_small_v2__baseline,convnext_tiny,e5_small_v2,baseline,coco_retrieval,coco5_mean_rank_t2i,34.15951156616211,2,/mnt/fast/nobackup/scratch4weeks/pp01184/alignment_vlm/checkpoints/convnext_tiny_e5_small_v2_baseline/best.pt,full,development,coco_val2017_development
convnext_tiny__e5_small_v2__baseline,convnext_tiny,e5_small_v2,baseline,coco_retrieval,coco5_median_rank_t2i,11.0,2,/mnt/fast/nobackup/scratch4weeks/pp01184/alignment_vlm/checkpoints/convnext_tiny_e5_small_v2_baseline/best.pt,full,development,coco_val2017_development
convnext_tiny__e5_small_v2__baseline,convnext_tiny,e5_small_v2,baseline,coco_retrieval,coco5_num_image_queries,5000.0,2,/mnt/fast/nobackup/scratch4weeks/pp01184/alignment_vlm/checkpoints/convnext_tiny_e5_small_v2_baseline/best.pt,full,development,coco_val2017_development
convnext_tiny__e5_small_v2__baseline,convnext_tiny,e5_small_v2,baseline,coco_retrieval,coco5_num_text_queries,25014.0,2,/mnt/fast/nobackup/scratch4weeks/pp01184/alignment_vlm/checkpoints/convnext_tiny_e5_small_v2_baseline/best.pt,full,development,coco_val2017_development
convnextv2_tiny__all_minilm_l6_v2__baseline,convnextv2_tiny,all_minilm_l6_v2,baseline,coco_retrieval,coco5_i2t_R@1,0.1700000017881393,2,/mnt/fast/nobackup/scratch4weeks/pp01184/alignment_vlm/checkpoints/convnextv2_tiny_all_minilm_l6_v2_baseline/best.pt,full,development,coco_val2017_development
convnextv2_tiny__all_minilm_l6_v2__baseline,convnextv2_tiny,all_minilm_l6_v2,baseline,coco_retrieval,coco5_i2t_R@5,0.4199999868869781,2,/mnt/fast/nobackup/scratch4weeks/pp01184/alignment_vlm/checkpoints/convnextv2_tiny_all_minilm_l6_v2_baseline/best.pt,full,development,coco_val2017_development
convnextv2_tiny__all_minilm_l6_v2__baseline,convnextv2_tiny,all_minilm_l6_v2,baseline,coco_retrieval,coco5_i2t_R@10,0.5669999718666077,2,/mnt/fast/nobackup/scratch4weeks/pp01184/alignment_vlm/checkpoints/convnextv2_tiny_all_minilm_l6_v2_baseline/best.pt,full,development,coco_val2017_development
convnextv2_tiny__all_minilm_l6_v2__baseline,convnextv2_tiny,all_minilm_l6_v2,baseline,coco_retrieval,coco5_mean_rank_i2t,28.9955997467041,2,/mnt/fast/nobackup/scratch4weeks/pp01184/alignment_vlm/checkpoints/convnextv2_tiny_all_minilm_l6_v2_baseline/best.pt,full,development,coco_val2017_development
convnextv2_tiny__all_minilm_l6_v2__baseline,convnextv2_tiny,all_minilm_l6_v2,baseline,coco_retrieval,coco5_median_rank_i2t,8.0,2,/mnt/fast/nobackup/scratch4weeks/pp01184/alignment_vlm/checkpoints/convnextv2_tiny_all_minilm_l6_v2_baseline/best.pt,full,development,coco_val2017_development
convnextv2_tiny__all_minilm_l6_v2__baseline,convnextv2_tiny,all_minilm_l6_v2,baseline,coco_retrieval,coco5_t2i_R@1,0.1502358615398407,2,/mnt/fast/nobackup/scratch4weeks/pp01184/alignment_vlm/checkpoints/convnextv2_tiny_all_minilm_l6_v2_baseline/best.pt,full,development,coco_val2017_development
convnextv2_tiny__all_minilm_l6_v2__baseline,convnextv2_tiny,all_minilm_l6_v2,baseline,coco_retrieval,coco5_t2i_R@5,0.3875029981136322,2,/mnt/fast/nobackup/scratch4weeks/pp01184/alignment_vlm/checkpoints/convnextv2_tiny_all_minilm_l6_v2_baseline/best.pt,full,development,coco_val2017_development
convnextv2_tiny__all_minilm_l6_v2__baseline,convnextv2_tiny,all_minilm_l6_v2,baseline,coco_retrieval,coco5_t2i_R@10,0.5280243158340454,2,/mnt/fast/nobackup/scratch4weeks/pp01184/alignment_vlm/checkpoints/convnextv2_tiny_all_minilm_l6_v2_baseline/best.pt,full,development,coco_val2017_development
convnextv2_tiny__all_minilm_l6_v2__baseline,convnextv2_tiny,all_minilm_l6_v2,baseline,coco_retrieval,coco5_mean_rank_t2i,34.116214752197266,2,/mnt/fast/nobackup/scratch4weeks/pp01184/alignment_vlm/checkpoints/convnextv2_tiny_all_minilm_l6_v2_baseline/best.pt,full,development,coco_val2017_development
convnextv2_tiny__all_minilm_l6_v2__baseline,convnextv2_tiny,all_minilm_l6_v2,baseline,coco_retrieval,coco5_median_rank_t2i,9.0,2,/mnt/fast/nobackup/scratch4weeks/pp01184/alignment_vlm/checkpoints/convnextv2_tiny_all_minilm_l6_v2_baseline/best.pt,full,development,coco_val2017_development
convnextv2_tiny__all_minilm_l6_v2__baseline,convnextv2_tiny,all_minilm_l6_v2,baseline,coco_retrieval,coco5_num_image_queries,5000.0,2,/mnt/fast/nobackup/scratch4weeks/pp01184/alignment_vlm/checkpoints/convnextv2_tiny_all_minilm_l6_v2_baseline/best.pt,full,development,coco_val2017_development
convnextv2_tiny__all_minilm_l6_v2__baseline,convnextv2_tiny,all_minilm_l6_v2,baseline,coco_retrieval,coco5_num_text_queries,25014.0,2,/mnt/fast/nobackup/scratch4weeks/pp01184/alignment_vlm/checkpoints/convnextv2_tiny_all_minilm_l6_v2_baseline/best.pt,full,development,coco_val2017_development
convnextv2_tiny__bge_small_en__baseline,convnextv2_tiny,bge_small_en,baseline,coco_retrieval,coco5_i2t_R@1,0.1705999970436096,2,/mnt/fast/nobackup/scratch4weeks/pp01184/alignment_vlm/checkpoints/convnextv2_tiny_bge_small_en_baseline/best.pt,full,development,coco_val2017_development
convnextv2_tiny__bge_small_en__baseline,convnextv2_tiny,bge_small_en,baseline,coco_retrieval,coco5_i2t_R@5,0.4081999957561493,2,/mnt/fast/nobackup/scratch4weeks/pp01184/alignment_vlm/checkpoints/convnextv2_tiny_bge_small_en_baseline/best.pt,full,development,coco_val2017_development
convnextv2_tiny__bge_small_en__baseline,convnextv2_tiny,bge_small_en,baseline,coco_retrieval,coco5_i2t_R@10,0.5461999773979187,2,/mnt/fast/nobackup/scratch4weeks/pp01184/alignment_vlm/checkpoints/convnextv2_tiny_bge_small_en_baseline/best.pt,full,development,coco_val2017_development
convnextv2_tiny__bge_small_en__baseline,convnextv2_tiny,bge_small_en,baseline,coco_retrieval,coco5_mean_rank_i2t,30.01160049438477,2,/mnt/fast/nobackup/scratch4weeks/pp01184/alignment_vlm/checkpoints/convnextv2_tiny_bge_small_en_baseline/best.pt,full,development,coco_val2017_development
convnextv2_tiny__bge_small_en__baseline,convnextv2_tiny,bge_small_en,baseline,coco_retrieval,coco5_median_rank_i2t,8.0,2,/mnt/fast/nobackup/scratch4weeks/pp01184/alignment_vlm/checkpoints/convnextv2_tiny_bge_small_en_baseline/best.pt,full,development,coco_val2017_development
convnextv2_tiny__bge_small_en__baseline,convnextv2_tiny,bge_small_en,baseline,coco_retrieval,coco5_t2i_R@1,0.1453985720872879,2,/mnt/fast/nobackup/scratch4weeks/pp01184/alignment_vlm/checkpoints/convnextv2_tiny_bge_small_en_baseline/best.pt,full,development,coco_val2017_development
convnextv2_tiny__bge_small_en__baseline,convnextv2_tiny,bge_small_en,baseline,coco_retrieval,coco5_t2i_R@5,0.3785480260848999,2,/mnt/fast/nobackup/scratch4weeks/pp01184/alignment_vlm/checkpoints/convnextv2_tiny_bge_small_en_baseline/best.pt,full,development,coco_val2017_development
convnextv2_tiny__bge_small_en__baseline,convnextv2_tiny,bge_small_en,baseline,coco_retrieval,coco5_t2i_R@10,0.5184696316719055,2,/mnt/fast/nobackup/scratch4weeks/pp01184/alignment_vlm/checkpoints/convnextv2_tiny_bge_small_en_baseline/best.pt,full,development,coco_val2017_development
convnextv2_tiny__bge_small_en__baseline,convnextv2_tiny,bge_small_en,baseline,coco_retrieval,coco5_mean_rank_t2i,34.97273635864258,2,/mnt/fast/nobackup/scratch4weeks/pp01184/alignment_vlm/checkpoints/convnextv2_tiny_bge_small_en_baseline/best.pt,full,development,coco_val2017_development
convnextv2_tiny__bge_small_en__baseline,convnextv2_tiny,bge_small_en,baseline,coco_retrieval,coco5_median_rank_t2i,10.0,2,/mnt/fast/nobackup/scratch4weeks/pp01184/alignment_vlm/checkpoints/convnextv2_tiny_bge_small_en_baseline/best.pt,full,development,coco_val2017_development
convnextv2_tiny__bge_small_en__baseline,convnextv2_tiny,bge_small_en,baseline,coco_retrieval,coco5_num_image_queries,5000.0,2,/mnt/fast/nobackup/scratch4weeks/pp01184/alignment_vlm/checkpoints/convnextv2_tiny_bge_small_en_baseline/best.pt,full,development,coco_val2017_development
convnextv2_tiny__bge_small_en__baseline,convnextv2_tiny,bge_small_en,baseline,coco_retrieval,coco5_num_text_queries,25014.0,2,/mnt/fast/nobackup/scratch4weeks/pp01184/alignment_vlm/checkpoints/convnextv2_tiny_bge_small_en_baseline/best.pt,full,development,coco_val2017_development
convnextv2_tiny__distilbert__baseline,convnextv2_tiny,distilbert,baseline,coco_retrieval,coco5_i2t_R@1,0.1129999980330467,2,/mnt/fast/nobackup/scratch4weeks/pp01184/alignment_vlm/checkpoints/convnextv2_tiny_distilbert_baseline/best.pt,full,development,coco_val2017_development
convnextv2_tiny__distilbert__baseline,convnextv2_tiny,distilbert,baseline,coco_retrieval,coco5_i2t_R@5,0.3192000091075897,2,/mnt/fast/nobackup/scratch4weeks/pp01184/alignment_vlm/checkpoints/convnextv2_tiny_distilbert_baseline/best.pt,full,development,coco_val2017_development
convnextv2_tiny__distilbert__baseline,convnextv2_tiny,distilbert,baseline,coco_retrieval,coco5_i2t_R@10,0.4523999989032745,2,/mnt/fast/nobackup/scratch4weeks/pp01184/alignment_vlm/checkpoints/convnextv2_tiny_distilbert_baseline/best.pt,full,development,coco_val2017_development
convnextv2_tiny__distilbert__baseline,convnextv2_tiny,distilbert,baseline,coco_retrieval,coco5_mean_rank_i2t,41.73419952392578,2,/mnt/fast/nobackup/scratch4weeks/pp01184/alignment_vlm/checkpoints/convnextv2_tiny_distilbert_baseline/best.pt,full,development,coco_val2017_development
convnextv2_tiny__distilbert__baseline,convnextv2_tiny,distilbert,baseline,coco_retrieval,coco5_median_rank_i2t,13.0,2,/mnt/fast/nobackup/scratch4weeks/pp01184/alignment_vlm/checkpoints/convnextv2_tiny_distilbert_baseline/best.pt,full,development,coco_val2017_development
convnextv2_tiny__distilbert__baseline,convnextv2_tiny,distilbert,baseline,coco_retrieval,coco5_t2i_R@1,0.1056208536028862,2,/mnt/fast/nobackup/scratch4weeks/pp01184/alignment_vlm/checkpoints/convnextv2_tiny_distilbert_baseline/best.pt,full,development,coco_val2017_development
convnextv2_tiny__distilbert__baseline,convnextv2_tiny,distilbert,baseline,coco_retrieval,coco5_t2i_R@5,0.2981530427932739,2,/mnt/fast/nobackup/scratch4weeks/pp01184/alignment_vlm/checkpoints/convnextv2_tiny_distilbert_baseline/best.pt,full,development,coco_val2017_development
convnextv2_tiny__distilbert__baseline,convnextv2_tiny,distilbert,baseline,coco_retrieval,coco5_t2i_R@10,0.4258815050125122,2,/mnt/fast/nobackup/scratch4weeks/pp01184/alignment_vlm/checkpoints/convnextv2_tiny_distilbert_baseline/best.pt,full,development,coco_val2017_development
convnextv2_tiny__distilbert__baseline,convnextv2_tiny,distilbert,baseline,coco_retrieval,coco5_mean_rank_t2i,48.44610977172852,2,/mnt/fast/nobackup/scratch4weeks/pp01184/alignment_vlm/checkpoints/convnextv2_tiny_distilbert_baseline/best.pt,full,development,coco_val2017_development
convnextv2_tiny__distilbert__baseline,convnextv2_tiny,distilbert,baseline,coco_retrieval,coco5_median_rank_t2i,15.0,2,/mnt/fast/nobackup/scratch4weeks/pp01184/alignment_vlm/checkpoints/convnextv2_tiny_distilbert_baseline/best.pt,full,development,coco_val2017_development
convnextv2_tiny__distilbert__baseline,convnextv2_tiny,distilbert,baseline,coco_retrieval,coco5_num_image_queries,5000.0,2,/mnt/fast/nobackup/scratch4weeks/pp01184/alignment_vlm/checkpoints/convnextv2_tiny_distilbert_baseline/best.pt,full,development,coco_val2017_development
convnextv2_tiny__distilbert__baseline,convnextv2_tiny,distilbert,baseline,coco_retrieval,coco5_num_text_queries,25014.0,2,/mnt/fast/nobackup/scratch4weeks/pp01184/alignment_vlm/checkpoints/convnextv2_tiny_distilbert_baseline/best.pt,full,development,coco_val2017_development
convnextv2_tiny__e5_small_v2__baseline,convnextv2_tiny,e5_small_v2,baseline,coco_retrieval,coco5_i2t_R@1,0.1570000052452087,1,/mnt/fast/nobackup/scratch4weeks/pp01184/alignment_vlm/checkpoints/convnextv2_tiny_e5_small_v2_baseline/best.pt,full,development,coco_val2017_development
convnextv2_tiny__e5_small_v2__baseline,convnextv2_tiny,e5_small_v2,baseline,coco_retrieval,coco5_i2t_R@5,0.3758000135421753,1,/mnt/fast/nobackup/scratch4weeks/pp01184/alignment_vlm/checkpoints/convnextv2_tiny_e5_small_v2_baseline/best.pt,full,development,coco_val2017_development
convnextv2_tiny__e5_small_v2__baseline,convnextv2_tiny,e5_small_v2,baseline,coco_retrieval,coco5_i2t_R@10,0.5163999795913696,1,/mnt/fast/nobackup/scratch4weeks/pp01184/alignment_vlm/checkpoints/convnextv2_tiny_e5_small_v2_baseline/best.pt,full,development,coco_val2017_development
convnextv2_tiny__e5_small_v2__baseline,convnextv2_tiny,e5_small_v2,baseline,coco_retrieval,coco5_mean_rank_i2t,33.21620178222656,1,/mnt/fast/nobackup/scratch4weeks/pp01184/alignment_vlm/checkpoints/convnextv2_tiny_e5_small_v2_baseline/best.pt,full,development,coco_val2017_development
convnextv2_tiny__e5_small_v2__baseline,convnextv2_tiny,e5_small_v2,baseline,coco_retrieval,coco5_median_rank_i2t,10.0,1,/mnt/fast/nobackup/scratch4weeks/pp01184/alignment_vlm/checkpoints/convnextv2_tiny_e5_small_v2_baseline/best.pt,full,development,coco_val2017_development
convnextv2_tiny__e5_small_v2__baseline,convnextv2_tiny,e5_small_v2,baseline,coco_retrieval,coco5_t2i_R@1,0.130606859922409,1,/mnt/fast/nobackup/scratch4weeks/pp01184/alignment_vlm/checkpoints/convnextv2_tiny_e5_small_v2_baseline/best.pt,full,development,coco_val2017_development
convnextv2_tiny__e5_small_v2__baseline,convnextv2_tiny,e5_small_v2,baseline,coco_retrieval,coco5_t2i_R@5,0.3496841788291931,1,/mnt/fast/nobackup/scratch4weeks/pp01184/alignment_vlm/checkpoints/convnextv2_tiny_e5_small_v2_baseline/best.pt,full,development,coco_val2017_development
convnextv2_tiny__e5_small_v2__baseline,convnextv2_tiny,e5_small_v2,baseline,coco_retrieval,coco5_t2i_R@10,0.4846885800361633,1,/mnt/fast/nobackup/scratch4weeks/pp01184/alignment_vlm/checkpoints/convnextv2_tiny_e5_small_v2_baseline/best.pt,full,development,coco_val2017_development
convnextv2_tiny__e5_small_v2__baseline,convnextv2_tiny,e5_small_v2,baseline,coco_retrieval,coco5_mean_rank_t2i,37.75673675537109,1,/mnt/fast/nobackup/scratch4weeks/pp01184/alignment_vlm/checkpoints/convnextv2_tiny_e5_small_v2_baseline/best.pt,full,development,coco_val2017_development
convnextv2_tiny__e5_small_v2__baseline,convnextv2_tiny,e5_small_v2,baseline,coco_retrieval,coco5_median_rank_t2i,11.0,1,/mnt/fast/nobackup/scratch4weeks/pp01184/alignment_vlm/checkpoints/convnextv2_tiny_e5_small_v2_baseline/best.pt,full,development,coco_val2017_development
convnextv2_tiny__e5_small_v2__baseline,convnextv2_tiny,e5_small_v2,baseline,coco_retrieval,coco5_num_image_queries,5000.0,1,/mnt/fast/nobackup/scratch4weeks/pp01184/alignment_vlm/checkpoints/convnextv2_tiny_e5_small_v2_baseline/best.pt,full,development,coco_val2017_development
convnextv2_tiny__e5_small_v2__baseline,convnextv2_tiny,e5_small_v2,baseline,coco_retrieval,coco5_num_text_queries,25014.0,1,/mnt/fast/nobackup/scratch4weeks/pp01184/alignment_vlm/checkpoints/convnextv2_tiny_e5_small_v2_baseline/best.pt,full,development,coco_val2017_development
dinov2_vits14__all_minilm_l6_v2__baseline,dinov2_vits14,all_minilm_l6_v2,baseline,coco_retrieval,coco5_i2t_R@1,0.179199993610382,2,/mnt/fast/nobackup/scratch4weeks/pp01184/alignment_vlm/checkpoints/dinov2_vits14_all_minilm_l6_v2_baseline/best.pt,full,development,coco_val2017_development
dinov2_vits14__all_minilm_l6_v2__baseline,dinov2_vits14,all_minilm_l6_v2,baseline,coco_retrieval,coco5_i2t_R@5,0.4469999969005584,2,/mnt/fast/nobackup/scratch4weeks/pp01184/alignment_vlm/checkpoints/dinov2_vits14_all_minilm_l6_v2_baseline/best.pt,full,development,coco_val2017_development
dinov2_vits14__all_minilm_l6_v2__baseline,dinov2_vits14,all_minilm_l6_v2,baseline,coco_retrieval,coco5_i2t_R@10,0.5885999798774719,2,/mnt/fast/nobackup/scratch4weeks/pp01184/alignment_vlm/checkpoints/dinov2_vits14_all_minilm_l6_v2_baseline/best.pt,full,development,coco_val2017_development
dinov2_vits14__all_minilm_l6_v2__baseline,dinov2_vits14,all_minilm_l6_v2,baseline,coco_retrieval,coco5_mean_rank_i2t,27.20940017700196,2,/mnt/fast/nobackup/scratch4weeks/pp01184/alignment_vlm/checkpoints/dinov2_vits14_all_minilm_l6_v2_baseline/best.pt,full,development,coco_val2017_development
dinov2_vits14__all_minilm_l6_v2__baseline,dinov2_vits14,all_minilm_l6_v2,baseline,coco_retrieval,coco5_median_rank_i2t,7.0,2,/mnt/fast/nobackup/scratch4weeks/pp01184/alignment_vlm/checkpoints/dinov2_vits14_all_minilm_l6_v2_baseline/best.pt,full,development,coco_val2017_development
dinov2_vits14__all_minilm_l6_v2__baseline,dinov2_vits14,all_minilm_l6_v2,baseline,coco_retrieval,coco5_t2i_R@1,0.1543535590171814,2,/mnt/fast/nobackup/scratch4weeks/pp01184/alignment_vlm/checkpoints/dinov2_vits14_all_minilm_l6_v2_baseline/best.pt,full,development,coco_val2017_development
dinov2_vits14__all_minilm_l6_v2__baseline,dinov2_vits14,all_minilm_l6_v2,baseline,coco_retrieval,coco5_t2i_R@5,0.4019748866558075,2,/mnt/fast/nobackup/scratch4weeks/pp01184/alignment_vlm/checkpoints/dinov2_vits14_all_minilm_l6_v2_baseline/best.pt,full,development,coco_val2017_development
dinov2_vits14__all_minilm_l6_v2__baseline,dinov2_vits14,all_minilm_l6_v2,baseline,coco_retrieval,coco5_t2i_R@10,0.5470536351203918,2,/mnt/fast/nobackup/scratch4weeks/pp01184/alignment_vlm/checkpoints/dinov2_vits14_all_minilm_l6_v2_baseline/best.pt,full,development,coco_val2017_development
dinov2_vits14__all_minilm_l6_v2__baseline,dinov2_vits14,all_minilm_l6_v2,baseline,coco_retrieval,coco5_mean_rank_t2i,33.23926544189453,2,/mnt/fast/nobackup/scratch4weeks/pp01184/alignment_vlm/checkpoints/dinov2_vits14_all_minilm_l6_v2_baseline/best.pt,full,development,coco_val2017_development
dinov2_vits14__all_minilm_l6_v2__baseline,dinov2_vits14,all_minilm_l6_v2,baseline,coco_retrieval,coco5_median_rank_t2i,9.0,2,/mnt/fast/nobackup/scratch4weeks/pp01184/alignment_vlm/checkpoints/dinov2_vits14_all_minilm_l6_v2_baseline/best.pt,full,development,coco_val2017_development
dinov2_vits14__all_minilm_l6_v2__baseline,dinov2_vits14,all_minilm_l6_v2,baseline,coco_retrieval,coco5_num_image_queries,5000.0,2,/mnt/fast/nobackup/scratch4weeks/pp01184/alignment_vlm/checkpoints/dinov2_vits14_all_minilm_l6_v2_baseline/best.pt,full,development,coco_val2017_development
dinov2_vits14__all_minilm_l6_v2__baseline,dinov2_vits14,all_minilm_l6_v2,baseline,coco_retrieval,coco5_num_text_queries,25014.0,2,/mnt/fast/nobackup/scratch4weeks/pp01184/alignment_vlm/checkpoints/dinov2_vits14_all_minilm_l6_v2_baseline/best.pt,full,development,coco_val2017_development
dinov2_vits14__bge_small_en__baseline,dinov2_vits14,bge_small_en,baseline,coco_retrieval,coco5_i2t_R@1,0.1736000031232834,2,/mnt/fast/nobackup/scratch4weeks/pp01184/alignment_vlm/checkpoints/dinov2_vits14_bge_small_en_baseline/best.pt,full,development,coco_val2017_development
dinov2_vits14__bge_small_en__baseline,dinov2_vits14,bge_small_en,baseline,coco_retrieval,coco5_i2t_R@5,0.4113999903202057,2,/mnt/fast/nobackup/scratch4weeks/pp01184/alignment_vlm/checkpoints/dinov2_vits14_bge_small_en_baseline/best.pt,full,development,coco_val2017_development
dinov2_vits14__bge_small_en__baseline,dinov2_vits14,bge_small_en,baseline,coco_retrieval,coco5_i2t_R@10,0.5514000058174133,2,/mnt/fast/nobackup/scratch4weeks/pp01184/alignment_vlm/checkpoints/dinov2_vits14_bge_small_en_baseline/best.pt,full,development,coco_val2017_development
dinov2_vits14__bge_small_en__baseline,dinov2_vits14,bge_small_en,baseline,coco_retrieval,coco5_mean_rank_i2t,30.292200088500977,2,/mnt/fast/nobackup/scratch4weeks/pp01184/alignment_vlm/checkpoints/dinov2_vits14_bge_small_en_baseline/best.pt,full,development,coco_val2017_development
dinov2_vits14__bge_small_en__baseline,dinov2_vits14,bge_small_en,baseline,coco_retrieval,coco5_median_rank_i2t,8.0,2,/mnt/fast/nobackup/scratch4weeks/pp01184/alignment_vlm/checkpoints/dinov2_vits14_bge_small_en_baseline/best.pt,full,development,coco_val2017_development
dinov2_vits14__bge_small_en__baseline,dinov2_vits14,bge_small_en,baseline,coco_retrieval,coco5_t2i_R@1,0.1506756246089935,2,/mnt/fast/nobackup/scratch4weeks/pp01184/alignment_vlm/checkpoints/dinov2_vits14_bge_small_en_baseline/best.pt,full,development,coco_val2017_development
dinov2_vits14__bge_small_en__baseline,dinov2_vits14,bge_small_en,baseline,coco_retrieval,coco5_t2i_R@5,0.3891820609569549,2,/mnt/fast/nobackup/scratch4weeks/pp01184/alignment_vlm/checkpoints/dinov2_vits14_bge_small_en_baseline/best.pt,full,development,coco_val2017_development
dinov2_vits14__bge_small_en__baseline,dinov2_vits14,bge_small_en,baseline,coco_retrieval,coco5_t2i_R@10,0.5285840034484863,2,/mnt/fast/nobackup/scratch4weeks/pp01184/alignment_vlm/checkpoints/dinov2_vits14_bge_small_en_baseline/best.pt,full,development,coco_val2017_development
dinov2_vits14__bge_small_en__baseline,dinov2_vits14,bge_small_en,baseline,coco_retrieval,coco5_mean_rank_t2i,34.142921447753906,2,/mnt/fast/nobackup/scratch4weeks/pp01184/alignment_vlm/checkpoints/dinov2_vits14_bge_small_en_baseline/best.pt,full,development,coco_val2017_development
dinov2_vits14__bge_small_en__baseline,dinov2_vits14,bge_small_en,baseline,coco_retrieval,coco5_median_rank_t2i,9.0,2,/mnt/fast/nobackup/scratch4weeks/pp01184/alignment_vlm/checkpoints/dinov2_vits14_bge_small_en_baseline/best.pt,full,development,coco_val2017_development
dinov2_vits14__bge_small_en__baseline,dinov2_vits14,bge_small_en,baseline,coco_retrieval,coco5_num_image_queries,5000.0,2,/mnt/fast/nobackup/scratch4weeks/pp01184/alignment_vlm/checkpoints/dinov2_vits14_bge_small_en_baseline/best.pt,full,development,coco_val2017_development
dinov2_vits14__bge_small_en__baseline,dinov2_vits14,bge_small_en,baseline,coco_retrieval,coco5_num_text_queries,25014.0,2,/mnt/fast/nobackup/scratch4weeks/pp01184/alignment_vlm/checkpoints/dinov2_vits14_bge_small_en_baseline/best.pt,full,development,coco_val2017_development
dinov2_vits14__distilbert__baseline,dinov2_vits14,distilbert,baseline,coco_retrieval,coco5_i2t_R@1,0.1324000060558319,1,/mnt/fast/nobackup/scratch4weeks/pp01184/alignment_vlm/checkpoints/dinov2_vits14_distilbert_baseline/best.pt,full,development,coco_val2017_development
dinov2_vits14__distilbert__baseline,dinov2_vits14,distilbert,baseline,coco_retrieval,coco5_i2t_R@5,0.354200005531311,1,/mnt/fast/nobackup/scratch4weeks/pp01184/alignment_vlm/checkpoints/dinov2_vits14_distilbert_baseline/best.pt,full,development,coco_val2017_development
dinov2_vits14__distilbert__baseline,dinov2_vits14,distilbert,baseline,coco_retrieval,coco5_i2t_R@10,0.4970000088214874,1,/mnt/fast/nobackup/scratch4weeks/pp01184/alignment_vlm/checkpoints/dinov2_vits14_distilbert_baseline/best.pt,full,development,coco_val2017_development
dinov2_vits14__distilbert__baseline,dinov2_vits14,distilbert,baseline,coco_retrieval,coco5_mean_rank_i2t,34.848201751708984,1,/mnt/fast/nobackup/scratch4weeks/pp01184/alignment_vlm/checkpoints/dinov2_vits14_distilbert_baseline/best.pt,full,development,coco_val2017_development
dinov2_vits14__distilbert__baseline,dinov2_vits14,distilbert,baseline,coco_retrieval,coco5_median_rank_i2t,11.0,1,/mnt/fast/nobackup/scratch4weeks/pp01184/alignment_vlm/checkpoints/dinov2_vits14_distilbert_baseline/best.pt,full,development,coco_val2017_development
dinov2_vits14__distilbert__baseline,dinov2_vits14,distilbert,baseline,coco_retrieval,coco5_t2i_R@1,0.110458143055439,1,/mnt/fast/nobackup/scratch4weeks/pp01184/alignment_vlm/checkpoints/dinov2_vits14_distilbert_baseline/best.pt,full,development,coco_val2017_development
dinov2_vits14__distilbert__baseline,dinov2_vits14,distilbert,baseline,coco_retrieval,coco5_t2i_R@5,0.3182617723941803,1,/mnt/fast/nobackup/scratch4weeks/pp01184/alignment_vlm/checkpoints/dinov2_vits14_distilbert_baseline/best.pt,full,development,coco_val2017_development
dinov2_vits14__distilbert__baseline,dinov2_vits14,distilbert,baseline,coco_retrieval,coco5_t2i_R@10,0.4519469141960144,1,/mnt/fast/nobackup/scratch4weeks/pp01184/alignment_vlm/checkpoints/dinov2_vits14_distilbert_baseline/best.pt,full,development,coco_val2017_development
dinov2_vits14__distilbert__baseline,dinov2_vits14,distilbert,baseline,coco_retrieval,coco5_mean_rank_t2i,45.239105224609375,1,/mnt/fast/nobackup/scratch4weeks/pp01184/alignment_vlm/checkpoints/dinov2_vits14_distilbert_baseline/best.pt,full,development,coco_val2017_development
dinov2_vits14__distilbert__baseline,dinov2_vits14,distilbert,baseline,coco_retrieval,coco5_median_rank_t2i,13.0,1,/mnt/fast/nobackup/scratch4weeks/pp01184/alignment_vlm/checkpoints/dinov2_vits14_distilbert_baseline/best.pt,full,development,coco_val2017_development
dinov2_vits14__distilbert__baseline,dinov2_vits14,distilbert,baseline,coco_retrieval,coco5_num_image_queries,5000.0,1,/mnt/fast/nobackup/scratch4weeks/pp01184/alignment_vlm/checkpoints/dinov2_vits14_distilbert_baseline/best.pt,full,development,coco_val2017_development
dinov2_vits14__distilbert__baseline,dinov2_vits14,distilbert,baseline,coco_retrieval,coco5_num_text_queries,25014.0,1,/mnt/fast/nobackup/scratch4weeks/pp01184/alignment_vlm/checkpoints/dinov2_vits14_distilbert_baseline/best.pt,full,development,coco_val2017_development
dinov2_vits14__e5_small_v2__baseline,dinov2_vits14,e5_small_v2,baseline,coco_retrieval,coco5_i2t_R@1,0.1622000038623809,1,/mnt/fast/nobackup/scratch4weeks/pp01184/alignment_vlm/checkpoints/dinov2_vits14_e5_small_v2_baseline/best.pt,full,development,coco_val2017_development
dinov2_vits14__e5_small_v2__baseline,dinov2_vits14,e5_small_v2,baseline,coco_retrieval,coco5_i2t_R@5,0.401199996471405,1,/mnt/fast/nobackup/scratch4weeks/pp01184/alignment_vlm/checkpoints/dinov2_vits14_e5_small_v2_baseline/best.pt,full,development,coco_val2017_development
dinov2_vits14__e5_small_v2__baseline,dinov2_vits14,e5_small_v2,baseline,coco_retrieval,coco5_i2t_R@10,0.5353999733924866,1,/mnt/fast/nobackup/scratch4weeks/pp01184/alignment_vlm/checkpoints/dinov2_vits14_e5_small_v2_baseline/best.pt,full,development,coco_val2017_development
dinov2_vits14__e5_small_v2__baseline,dinov2_vits14,e5_small_v2,baseline,coco_retrieval,coco5_mean_rank_i2t,32.649200439453125,1,/mnt/fast/nobackup/scratch4weeks/pp01184/alignment_vlm/checkpoints/dinov2_vits14_e5_small_v2_baseline/best.pt,full,development,coco_val2017_development
dinov2_vits14__e5_small_v2__baseline,dinov2_vits14,e5_small_v2,baseline,coco_retrieval,coco5_median_rank_i2t,9.0,1,/mnt/fast/nobackup/scratch4weeks/pp01184/alignment_vlm/checkpoints/dinov2_vits14_e5_small_v2_baseline/best.pt,full,development,coco_val2017_development
dinov2_vits14__e5_small_v2__baseline,dinov2_vits14,e5_small_v2,baseline,coco_retrieval,coco5_t2i_R@1,0.1341648697853088,1,/mnt/fast/nobackup/scratch4weeks/pp01184/alignment_vlm/checkpoints/dinov2_vits14_e5_small_v2_baseline/best.pt,full,development,coco_val2017_development
dinov2_vits14__e5_small_v2__baseline,dinov2_vits14,e5_small_v2,baseline,coco_retrieval,coco5_t2i_R@5,0.3575997352600097,1,/mnt/fast/nobackup/scratch4weeks/pp01184/alignment_vlm/checkpoints/dinov2_vits14_e5_small_v2_baseline/best.pt,full,development,coco_val2017_development
dinov2_vits14__e5_small_v2__baseline,dinov2_vits14,e5_small_v2,baseline,coco_retrieval,coco5_t2i_R@10,0.495002806186676,1,/mnt/fast/nobackup/scratch4weeks/pp01184/alignment_vlm/checkpoints/dinov2_vits14_e5_small_v2_baseline/best.pt,full,development,coco_val2017_development
dinov2_vits14__e5_small_v2__baseline,dinov2_vits14,e5_small_v2,baseline,coco_retrieval,coco5_mean_rank_t2i,38.37227249145508,1,/mnt/fast/nobackup/scratch4weeks/pp01184/alignment_vlm/checkpoints/dinov2_vits14_e5_small_v2_baseline/best.pt,full,development,coco_val2017_development
dinov2_vits14__e5_small_v2__baseline,dinov2_vits14,e5_small_v2,baseline,coco_retrieval,coco5_median_rank_t2i,11.0,1,/mnt/fast/nobackup/scratch4weeks/pp01184/alignment_vlm/checkpoints/dinov2_vits14_e5_small_v2_baseline/best.pt,full,development,coco_val2017_development
dinov2_vits14__e5_small_v2__baseline,dinov2_vits14,e5_small_v2,baseline,coco_retrieval,coco5_num_image_queries,5000.0,1,/mnt/fast/nobackup/scratch4weeks/pp01184/alignment_vlm/checkpoints/dinov2_vits14_e5_small_v2_baseline/best.pt,full,development,coco_val2017_development
dinov2_vits14__e5_small_v2__baseline,dinov2_vits14,e5_small_v2,baseline,coco_retrieval,coco5_num_text_queries,25014.0,1,/mnt/fast/nobackup/scratch4weeks/pp01184/alignment_vlm/checkpoints/dinov2_vits14_e5_small_v2_baseline/best.pt,full,development,coco_val2017_development
efficientnet_b0__all_minilm_l6_v2__baseline,efficientnet_b0,all_minilm_l6_v2,baseline,coco_retrieval,coco5_i2t_R@1,0.1164000034332275,2,/mnt/fast/nobackup/scratch4weeks/pp01184/alignment_vlm/checkpoints/efficientnet_b0_all_minilm_l6_v2_baseline/best.pt,full,development,coco_val2017_development
efficientnet_b0__all_minilm_l6_v2__baseline,efficientnet_b0,all_minilm_l6_v2,baseline,coco_retrieval,coco5_i2t_R@5,0.324999988079071,2,/mnt/fast/nobackup/scratch4weeks/pp01184/alignment_vlm/checkpoints/efficientnet_b0_all_minilm_l6_v2_baseline/best.pt,full,development,coco_val2017_development
efficientnet_b0__all_minilm_l6_v2__baseline,efficientnet_b0,all_minilm_l6_v2,baseline,coco_retrieval,coco5_i2t_R@10,0.4555999934673309,2,/mnt/fast/nobackup/scratch4weeks/pp01184/alignment_vlm/checkpoints/efficientnet_b0_all_minilm_l6_v2_baseline/best.pt,full,development,coco_val2017_development
efficientnet_b0__all_minilm_l6_v2__baseline,efficientnet_b0,all_minilm_l6_v2,baseline,coco_retrieval,coco5_mean_rank_i2t,53.93280029296875,2,/mnt/fast/nobackup/scratch4weeks/pp01184/alignment_vlm/checkpoints/efficientnet_b0_all_minilm_l6_v2_baseline/best.pt,full,development,coco_val2017_development
efficientnet_b0__all_minilm_l6_v2__baseline,efficientnet_b0,all_minilm_l6_v2,baseline,coco_retrieval,coco5_median_rank_i2t,13.0,2,/mnt/fast/nobackup/scratch4weeks/pp01184/alignment_vlm/checkpoints/efficientnet_b0_all_minilm_l6_v2_baseline/best.pt,full,development,coco_val2017_development
efficientnet_b0__all_minilm_l6_v2__baseline,efficientnet_b0,all_minilm_l6_v2,baseline,coco_retrieval,coco5_t2i_R@1,0.098424881696701,2,/mnt/fast/nobackup/scratch4weeks/pp01184/alignment_vlm/checkpoints/efficientnet_b0_all_minilm_l6_v2_baseline/best.pt,full,development,coco_val2017_development
efficientnet_b0__all_minilm_l6_v2__baseline,efficientnet_b0,all_minilm_l6_v2,baseline,coco_retrieval,coco5_t2i_R@5,0.2955944538116455,2,/mnt/fast/nobackup/scratch4weeks/pp01184/alignment_vlm/checkpoints/efficientnet_b0_all_minilm_l6_v2_baseline/best.pt,full,development,coco_val2017_development
efficientnet_b0__all_minilm_l6_v2__baseline,efficientnet_b0,all_minilm_l6_v2,baseline,coco_retrieval,coco5_t2i_R@10,0.4278004169464111,2,/mnt/fast/nobackup/scratch4weeks/pp01184/alignment_vlm/checkpoints/efficientnet_b0_all_minilm_l6_v2_baseline/best.pt,full,development,coco_val2017_development
efficientnet_b0__all_minilm_l6_v2__baseline,efficientnet_b0,all_minilm_l6_v2,baseline,coco_retrieval,coco5_mean_rank_t2i,48.4301986694336,2,/mnt/fast/nobackup/scratch4weeks/pp01184/alignment_vlm/checkpoints/efficientnet_b0_all_minilm_l6_v2_baseline/best.pt,full,development,coco_val2017_development
efficientnet_b0__all_minilm_l6_v2__baseline,efficientnet_b0,all_minilm_l6_v2,baseline,coco_retrieval,coco5_median_rank_t2i,15.0,2,/mnt/fast/nobackup/scratch4weeks/pp01184/alignment_vlm/checkpoints/efficientnet_b0_all_minilm_l6_v2_baseline/best.pt,full,development,coco_val2017_development
efficientnet_b0__all_minilm_l6_v2__baseline,efficientnet_b0,all_minilm_l6_v2,baseline,coco_retrieval,coco5_num_image_queries,5000.0,2,/mnt/fast/nobackup/scratch4weeks/pp01184/alignment_vlm/checkpoints/efficientnet_b0_all_minilm_l6_v2_baseline/best.pt,full,development,coco_val2017_development
efficientnet_b0__all_minilm_l6_v2__baseline,efficientnet_b0,all_minilm_l6_v2,baseline,coco_retrieval,coco5_num_text_queries,25014.0,2,/mnt/fast/nobackup/scratch4weeks/pp01184/alignment_vlm/checkpoints/efficientnet_b0_all_minilm_l6_v2_baseline/best.pt,full,development,coco_val2017_development
efficientnet_b0__distilbert__baseline,efficientnet_b0,distilbert,baseline,coco_retrieval,coco5_i2t_R@1,0.068400003015995,1,/mnt/fast/nobackup/scratch4weeks/pp01184/alignment_vlm/checkpoints/efficientnet_b0_distilbert_baseline/best.pt,full,development,coco_val2017_development
efficientnet_b0__distilbert__baseline,efficientnet_b0,distilbert,baseline,coco_retrieval,coco5_i2t_R@5,0.202000007033348,1,/mnt/fast/nobackup/scratch4weeks/pp01184/alignment_vlm/checkpoints/efficientnet_b0_distilbert_baseline/best.pt,full,development,coco_val2017_development
efficientnet_b0__distilbert__baseline,efficientnet_b0,distilbert,baseline,coco_retrieval,coco5_i2t_R@10,0.3172000050544739,1,/mnt/fast/nobackup/scratch4weeks/pp01184/alignment_vlm/checkpoints/efficientnet_b0_distilbert_baseline/best.pt,full,development,coco_val2017_development
efficientnet_b0__distilbert__baseline,efficientnet_b0,distilbert,baseline,coco_retrieval,coco5_mean_rank_i2t,88.03199768066406,1,/mnt/fast/nobackup/scratch4weeks/pp01184/alignment_vlm/checkpoints/efficientnet_b0_distilbert_baseline/best.pt,full,development,coco_val2017_development
efficientnet_b0__distilbert__baseline,efficientnet_b0,distilbert,baseline,coco_retrieval,coco5_median_rank_i2t,26.0,1,/mnt/fast/nobackup/scratch4weeks/pp01184/alignment_vlm/checkpoints/efficientnet_b0_distilbert_baseline/best.pt,full,development,coco_val2017_development
efficientnet_b0__distilbert__baseline,efficientnet_b0,distilbert,baseline,coco_retrieval,coco5_t2i_R@1,0.0594067312777042,1,/mnt/fast/nobackup/scratch4weeks/pp01184/alignment_vlm/checkpoints/efficientnet_b0_distilbert_baseline/best.pt,full,development,coco_val2017_development
efficientnet_b0__distilbert__baseline,efficientnet_b0,distilbert,baseline,coco_retrieval,coco5_t2i_R@5,0.1935316175222396,1,/mnt/fast/nobackup/scratch4weeks/pp01184/alignment_vlm/checkpoints/efficientnet_b0_distilbert_baseline/best.pt,full,development,coco_val2017_development
efficientnet_b0__distilbert__baseline,efficientnet_b0,distilbert,baseline,coco_retrieval,coco5_t2i_R@10,0.2999520301818847,1,/mnt/fast/nobackup/scratch4weeks/pp01184/alignment_vlm/checkpoints/efficientnet_b0_distilbert_baseline/best.pt,full,development,coco_val2017_development
efficientnet_b0__distilbert__baseline,efficientnet_b0,distilbert,baseline,coco_retrieval,coco5_mean_rank_t2i,71.72119903564453,1,/mnt/fast/nobackup/scratch4weeks/pp01184/alignment_vlm/checkpoints/efficientnet_b0_distilbert_baseline/best.pt,full,development,coco_val2017_development
efficientnet_b0__distilbert__baseline,efficientnet_b0,distilbert,baseline,coco_retrieval,coco5_median_rank_t2i,26.0,1,/mnt/fast/nobackup/scratch4weeks/pp01184/alignment_vlm/checkpoints/efficientnet_b0_distilbert_baseline/best.pt,full,development,coco_val2017_development
efficientnet_b0__distilbert__baseline,efficientnet_b0,distilbert,baseline,coco_retrieval,coco5_num_image_queries,5000.0,1,/mnt/fast/nobackup/scratch4weeks/pp01184/alignment_vlm/checkpoints/efficientnet_b0_distilbert_baseline/best.pt,full,development,coco_val2017_development
efficientnet_b0__distilbert__baseline,efficientnet_b0,distilbert,baseline,coco_retrieval,coco5_num_text_queries,25014.0,1,/mnt/fast/nobackup/scratch4weeks/pp01184/alignment_vlm/checkpoints/efficientnet_b0_distilbert_baseline/best.pt,full,development,coco_val2017_development
efficientnet_b0__e5_small_v2__baseline,efficientnet_b0,e5_small_v2,baseline,coco_retrieval,coco5_i2t_R@1,0.0997999981045723,1,/mnt/fast/nobackup/scratch4weeks/pp01184/alignment_vlm/checkpoints/efficientnet_b0_e5_small_v2_baseline/best.pt,full,development,coco_val2017_development
efficientnet_b0__e5_small_v2__baseline,efficientnet_b0,e5_small_v2,baseline,coco_retrieval,coco5_i2t_R@5,0.2793999910354614,1,/mnt/fast/nobackup/scratch4weeks/pp01184/alignment_vlm/checkpoints/efficientnet_b0_e5_small_v2_baseline/best.pt,full,development,coco_val2017_development
efficientnet_b0__e5_small_v2__baseline,efficientnet_b0,e5_small_v2,baseline,coco_retrieval,coco5_i2t_R@10,0.3880000114440918,1,/mnt/fast/nobackup/scratch4weeks/pp01184/alignment_vlm/checkpoints/efficientnet_b0_e5_small_v2_baseline/best.pt,full,development,coco_val2017_development
efficientnet_b0__e5_small_v2__baseline,efficientnet_b0,e5_small_v2,baseline,coco_retrieval,coco5_mean_rank_i2t,70.32499694824219,1,/mnt/fast/nobackup/scratch4weeks/pp01184/alignment_vlm/checkpoints/efficientnet_b0_e5_small_v2_baseline/best.pt,full,development,coco_val2017_development
efficientnet_b0__e5_small_v2__baseline,efficientnet_b0,e5_small_v2,baseline,coco_retrieval,coco5_median_rank_i2t,18.0,1,/mnt/fast/nobackup/scratch4weeks/pp01184/alignment_vlm/checkpoints/efficientnet_b0_e5_small_v2_baseline/best.pt,full,development,coco_val2017_development
efficientnet_b0__e5_small_v2__baseline,efficientnet_b0,e5_small_v2,baseline,coco_retrieval,coco5_t2i_R@1,0.0812345072627067,1,/mnt/fast/nobackup/scratch4weeks/pp01184/alignment_vlm/checkpoints/efficientnet_b0_e5_small_v2_baseline/best.pt,full,development,coco_val2017_development
efficientnet_b0__e5_small_v2__baseline,efficientnet_b0,e5_small_v2,baseline,coco_retrieval,coco5_t2i_R@5,0.2410650104284286,1,/mnt/fast/nobackup/scratch4weeks/pp01184/alignment_vlm/checkpoints/efficientnet_b0_e5_small_v2_baseline/best.pt,full,development,coco_val2017_development
efficientnet_b0__e5_small_v2__baseline,efficientnet_b0,e5_small_v2,baseline,coco_retrieval,coco5_t2i_R@10,0.3572799265384674,1,/mnt/fast/nobackup/scratch4weeks/pp01184/alignment_vlm/checkpoints/efficientnet_b0_e5_small_v2_baseline/best.pt,full,development,coco_val2017_development
efficientnet_b0__e5_small_v2__baseline,efficientnet_b0,e5_small_v2,baseline,coco_retrieval,coco5_mean_rank_t2i,57.453704833984375,1,/mnt/fast/nobackup/scratch4weeks/pp01184/alignment_vlm/checkpoints/efficientnet_b0_e5_small_v2_baseline/best.pt,full,development,coco_val2017_development
efficientnet_b0__e5_small_v2__baseline,efficientnet_b0,e5_small_v2,baseline,coco_retrieval,coco5_median_rank_t2i,20.0,1,/mnt/fast/nobackup/scratch4weeks/pp01184/alignment_vlm/checkpoints/efficientnet_b0_e5_small_v2_baseline/best.pt,full,development,coco_val2017_development
efficientnet_b0__e5_small_v2__baseline,efficientnet_b0,e5_small_v2,baseline,coco_retrieval,coco5_num_image_queries,5000.0,1,/mnt/fast/nobackup/scratch4weeks/pp01184/alignment_vlm/checkpoints/efficientnet_b0_e5_small_v2_baseline/best.pt,full,development,coco_val2017_development
efficientnet_b0__e5_small_v2__baseline,efficientnet_b0,e5_small_v2,baseline,coco_retrieval,coco5_num_text_queries,25014.0,1,/mnt/fast/nobackup/scratch4weeks/pp01184/alignment_vlm/checkpoints/efficientnet_b0_e5_small_v2_baseline/best.pt,full,development,coco_val2017_development
efficientnet_b0__bge_small_en__baseline,efficientnet_b0,bge_small_en,baseline,coco_retrieval,coco5_i2t_R@1,0.1077999994158744,1,/mnt/fast/nobackup/scratch4weeks/pp01184/alignment_vlm/checkpoints/efficientnet_b0_bge_small_en_baseline/best.pt,full,development,coco_val2017_development
efficientnet_b0__bge_small_en__baseline,efficientnet_b0,bge_small_en,baseline,coco_retrieval,coco5_i2t_R@5,0.2942000031471252,1,/mnt/fast/nobackup/scratch4weeks/pp01184/alignment_vlm/checkpoints/efficientnet_b0_bge_small_en_baseline/best.pt,full,development,coco_val2017_development
efficientnet_b0__bge_small_en__baseline,efficientnet_b0,bge_small_en,baseline,coco_retrieval,coco5_i2t_R@10,0.4212000072002411,1,/mnt/fast/nobackup/scratch4weeks/pp01184/alignment_vlm/checkpoints/efficientnet_b0_bge_small_en_baseline/best.pt,full,development,coco_val2017_development
efficientnet_b0__bge_small_en__baseline,efficientnet_b0,bge_small_en,baseline,coco_retrieval,coco5_mean_rank_i2t,59.38399887084961,1,/mnt/fast/nobackup/scratch4weeks/pp01184/alignment_vlm/checkpoints/efficientnet_b0_bge_small_en_baseline/best.pt,full,development,coco_val2017_development
efficientnet_b0__bge_small_en__baseline,efficientnet_b0,bge_small_en,baseline,coco_retrieval,coco5_median_rank_i2t,15.0,1,/mnt/fast/nobackup/scratch4weeks/pp01184/alignment_vlm/checkpoints/efficientnet_b0_bge_small_en_baseline/best.pt,full,development,coco_val2017_development
efficientnet_b0__bge_small_en__baseline,efficientnet_b0,bge_small_en,baseline,coco_retrieval,coco5_t2i_R@1,0.0901095420122146,1,/mnt/fast/nobackup/scratch4weeks/pp01184/alignment_vlm/checkpoints/efficientnet_b0_bge_small_en_baseline/best.pt,full,development,coco_val2017_development
efficientnet_b0__bge_small_en__baseline,efficientnet_b0,bge_small_en,baseline,coco_retrieval,coco5_t2i_R@5,0.2679299712181091,1,/mnt/fast/nobackup/scratch4weeks/pp01184/alignment_vlm/checkpoints/efficientnet_b0_bge_small_en_baseline/best.pt,full,development,coco_val2017_development
efficientnet_b0__bge_small_en__baseline,efficientnet_b0,bge_small_en,baseline,coco_retrieval,coco5_t2i_R@10,0.3903014361858368,1,/mnt/fast/nobackup/scratch4weeks/pp01184/alignment_vlm/checkpoints/efficientnet_b0_bge_small_en_baseline/best.pt,full,development,coco_val2017_development
efficientnet_b0__bge_small_en__baseline,efficientnet_b0,bge_small_en,baseline,coco_retrieval,coco5_mean_rank_t2i,53.0257453918457,1,/mnt/fast/nobackup/scratch4weeks/pp01184/alignment_vlm/checkpoints/efficientnet_b0_bge_small_en_baseline/best.pt,full,development,coco_val2017_development
efficientnet_b0__bge_small_en__baseline,efficientnet_b0,bge_small_en,baseline,coco_retrieval,coco5_median_rank_t2i,17.0,1,/mnt/fast/nobackup/scratch4weeks/pp01184/alignment_vlm/checkpoints/efficientnet_b0_bge_small_en_baseline/best.pt,full,development,coco_val2017_development
efficientnet_b0__bge_small_en__baseline,efficientnet_b0,bge_small_en,baseline,coco_retrieval,coco5_num_image_queries,5000.0,1,/mnt/fast/nobackup/scratch4weeks/pp01184/alignment_vlm/checkpoints/efficientnet_b0_bge_small_en_baseline/best.pt,full,development,coco_val2017_development
efficientnet_b0__bge_small_en__baseline,efficientnet_b0,bge_small_en,baseline,coco_retrieval,coco5_num_text_queries,25014.0,1,/mnt/fast/nobackup/scratch4weeks/pp01184/alignment_vlm/checkpoints/efficientnet_b0_bge_small_en_baseline/best.pt,full,development,coco_val2017_development
convnext_tiny__all_minilm_l6_v2__baseline,convnext_tiny,all_minilm_l6_v2,baseline,coco_retrieval,coco5_i2t_R@1,0.1852000057697296,2,/mnt/fast/nobackup/scratch4weeks/pp01184/alignment_vlm/checkpoints/convnext_tiny_all_minilm_l6_v2_baseline/best.pt,full,development,coco_val2017_development
convnext_tiny__all_minilm_l6_v2__baseline,convnext_tiny,all_minilm_l6_v2,baseline,coco_retrieval,coco5_i2t_R@5,0.4334000051021576,2,/mnt/fast/nobackup/scratch4weeks/pp01184/alignment_vlm/checkpoints/convnext_tiny_all_minilm_l6_v2_baseline/best.pt,full,development,coco_val2017_development
convnext_tiny__all_minilm_l6_v2__baseline,convnext_tiny,all_minilm_l6_v2,baseline,coco_retrieval,coco5_i2t_R@10,0.5702000260353088,2,/mnt/fast/nobackup/scratch4weeks/pp01184/alignment_vlm/checkpoints/convnext_tiny_all_minilm_l6_v2_baseline/best.pt,full,development,coco_val2017_development
convnext_tiny__all_minilm_l6_v2__baseline,convnext_tiny,all_minilm_l6_v2,baseline,coco_retrieval,coco5_mean_rank_i2t,25.7455997467041,2,/mnt/fast/nobackup/scratch4weeks/pp01184/alignment_vlm/checkpoints/convnext_tiny_all_minilm_l6_v2_baseline/best.pt,full,development,coco_val2017_development
convnext_tiny__all_minilm_l6_v2__baseline,convnext_tiny,all_minilm_l6_v2,baseline,coco_retrieval,coco5_median_rank_i2t,8.0,2,/mnt/fast/nobackup/scratch4weeks/pp01184/alignment_vlm/checkpoints/convnext_tiny_all_minilm_l6_v2_baseline/best.pt,full,development,coco_val2017_development
convnext_tiny__all_minilm_l6_v2__baseline,convnext_tiny,all_minilm_l6_v2,baseline,coco_retrieval,coco5_t2i_R@1,0.1576317250728607,2,/mnt/fast/nobackup/scratch4weeks/pp01184/alignment_vlm/checkpoints/convnext_tiny_all_minilm_l6_v2_baseline/best.pt,full,development,coco_val2017_development
convnext_tiny__all_minilm_l6_v2__baseline,convnext_tiny,all_minilm_l6_v2,baseline,coco_retrieval,coco5_t2i_R@5,0.3984168767929077,2,/mnt/fast/nobackup/scratch4weeks/pp01184/alignment_vlm/checkpoints/convnext_tiny_all_minilm_l6_v2_baseline/best.pt,full,development,coco_val2017_development
convnext_tiny__all_minilm_l6_v2__baseline,convnext_tiny,all_minilm_l6_v2,baseline,coco_retrieval,coco5_t2i_R@10,0.5370592474937439,2,/mnt/fast/nobackup/scratch4weeks/pp01184/alignment_vlm/checkpoints/convnext_tiny_all_minilm_l6_v2_baseline/best.pt,full,development,coco_val2017_development
convnext_tiny__all_minilm_l6_v2__baseline,convnext_tiny,all_minilm_l6_v2,baseline,coco_retrieval,coco5_mean_rank_t2i,32.02506637573242,2,/mnt/fast/nobackup/scratch4weeks/pp01184/alignment_vlm/checkpoints/convnext_tiny_all_minilm_l6_v2_baseline/best.pt,full,development,coco_val2017_development
convnext_tiny__all_minilm_l6_v2__baseline,convnext_tiny,all_minilm_l6_v2,baseline,coco_retrieval,coco5_median_rank_t2i,9.0,2,/mnt/fast/nobackup/scratch4weeks/pp01184/alignment_vlm/checkpoints/convnext_tiny_all_minilm_l6_v2_baseline/best.pt,full,development,coco_val2017_development
convnext_tiny__all_minilm_l6_v2__baseline,convnext_tiny,all_minilm_l6_v2,baseline,coco_retrieval,coco5_num_image_queries,5000.0,2,/mnt/fast/nobackup/scratch4weeks/pp01184/alignment_vlm/checkpoints/convnext_tiny_all_minilm_l6_v2_baseline/best.pt,full,development,coco_val2017_development
convnext_tiny__all_minilm_l6_v2__baseline,convnext_tiny,all_minilm_l6_v2,baseline,coco_retrieval,coco5_num_text_queries,25014.0,2,/mnt/fast/nobackup/scratch4weeks/pp01184/alignment_vlm/checkpoints/convnext_tiny_all_minilm_l6_v2_baseline/best.pt,full,development,coco_val2017_development
swin_tiny__bge_small_en__baseline,swin_tiny,bge_small_en,baseline,coco_retrieval,coco5_i2t_R@1,0.1342000067234039,2,/mnt/fast/nobackup/scratch4weeks/pp01184/alignment_vlm/checkpoints/swin_tiny_bge_small_en_baseline/best.pt,full,development,coco_val2017_development
swin_tiny__bge_small_en__baseline,swin_tiny,bge_small_en,baseline,coco_retrieval,coco5_i2t_R@5,0.3382000029087066,2,/mnt/fast/nobackup/scratch4weeks/pp01184/alignment_vlm/checkpoints/swin_tiny_bge_small_en_baseline/best.pt,full,development,coco_val2017_development
swin_tiny__bge_small_en__baseline,swin_tiny,bge_small_en,baseline,coco_retrieval,coco5_i2t_R@10,0.4776000082492828,2,/mnt/fast/nobackup/scratch4weeks/pp01184/alignment_vlm/checkpoints/swin_tiny_bge_small_en_baseline/best.pt,full,development,coco_val2017_development
swin_tiny__bge_small_en__baseline,swin_tiny,bge_small_en,baseline,coco_retrieval,coco5_mean_rank_i2t,42.32080078125,2,/mnt/fast/nobackup/scratch4weeks/pp01184/alignment_vlm/checkpoints/swin_tiny_bge_small_en_baseline/best.pt,full,development,coco_val2017_development
swin_tiny__bge_small_en__baseline,swin_tiny,bge_small_en,baseline,coco_retrieval,coco5_median_rank_i2t,12.0,2,/mnt/fast/nobackup/scratch4weeks/pp01184/alignment_vlm/checkpoints/swin_tiny_bge_small_en_baseline/best.pt,full,development,coco_val2017_development
swin_tiny__bge_small_en__baseline,swin_tiny,bge_small_en,baseline,coco_retrieval,coco5_t2i_R@1,0.1116574704647064,2,/mnt/fast/nobackup/scratch4weeks/pp01184/alignment_vlm/checkpoints/swin_tiny_bge_small_en_baseline/best.pt,full,development,coco_val2017_development
swin_tiny__bge_small_en__baseline,swin_tiny,bge_small_en,baseline,coco_retrieval,coco5_t2i_R@5,0.3147037625312805,2,/mnt/fast/nobackup/scratch4weeks/pp01184/alignment_vlm/checkpoints/swin_tiny_bge_small_en_baseline/best.pt,full,development,coco_val2017_development
swin_tiny__bge_small_en__baseline,swin_tiny,bge_small_en,baseline,coco_retrieval,coco5_t2i_R@10,0.4473894536495209,2,/mnt/fast/nobackup/scratch4weeks/pp01184/alignment_vlm/checkpoints/swin_tiny_bge_small_en_baseline/best.pt,full,development,coco_val2017_development
swin_tiny__bge_small_en__baseline,swin_tiny,bge_small_en,baseline,coco_retrieval,coco5_mean_rank_t2i,42.11609649658203,2,/mnt/fast/nobackup/scratch4weeks/pp01184/alignment_vlm/checkpoints/swin_tiny_bge_small_en_baseline/best.pt,full,development,coco_val2017_development
swin_tiny__bge_small_en__baseline,swin_tiny,bge_small_en,baseline,coco_retrieval,coco5_median_rank_t2i,13.0,2,/mnt/fast/nobackup/scratch4weeks/pp01184/alignment_vlm/checkpoints/swin_tiny_bge_small_en_baseline/best.pt,full,development,coco_val2017_development
swin_tiny__bge_small_en__baseline,swin_tiny,bge_small_en,baseline,coco_retrieval,coco5_num_image_queries,5000.0,2,/mnt/fast/nobackup/scratch4weeks/pp01184/alignment_vlm/checkpoints/swin_tiny_bge_small_en_baseline/best.pt,full,development,coco_val2017_development
swin_tiny__bge_small_en__baseline,swin_tiny,bge_small_en,baseline,coco_retrieval,coco5_num_text_queries,25014.0,2,/mnt/fast/nobackup/scratch4weeks/pp01184/alignment_vlm/checkpoints/swin_tiny_bge_small_en_baseline/best.pt,full,development,coco_val2017_development
swin_tiny__distilbert__baseline,swin_tiny,distilbert,baseline,coco_retrieval,coco5_i2t_R@1,0.101000003516674,1,/mnt/fast/nobackup/scratch4weeks/pp01184/alignment_vlm/checkpoints/swin_tiny_distilbert_baseline/best.pt,full,development,coco_val2017_development
swin_tiny__distilbert__baseline,swin_tiny,distilbert,baseline,coco_retrieval,coco5_i2t_R@5,0.2899999916553497,1,/mnt/fast/nobackup/scratch4weeks/pp01184/alignment_vlm/checkpoints/swin_tiny_distilbert_baseline/best.pt,full,development,coco_val2017_development
swin_tiny__distilbert__baseline,swin_tiny,distilbert,baseline,coco_retrieval,coco5_i2t_R@10,0.4079999923706054,1,/mnt/fast/nobackup/scratch4weeks/pp01184/alignment_vlm/checkpoints/swin_tiny_distilbert_baseline/best.pt,full,development,coco_val2017_development
swin_tiny__distilbert__baseline,swin_tiny,distilbert,baseline,coco_retrieval,coco5_mean_rank_i2t,51.18880081176758,1,/mnt/fast/nobackup/scratch4weeks/pp01184/alignment_vlm/checkpoints/swin_tiny_distilbert_baseline/best.pt,full,development,coco_val2017_development
swin_tiny__distilbert__baseline,swin_tiny,distilbert,baseline,coco_retrieval,coco5_median_rank_i2t,16.0,1,/mnt/fast/nobackup/scratch4weeks/pp01184/alignment_vlm/checkpoints/swin_tiny_distilbert_baseline/best.pt,full,development,coco_val2017_development
swin_tiny__distilbert__baseline,swin_tiny,distilbert,baseline,coco_retrieval,coco5_t2i_R@1,0.0852722451090812,1,/mnt/fast/nobackup/scratch4weeks/pp01184/alignment_vlm/checkpoints/swin_tiny_distilbert_baseline/best.pt,full,development,coco_val2017_development
swin_tiny__distilbert__baseline,swin_tiny,distilbert,baseline,coco_retrieval,coco5_t2i_R@5,0.2584552764892578,1,/mnt/fast/nobackup/scratch4weeks/pp01184/alignment_vlm/checkpoints/swin_tiny_distilbert_baseline/best.pt,full,development,coco_val2017_development
swin_tiny__distilbert__baseline,swin_tiny,distilbert,baseline,coco_retrieval,coco5_t2i_R@10,0.3801870942115783,1,/mnt/fast/nobackup/scratch4weeks/pp01184/alignment_vlm/checkpoints/swin_tiny_distilbert_baseline/best.pt,full,development,coco_val2017_development
swin_tiny__distilbert__baseline,swin_tiny,distilbert,baseline,coco_retrieval,coco5_mean_rank_t2i,54.6536750793457,1,/mnt/fast/nobackup/scratch4weeks/pp01184/alignment_vlm/checkpoints/swin_tiny_distilbert_baseline/best.pt,full,development,coco_val2017_development
swin_tiny__distilbert__baseline,swin_tiny,distilbert,baseline,coco_retrieval,coco5_median_rank_t2i,18.0,1,/mnt/fast/nobackup/scratch4weeks/pp01184/alignment_vlm/checkpoints/swin_tiny_distilbert_baseline/best.pt,full,development,coco_val2017_development
swin_tiny__distilbert__baseline,swin_tiny,distilbert,baseline,coco_retrieval,coco5_num_image_queries,5000.0,1,/mnt/fast/nobackup/scratch4weeks/pp01184/alignment_vlm/checkpoints/swin_tiny_distilbert_baseline/best.pt,full,development,coco_val2017_development
swin_tiny__distilbert__baseline,swin_tiny,distilbert,baseline,coco_retrieval,coco5_num_text_queries,25014.0,1,/mnt/fast/nobackup/scratch4weeks/pp01184/alignment_vlm/checkpoints/swin_tiny_distilbert_baseline/best.pt,full,development,coco_val2017_development
swin_tiny__all_minilm_l6_v2__baseline,swin_tiny,all_minilm_l6_v2,baseline,coco_retrieval,coco5_i2t_R@1,0.1449999958276748,2,/mnt/fast/nobackup/scratch4weeks/pp01184/alignment_vlm/checkpoints/swin_tiny_all_minilm_l6_v2_baseline/best.pt,full,development,coco_val2017_development
swin_tiny__all_minilm_l6_v2__baseline,swin_tiny,all_minilm_l6_v2,baseline,coco_retrieval,coco5_i2t_R@5,0.3736000061035156,2,/mnt/fast/nobackup/scratch4weeks/pp01184/alignment_vlm/checkpoints/swin_tiny_all_minilm_l6_v2_baseline/best.pt,full,development,coco_val2017_development
swin_tiny__all_minilm_l6_v2__baseline,swin_tiny,all_minilm_l6_v2,baseline,coco_retrieval,coco5_i2t_R@10,0.510200023651123,2,/mnt/fast/nobackup/scratch4weeks/pp01184/alignment_vlm/checkpoints/swin_tiny_all_minilm_l6_v2_baseline/best.pt,full,development,coco_val2017_development
swin_tiny__all_minilm_l6_v2__baseline,swin_tiny,all_minilm_l6_v2,baseline,coco_retrieval,coco5_mean_rank_i2t,36.465599060058594,2,/mnt/fast/nobackup/scratch4weeks/pp01184/alignment_vlm/checkpoints/swin_tiny_all_minilm_l6_v2_baseline/best.pt,full,development,coco_val2017_development
swin_tiny__all_minilm_l6_v2__baseline,swin_tiny,all_minilm_l6_v2,baseline,coco_retrieval,coco5_median_rank_i2t,10.0,2,/mnt/fast/nobackup/scratch4weeks/pp01184/alignment_vlm/checkpoints/swin_tiny_all_minilm_l6_v2_baseline/best.pt,full,development,coco_val2017_development
swin_tiny__all_minilm_l6_v2__baseline,swin_tiny,all_minilm_l6_v2,baseline,coco_retrieval,coco5_t2i_R@1,0.1252898424863815,2,/mnt/fast/nobackup/scratch4weeks/pp01184/alignment_vlm/checkpoints/swin_tiny_all_minilm_l6_v2_baseline/best.pt,full,development,coco_val2017_development
swin_tiny__all_minilm_l6_v2__baseline,swin_tiny,all_minilm_l6_v2,baseline,coco_retrieval,coco5_t2i_R@5,0.3465259373188019,2,/mnt/fast/nobackup/scratch4weeks/pp01184/alignment_vlm/checkpoints/swin_tiny_all_minilm_l6_v2_baseline/best.pt,full,development,coco_val2017_development
swin_tiny__all_minilm_l6_v2__baseline,swin_tiny,all_minilm_l6_v2,baseline,coco_retrieval,coco5_t2i_R@10,0.4821300208568573,2,/mnt/fast/nobackup/scratch4weeks/pp01184/alignment_vlm/checkpoints/swin_tiny_all_minilm_l6_v2_baseline/best.pt,full,development,coco_val2017_development
swin_tiny__all_minilm_l6_v2__baseline,swin_tiny,all_minilm_l6_v2,baseline,coco_retrieval,coco5_mean_rank_t2i,39.39002227783203,2,/mnt/fast/nobackup/scratch4weeks/pp01184/alignment_vlm/checkpoints/swin_tiny_all_minilm_l6_v2_baseline/best.pt,full,development,coco_val2017_development
swin_tiny__all_minilm_l6_v2__baseline,swin_tiny,all_minilm_l6_v2,baseline,coco_retrieval,coco5_median_rank_t2i,11.0,2,/mnt/fast/nobackup/scratch4weeks/pp01184/alignment_vlm/checkpoints/swin_tiny_all_minilm_l6_v2_baseline/best.pt,full,development,coco_val2017_development
swin_tiny__all_minilm_l6_v2__baseline,swin_tiny,all_minilm_l6_v2,baseline,coco_retrieval,coco5_num_image_queries,5000.0,2,/mnt/fast/nobackup/scratch4weeks/pp01184/alignment_vlm/checkpoints/swin_tiny_all_minilm_l6_v2_baseline/best.pt,full,development,coco_val2017_development
swin_tiny__all_minilm_l6_v2__baseline,swin_tiny,all_minilm_l6_v2,baseline,coco_retrieval,coco5_num_text_queries,25014.0,2,/mnt/fast/nobackup/scratch4weeks/pp01184/alignment_vlm/checkpoints/swin_tiny_all_minilm_l6_v2_baseline/best.pt,full,development,coco_val2017_development
swin_tiny__e5_small_v2__baseline,swin_tiny,e5_small_v2,baseline,coco_retrieval,coco5_i2t_R@1,0.125,1,/mnt/fast/nobackup/scratch4weeks/pp01184/alignment_vlm/checkpoints/swin_tiny_e5_small_v2_baseline/best.pt,full,development,coco_val2017_development
swin_tiny__e5_small_v2__baseline,swin_tiny,e5_small_v2,baseline,coco_retrieval,coco5_i2t_R@5,0.3312000036239624,1,/mnt/fast/nobackup/scratch4weeks/pp01184/alignment_vlm/checkpoints/swin_tiny_e5_small_v2_baseline/best.pt,full,development,coco_val2017_development
swin_tiny__e5_small_v2__baseline,swin_tiny,e5_small_v2,baseline,coco_retrieval,coco5_i2t_R@10,0.4532000124454498,1,/mnt/fast/nobackup/scratch4weeks/pp01184/alignment_vlm/checkpoints/swin_tiny_e5_small_v2_baseline/best.pt,full,development,coco_val2017_development
swin_tiny__e5_small_v2__baseline,swin_tiny,e5_small_v2,baseline,coco_retrieval,coco5_mean_rank_i2t,45.24359893798828,1,/mnt/fast/nobackup/scratch4weeks/pp01184/alignment_vlm/checkpoints/swin_tiny_e5_small_v2_baseline/best.pt,full,development,coco_val2017_development
swin_tiny__e5_small_v2__baseline,swin_tiny,e5_small_v2,baseline,coco_retrieval,coco5_median_rank_i2t,13.0,1,/mnt/fast/nobackup/scratch4weeks/pp01184/alignment_vlm/checkpoints/swin_tiny_e5_small_v2_baseline/best.pt,full,development,coco_val2017_development
swin_tiny__e5_small_v2__baseline,swin_tiny,e5_small_v2,baseline,coco_retrieval,coco5_t2i_R@1,0.1043815463781356,1,/mnt/fast/nobackup/scratch4weeks/pp01184/alignment_vlm/checkpoints/swin_tiny_e5_small_v2_baseline/best.pt,full,development,coco_val2017_development
swin_tiny__e5_small_v2__baseline,swin_tiny,e5_small_v2,baseline,coco_retrieval,coco5_t2i_R@5,0.2971535921096802,1,/mnt/fast/nobackup/scratch4weeks/pp01184/alignment_vlm/checkpoints/swin_tiny_e5_small_v2_baseline/best.pt,full,development,coco_val2017_development
swin_tiny__e5_small_v2__baseline,swin_tiny,e5_small_v2,baseline,coco_retrieval,coco5_t2i_R@10,0.4231230616569519,1,/mnt/fast/nobackup/scratch4weeks/pp01184/alignment_vlm/checkpoints/swin_tiny_e5_small_v2_baseline/best.pt,full,development,coco_val2017_development
swin_tiny__e5_small_v2__baseline,swin_tiny,e5_small_v2,baseline,coco_retrieval,coco5_mean_rank_t2i,45.32465744018555,1,/mnt/fast/nobackup/scratch4weeks/pp01184/alignment_vlm/checkpoints/swin_tiny_e5_small_v2_baseline/best.pt,full,development,coco_val2017_development
swin_tiny__e5_small_v2__baseline,swin_tiny,e5_small_v2,baseline,coco_retrieval,coco5_median_rank_t2i,15.0,1,/mnt/fast/nobackup/scratch4weeks/pp01184/alignment_vlm/checkpoints/swin_tiny_e5_small_v2_baseline/best.pt,full,development,coco_val2017_development
swin_tiny__e5_small_v2__baseline,swin_tiny,e5_small_v2,baseline,coco_retrieval,coco5_num_image_queries,5000.0,1,/mnt/fast/nobackup/scratch4weeks/pp01184/alignment_vlm/checkpoints/swin_tiny_e5_small_v2_baseline/best.pt,full,development,coco_val2017_development
swin_tiny__e5_small_v2__baseline,swin_tiny,e5_small_v2,baseline,coco_retrieval,coco5_num_text_queries,25014.0,1,/mnt/fast/nobackup/scratch4weeks/pp01184/alignment_vlm/checkpoints/swin_tiny_e5_small_v2_baseline/best.pt,full,development,coco_val2017_development
dinov2_vits14__all_minilm_l6_v2__local,dinov2_vits14,all_minilm_l6_v2,local,coco_retrieval,coco5_i2t_R@1,0.1951999962329864,3,/mnt/fast/nobackup/scratch4weeks/pp01184/alignment_vlm/checkpoints/dinov2_vits14_all_minilm_l6_v2_local/best.pt,full,development,coco_val2017_development
dinov2_vits14__all_minilm_l6_v2__local,dinov2_vits14,all_minilm_l6_v2,local,coco_retrieval,coco5_i2t_R@5,0.4555999934673309,3,/mnt/fast/nobackup/scratch4weeks/pp01184/alignment_vlm/checkpoints/dinov2_vits14_all_minilm_l6_v2_local/best.pt,full,development,coco_val2017_development
dinov2_vits14__all_minilm_l6_v2__local,dinov2_vits14,all_minilm_l6_v2,local,coco_retrieval,coco5_i2t_R@10,0.5950000286102295,3,/mnt/fast/nobackup/scratch4weeks/pp01184/alignment_vlm/checkpoints/dinov2_vits14_all_minilm_l6_v2_local/best.pt,full,development,coco_val2017_development
dinov2_vits14__all_minilm_l6_v2__local,dinov2_vits14,all_minilm_l6_v2,local,coco_retrieval,coco5_mean_rank_i2t,25.08699989318848,3,/mnt/fast/nobackup/scratch4weeks/pp01184/alignment_vlm/checkpoints/dinov2_vits14_all_minilm_l6_v2_local/best.pt,full,development,coco_val2017_development
dinov2_vits14__all_minilm_l6_v2__local,dinov2_vits14,all_minilm_l6_v2,local,coco_retrieval,coco5_median_rank_i2t,7.0,3,/mnt/fast/nobackup/scratch4weeks/pp01184/alignment_vlm/checkpoints/dinov2_vits14_all_minilm_l6_v2_local/best.pt,full,development,coco_val2017_development
dinov2_vits14__all_minilm_l6_v2__local,dinov2_vits14,all_minilm_l6_v2,local,coco_retrieval,coco5_t2i_R@1,0.1604701429605484,3,/mnt/fast/nobackup/scratch4weeks/pp01184/alignment_vlm/checkpoints/dinov2_vits14_all_minilm_l6_v2_local/best.pt,full,development,coco_val2017_development
dinov2_vits14__all_minilm_l6_v2__local,dinov2_vits14,all_minilm_l6_v2,local,coco_retrieval,coco5_t2i_R@5,0.4093307852745056,3,/mnt/fast/nobackup/scratch4weeks/pp01184/alignment_vlm/checkpoints/dinov2_vits14_all_minilm_l6_v2_local/best.pt,full,development,coco_val2017_development
dinov2_vits14__all_minilm_l6_v2__local,dinov2_vits14,all_minilm_l6_v2,local,coco_retrieval,coco5_t2i_R@10,0.5450947284698486,3,/mnt/fast/nobackup/scratch4weeks/pp01184/alignment_vlm/checkpoints/dinov2_vits14_all_minilm_l6_v2_local/best.pt,full,development,coco_val2017_development
dinov2_vits14__all_minilm_l6_v2__local,dinov2_vits14,all_minilm_l6_v2,local,coco_retrieval,coco5_mean_rank_t2i,30.959861755371094,3,/mnt/fast/nobackup/scratch4weeks/pp01184/alignment_vlm/checkpoints/dinov2_vits14_all_minilm_l6_v2_local/best.pt,full,development,coco_val2017_development
dinov2_vits14__all_minilm_l6_v2__local,dinov2_vits14,all_minilm_l6_v2,local,coco_retrieval,coco5_median_rank_t2i,8.0,3,/mnt/fast/nobackup/scratch4weeks/pp01184/alignment_vlm/checkpoints/dinov2_vits14_all_minilm_l6_v2_local/best.pt,full,development,coco_val2017_development
dinov2_vits14__all_minilm_l6_v2__local,dinov2_vits14,all_minilm_l6_v2,local,coco_retrieval,coco5_num_image_queries,5000.0,3,/mnt/fast/nobackup/scratch4weeks/pp01184/alignment_vlm/checkpoints/dinov2_vits14_all_minilm_l6_v2_local/best.pt,full,development,coco_val2017_development
dinov2_vits14__all_minilm_l6_v2__local,dinov2_vits14,all_minilm_l6_v2,local,coco_retrieval,coco5_num_text_queries,25014.0,3,/mnt/fast/nobackup/scratch4weeks/pp01184/alignment_vlm/checkpoints/dinov2_vits14_all_minilm_l6_v2_local/best.pt,full,development,coco_val2017_development
convnextv2_tiny__all_minilm_l6_v2__local_global,convnextv2_tiny,all_minilm_l6_v2,local_global,coco_retrieval,coco5_i2t_R@1,0.1829999983310699,2,/mnt/fast/nobackup/scratch4weeks/pp01184/alignment_vlm/checkpoints/convnextv2_tiny_all_minilm_l6_v2_local_global/best.pt,full,development,coco_val2017_development
convnextv2_tiny__all_minilm_l6_v2__local_global,convnextv2_tiny,all_minilm_l6_v2,local_global,coco_retrieval,coco5_i2t_R@5,0.4361999928951263,2,/mnt/fast/nobackup/scratch4weeks/pp01184/alignment_vlm/checkpoints/convnextv2_tiny_all_minilm_l6_v2_local_global/best.pt,full,development,coco_val2017_development
convnextv2_tiny__all_minilm_l6_v2__local_global,convnextv2_tiny,all_minilm_l6_v2,local_global,coco_retrieval,coco5_i2t_R@10,0.5767999887466431,2,/mnt/fast/nobackup/scratch4weeks/pp01184/alignment_vlm/checkpoints/convnextv2_tiny_all_minilm_l6_v2_local_global/best.pt,full,development,coco_val2017_development
convnextv2_tiny__all_minilm_l6_v2__local_global,convnextv2_tiny,all_minilm_l6_v2,local_global,coco_retrieval,coco5_mean_rank_i2t,28.31800079345703,2,/mnt/fast/nobackup/scratch4weeks/pp01184/alignment_vlm/checkpoints/convnextv2_tiny_all_minilm_l6_v2_local_global/best.pt,full,development,coco_val2017_development
convnextv2_tiny__all_minilm_l6_v2__local_global,convnextv2_tiny,all_minilm_l6_v2,local_global,coco_retrieval,coco5_median_rank_i2t,8.0,2,/mnt/fast/nobackup/scratch4weeks/pp01184/alignment_vlm/checkpoints/convnextv2_tiny_all_minilm_l6_v2_local_global/best.pt,full,development,coco_val2017_development
convnextv2_tiny__all_minilm_l6_v2__local_global,convnextv2_tiny,all_minilm_l6_v2,local_global,coco_retrieval,coco5_t2i_R@1,0.1547933220863342,2,/mnt/fast/nobackup/scratch4weeks/pp01184/alignment_vlm/checkpoints/convnextv2_tiny_all_minilm_l6_v2_local_global/best.pt,full,development,coco_val2017_development
convnextv2_tiny__all_minilm_l6_v2__local_global,convnextv2_tiny,all_minilm_l6_v2,local_global,coco_retrieval,coco5_t2i_R@5,0.3957383930683136,2,/mnt/fast/nobackup/scratch4weeks/pp01184/alignment_vlm/checkpoints/convnextv2_tiny_all_minilm_l6_v2_local_global/best.pt,full,development,coco_val2017_development
convnextv2_tiny__all_minilm_l6_v2__local_global,convnextv2_tiny,all_minilm_l6_v2,local_global,coco_retrieval,coco5_t2i_R@10,0.5383385419845581,2,/mnt/fast/nobackup/scratch4weeks/pp01184/alignment_vlm/checkpoints/convnextv2_tiny_all_minilm_l6_v2_local_global/best.pt,full,development,coco_val2017_development
convnextv2_tiny__all_minilm_l6_v2__local_global,convnextv2_tiny,all_minilm_l6_v2,local_global,coco_retrieval,coco5_mean_rank_t2i,33.266212463378906,2,/mnt/fast/nobackup/scratch4weeks/pp01184/alignment_vlm/checkpoints/convnextv2_tiny_all_minilm_l6_v2_local_global/best.pt,full,development,coco_val2017_development
convnextv2_tiny__all_minilm_l6_v2__local_global,convnextv2_tiny,all_minilm_l6_v2,local_global,coco_retrieval,coco5_median_rank_t2i,9.0,2,/mnt/fast/nobackup/scratch4weeks/pp01184/alignment_vlm/checkpoints/convnextv2_tiny_all_minilm_l6_v2_local_global/best.pt,full,development,coco_val2017_development
convnextv2_tiny__all_minilm_l6_v2__local_global,convnextv2_tiny,all_minilm_l6_v2,local_global,coco_retrieval,coco5_num_image_queries,5000.0,2,/mnt/fast/nobackup/scratch4weeks/pp01184/alignment_vlm/checkpoints/convnextv2_tiny_all_minilm_l6_v2_local_global/best.pt,full,development,coco_val2017_development
convnextv2_tiny__all_minilm_l6_v2__local_global,convnextv2_tiny,all_minilm_l6_v2,local_global,coco_retrieval,coco5_num_text_queries,25014.0,2,/mnt/fast/nobackup/scratch4weeks/pp01184/alignment_vlm/checkpoints/convnextv2_tiny_all_minilm_l6_v2_local_global/best.pt,full,development,coco_val2017_development
dinov2_vits14__bge_small_en__local,dinov2_vits14,bge_small_en,local,coco_retrieval,coco5_i2t_R@1,0.1824000030755996,2,/mnt/fast/nobackup/scratch4weeks/pp01184/alignment_vlm/checkpoints/dinov2_vits14_bge_small_en_local/best.pt,full,development,coco_val2017_development
dinov2_vits14__bge_small_en__local,dinov2_vits14,bge_small_en,local,coco_retrieval,coco5_i2t_R@5,0.4413999915122986,2,/mnt/fast/nobackup/scratch4weeks/pp01184/alignment_vlm/checkpoints/dinov2_vits14_bge_small_en_local/best.pt,full,development,coco_val2017_development
dinov2_vits14__bge_small_en__local,dinov2_vits14,bge_small_en,local,coco_retrieval,coco5_i2t_R@10,0.5803999900817871,2,/mnt/fast/nobackup/scratch4weeks/pp01184/alignment_vlm/checkpoints/dinov2_vits14_bge_small_en_local/best.pt,full,development,coco_val2017_development
dinov2_vits14__bge_small_en__local,dinov2_vits14,bge_small_en,local,coco_retrieval,coco5_mean_rank_i2t,26.14080047607422,2,/mnt/fast/nobackup/scratch4weeks/pp01184/alignment_vlm/checkpoints/dinov2_vits14_bge_small_en_local/best.pt,full,development,coco_val2017_development
dinov2_vits14__bge_small_en__local,dinov2_vits14,bge_small_en,local,coco_retrieval,coco5_median_rank_i2t,7.0,2,/mnt/fast/nobackup/scratch4weeks/pp01184/alignment_vlm/checkpoints/dinov2_vits14_bge_small_en_local/best.pt,full,development,coco_val2017_development
dinov2_vits14__bge_small_en__local,dinov2_vits14,bge_small_en,local,coco_retrieval,coco5_t2i_R@1,0.154113695025444,2,/mnt/fast/nobackup/scratch4weeks/pp01184/alignment_vlm/checkpoints/dinov2_vits14_bge_small_en_local/best.pt,full,development,coco_val2017_development
dinov2_vits14__bge_small_en__local,dinov2_vits14,bge_small_en,local,coco_retrieval,coco5_t2i_R@5,0.3986967206001282,2,/mnt/fast/nobackup/scratch4weeks/pp01184/alignment_vlm/checkpoints/dinov2_vits14_bge_small_en_local/best.pt,full,development,coco_val2017_development
dinov2_vits14__bge_small_en__local,dinov2_vits14,bge_small_en,local,coco_retrieval,coco5_t2i_R@10,0.5359398722648621,2,/mnt/fast/nobackup/scratch4weeks/pp01184/alignment_vlm/checkpoints/dinov2_vits14_bge_small_en_local/best.pt,full,development,coco_val2017_development
dinov2_vits14__bge_small_en__local,dinov2_vits14,bge_small_en,local,coco_retrieval,coco5_mean_rank_t2i,32.55748748779297,2,/mnt/fast/nobackup/scratch4weeks/pp01184/alignment_vlm/checkpoints/dinov2_vits14_bge_small_en_local/best.pt,full,development,coco_val2017_development
dinov2_vits14__bge_small_en__local,dinov2_vits14,bge_small_en,local,coco_retrieval,coco5_median_rank_t2i,9.0,2,/mnt/fast/nobackup/scratch4weeks/pp01184/alignment_vlm/checkpoints/dinov2_vits14_bge_small_en_local/best.pt,full,development,coco_val2017_development
dinov2_vits14__bge_small_en__local,dinov2_vits14,bge_small_en,local,coco_retrieval,coco5_num_image_queries,5000.0,2,/mnt/fast/nobackup/scratch4weeks/pp01184/alignment_vlm/checkpoints/dinov2_vits14_bge_small_en_local/best.pt,full,development,coco_val2017_development
dinov2_vits14__bge_small_en__local,dinov2_vits14,bge_small_en,local,coco_retrieval,coco5_num_text_queries,25014.0,2,/mnt/fast/nobackup/scratch4weeks/pp01184/alignment_vlm/checkpoints/dinov2_vits14_bge_small_en_local/best.pt,full,development,coco_val2017_development
convnext_tiny__all_minilm_l6_v2__baseline,convnext_tiny,all_minilm_l6_v2,baseline,cifar100_zeroshot,top1_accuracy,0.264299988746643,2,/mnt/fast/nobackup/scratch4weeks/pp01184/alignment_vlm/checkpoints/convnext_tiny_all_minilm_l6_v2_baseline/best.pt,full,development,cifar100_official_train_development
convnext_tiny__all_minilm_l6_v2__baseline,convnext_tiny,all_minilm_l6_v2,baseline,cifar100_zeroshot,top5_accuracy,0.4999000132083893,2,/mnt/fast/nobackup/scratch4weeks/pp01184/alignment_vlm/checkpoints/convnext_tiny_all_minilm_l6_v2_baseline/best.pt,full,development,cifar100_official_train_development
convnext_tiny__all_minilm_l6_v2__baseline,convnext_tiny,all_minilm_l6_v2,baseline,cifar100_zeroshot,macro_f1,0.228229658263078,2,/mnt/fast/nobackup/scratch4weeks/pp01184/alignment_vlm/checkpoints/convnext_tiny_all_minilm_l6_v2_baseline/best.pt,full,development,cifar100_official_train_development
convnext_tiny__all_minilm_l6_v2__baseline,convnext_tiny,all_minilm_l6_v2,baseline,cifar100_zeroshot,balanced_accuracy,0.2643000000000001,2,/mnt/fast/nobackup/scratch4weeks/pp01184/alignment_vlm/checkpoints/convnext_tiny_all_minilm_l6_v2_baseline/best.pt,full,development,cifar100_official_train_development
convnext_tiny__all_minilm_l6_v2__baseline,convnext_tiny,all_minilm_l6_v2,baseline,cifar100_zeroshot,mean_confidence,0.4023761451244354,2,/mnt/fast/nobackup/scratch4weeks/pp01184/alignment_vlm/checkpoints/convnext_tiny_all_minilm_l6_v2_baseline/best.pt,full,development,cifar100_official_train_development
convnext_tiny__all_minilm_l6_v2__baseline,convnext_tiny,all_minilm_l6_v2,baseline,cifar100_zeroshot,classification_margin,-0.0648158416152,2,/mnt/fast/nobackup/scratch4weeks/pp01184/alignment_vlm/checkpoints/convnext_tiny_all_minilm_l6_v2_baseline/best.pt,full,development,cifar100_official_train_development
convnext_tiny__all_minilm_l6_v2__baseline,convnext_tiny,all_minilm_l6_v2,baseline,cifar100_zeroshot,top1_margin,0.2717657089233398,2,/mnt/fast/nobackup/scratch4weeks/pp01184/alignment_vlm/checkpoints/convnext_tiny_all_minilm_l6_v2_baseline/best.pt,full,development,cifar100_official_train_development
convnext_tiny__all_minilm_l6_v2__baseline,convnext_tiny,all_minilm_l6_v2,baseline,pets_zeroshot,top1_accuracy,0.0489130429923534,2,/mnt/fast/nobackup/scratch4weeks/pp01184/alignment_vlm/checkpoints/convnext_tiny_all_minilm_l6_v2_baseline/best.pt,full,development,oxford_iiit_pet_trainval_development
convnext_tiny__all_minilm_l6_v2__baseline,convnext_tiny,all_minilm_l6_v2,baseline,pets_zeroshot,top5_accuracy,0.2065217345952987,2,/mnt/fast/nobackup/scratch4weeks/pp01184/alignment_vlm/checkpoints/convnext_tiny_all_minilm_l6_v2_baseline/best.pt,full,development,oxford_iiit_pet_trainval_development
convnext_tiny__all_minilm_l6_v2__baseline,convnext_tiny,all_minilm_l6_v2,baseline,pets_zeroshot,macro_f1,0.0204843030694423,2,/mnt/fast/nobackup/scratch4weeks/pp01184/alignment_vlm/checkpoints/convnext_tiny_all_minilm_l6_v2_baseline/best.pt,full,development,oxford_iiit_pet_trainval_development
convnext_tiny__all_minilm_l6_v2__baseline,convnext_tiny,all_minilm_l6_v2,baseline,pets_zeroshot,balanced_accuracy,0.0486486486486486,2,/mnt/fast/nobackup/scratch4weeks/pp01184/alignment_vlm/checkpoints/convnext_tiny_all_minilm_l6_v2_baseline/best.pt,full,development,oxford_iiit_pet_trainval_development
convnext_tiny__all_minilm_l6_v2__baseline,convnext_tiny,all_minilm_l6_v2,baseline,pets_zeroshot,mean_confidence,0.2564145922660827,2,/mnt/fast/nobackup/scratch4weeks/pp01184/alignment_vlm/checkpoints/convnext_tiny_all_minilm_l6_v2_baseline/best.pt,full,development,oxford_iiit_pet_trainval_development
convnext_tiny__all_minilm_l6_v2__baseline,convnext_tiny,all_minilm_l6_v2,baseline,pets_zeroshot,classification_margin,-0.2042357772588729,2,/mnt/fast/nobackup/scratch4weeks/pp01184/alignment_vlm/checkpoints/convnext_tiny_all_minilm_l6_v2_baseline/best.pt,full,development,oxford_iiit_pet_trainval_development
convnext_tiny__all_minilm_l6_v2__baseline,convnext_tiny,all_minilm_l6_v2,baseline,pets_zeroshot,top1_margin,0.1012472510337829,2,/mnt/fast/nobackup/scratch4weeks/pp01184/alignment_vlm/checkpoints/convnext_tiny_all_minilm_l6_v2_baseline/best.pt,full,development,oxford_iiit_pet_trainval_development
convnext_tiny__all_minilm_l6_v2__baseline,convnext_tiny,all_minilm_l6_v2,baseline,eurosat_zeroshot,top1_accuracy,0.1748148202896118,2,/mnt/fast/nobackup/scratch4weeks/pp01184/alignment_vlm/checkpoints/convnext_tiny_all_minilm_l6_v2_baseline/best.pt,full,development,eurosat_deterministic_stratified_development
convnext_tiny__all_minilm_l6_v2__baseline,convnext_tiny,all_minilm_l6_v2,baseline,eurosat_zeroshot,top5_accuracy,0.673086404800415,2,/mnt/fast/nobackup/scratch4weeks/pp01184/alignment_vlm/checkpoints/convnext_tiny_all_minilm_l6_v2_baseline/best.pt,full,development,eurosat_deterministic_stratified_development
convnext_tiny__all_minilm_l6_v2__baseline,convnext_tiny,all_minilm_l6_v2,baseline,eurosat_zeroshot,macro_f1,0.1412320162992977,2,/mnt/fast/nobackup/scratch4weeks/pp01184/alignment_vlm/checkpoints/convnext_tiny_all_minilm_l6_v2_baseline/best.pt,full,development,eurosat_deterministic_stratified_development
convnext_tiny__all_minilm_l6_v2__baseline,convnext_tiny,all_minilm_l6_v2,baseline,eurosat_zeroshot,balanced_accuracy,0.1741777777777778,2,/mnt/fast/nobackup/scratch4weeks/pp01184/alignment_vlm/checkpoints/convnext_tiny_all_minilm_l6_v2_baseline/best.pt,full,development,eurosat_deterministic_stratified_development
convnext_tiny__all_minilm_l6_v2__baseline,convnext_tiny,all_minilm_l6_v2,baseline,eurosat_zeroshot,mean_confidence,0.559752345085144,2,/mnt/fast/nobackup/scratch4weeks/pp01184/alignment_vlm/checkpoints/convnext_tiny_all_minilm_l6_v2_baseline/best.pt,full,development,eurosat_deterministic_stratified_development
convnext_tiny__all_minilm_l6_v2__baseline,convnext_tiny,all_minilm_l6_v2,baseline,eurosat_zeroshot,classification_margin,-0.3390409350395202,2,/mnt/fast/nobackup/scratch4weeks/pp01184/alignment_vlm/checkpoints/convnext_tiny_all_minilm_l6_v2_baseline/best.pt,full,development,eurosat_deterministic_stratified_development
convnext_tiny__all_minilm_l6_v2__baseline,convnext_tiny,all_minilm_l6_v2,baseline,eurosat_zeroshot,top1_margin,0.3520188927650451,2,/mnt/fast/nobackup/scratch4weeks/pp01184/alignment_vlm/checkpoints/convnext_tiny_all_minilm_l6_v2_baseline/best.pt,full,development,eurosat_deterministic_stratified_development
convnext_tiny__distilbert__baseline,convnext_tiny,distilbert,baseline,cifar100_zeroshot,top1_accuracy,0.2345000058412552,1,/mnt/fast/nobackup/scratch4weeks/pp01184/alignment_vlm/checkpoints/convnext_tiny_distilbert_baseline/best.pt,full,development,cifar100_official_train_development
convnext_tiny__distilbert__baseline,convnext_tiny,distilbert,baseline,cifar100_zeroshot,top5_accuracy,0.4729000031948089,1,/mnt/fast/nobackup/scratch4weeks/pp01184/alignment_vlm/checkpoints/convnext_tiny_distilbert_baseline/best.pt,full,development,cifar100_official_train_development
convnext_tiny__distilbert__baseline,convnext_tiny,distilbert,baseline,cifar100_zeroshot,macro_f1,0.1975146367277877,1,/mnt/fast/nobackup/scratch4weeks/pp01184/alignment_vlm/checkpoints/convnext_tiny_distilbert_baseline/best.pt,full,development,cifar100_official_train_development
convnext_tiny__distilbert__baseline,convnext_tiny,distilbert,baseline,cifar100_zeroshot,balanced_accuracy,0.2345,1,/mnt/fast/nobackup/scratch4weeks/pp01184/alignment_vlm/checkpoints/convnext_tiny_distilbert_baseline/best.pt,full,development,cifar100_official_train_development
convnext_tiny__distilbert__baseline,convnext_tiny,distilbert,baseline,cifar100_zeroshot,mean_confidence,0.2932272553443908,1,/mnt/fast/nobackup/scratch4weeks/pp01184/alignment_vlm/checkpoints/convnext_tiny_distilbert_baseline/best.pt,full,development,cifar100_official_train_development
convnext_tiny__distilbert__baseline,convnext_tiny,distilbert,baseline,cifar100_zeroshot,classification_margin,-0.0615495182573795,1,/mnt/fast/nobackup/scratch4weeks/pp01184/alignment_vlm/checkpoints/convnext_tiny_distilbert_baseline/best.pt,full,development,cifar100_official_train_development
convnext_tiny__distilbert__baseline,convnext_tiny,distilbert,baseline,cifar100_zeroshot,top1_margin,0.1675376892089843,1,/mnt/fast/nobackup/scratch4weeks/pp01184/alignment_vlm/checkpoints/convnext_tiny_distilbert_baseline/best.pt,full,development,cifar100_official_train_development
convnext_tiny__distilbert__baseline,convnext_tiny,distilbert,baseline,pets_zeroshot,top1_accuracy,0.0461956523358821,1,/mnt/fast/nobackup/scratch4weeks/pp01184/alignment_vlm/checkpoints/convnext_tiny_distilbert_baseline/best.pt,full,development,oxford_iiit_pet_trainval_development
convnext_tiny__distilbert__baseline,convnext_tiny,distilbert,baseline,pets_zeroshot,top5_accuracy,0.2038043439388275,1,/mnt/fast/nobackup/scratch4weeks/pp01184/alignment_vlm/checkpoints/convnext_tiny_distilbert_baseline/best.pt,full,development,oxford_iiit_pet_trainval_development
convnext_tiny__distilbert__baseline,convnext_tiny,distilbert,baseline,pets_zeroshot,macro_f1,0.0233934293626835,1,/mnt/fast/nobackup/scratch4weeks/pp01184/alignment_vlm/checkpoints/convnext_tiny_distilbert_baseline/best.pt,full,development,oxford_iiit_pet_trainval_development
convnext_tiny__distilbert__baseline,convnext_tiny,distilbert,baseline,pets_zeroshot,balanced_accuracy,0.0459459459459459,1,/mnt/fast/nobackup/scratch4weeks/pp01184/alignment_vlm/checkpoints/convnext_tiny_distilbert_baseline/best.pt,full,development,oxford_iiit_pet_trainval_development
convnext_tiny__distilbert__baseline,convnext_tiny,distilbert,baseline,pets_zeroshot,mean_confidence,0.2423328310251236,1,/mnt/fast/nobackup/scratch4weeks/pp01184/alignment_vlm/checkpoints/convnext_tiny_distilbert_baseline/best.pt,full,development,oxford_iiit_pet_trainval_development
convnext_tiny__distilbert__baseline,convnext_tiny,distilbert,baseline,pets_zeroshot,classification_margin,-0.1993372291326522,1,/mnt/fast/nobackup/scratch4weeks/pp01184/alignment_vlm/checkpoints/convnext_tiny_distilbert_baseline/best.pt,full,development,oxford_iiit_pet_trainval_development
convnext_tiny__distilbert__baseline,convnext_tiny,distilbert,baseline,pets_zeroshot,top1_margin,0.085607998073101,1,/mnt/fast/nobackup/scratch4weeks/pp01184/alignment_vlm/checkpoints/convnext_tiny_distilbert_baseline/best.pt,full,development,oxford_iiit_pet_trainval_development
convnext_tiny__distilbert__baseline,convnext_tiny,distilbert,baseline,eurosat_zeroshot,top1_accuracy,0.1518518477678299,1,/mnt/fast/nobackup/scratch4weeks/pp01184/alignment_vlm/checkpoints/convnext_tiny_distilbert_baseline/best.pt,full,development,eurosat_deterministic_stratified_development
convnext_tiny__distilbert__baseline,convnext_tiny,distilbert,baseline,eurosat_zeroshot,top5_accuracy,0.614814817905426,1,/mnt/fast/nobackup/scratch4weeks/pp01184/alignment_vlm/checkpoints/convnext_tiny_distilbert_baseline/best.pt,full,development,eurosat_deterministic_stratified_development
convnext_tiny__distilbert__baseline,convnext_tiny,distilbert,baseline,eurosat_zeroshot,macro_f1,0.0964725539139532,1,/mnt/fast/nobackup/scratch4weeks/pp01184/alignment_vlm/checkpoints/convnext_tiny_distilbert_baseline/best.pt,full,development,eurosat_deterministic_stratified_development
convnext_tiny__distilbert__baseline,convnext_tiny,distilbert,baseline,eurosat_zeroshot,balanced_accuracy,0.1449111111111111,1,/mnt/fast/nobackup/scratch4weeks/pp01184/alignment_vlm/checkpoints/convnext_tiny_distilbert_baseline/best.pt,full,development,eurosat_deterministic_stratified_development
convnext_tiny__distilbert__baseline,convnext_tiny,distilbert,baseline,eurosat_zeroshot,mean_confidence,0.5258535146713257,1,/mnt/fast/nobackup/scratch4weeks/pp01184/alignment_vlm/checkpoints/convnext_tiny_distilbert_baseline/best.pt,full,development,eurosat_deterministic_stratified_development
convnext_tiny__distilbert__baseline,convnext_tiny,distilbert,baseline,eurosat_zeroshot,classification_margin,-0.327567458152771,1,/mnt/fast/nobackup/scratch4weeks/pp01184/alignment_vlm/checkpoints/convnext_tiny_distilbert_baseline/best.pt,full,development,eurosat_deterministic_stratified_development
convnext_tiny__distilbert__baseline,convnext_tiny,distilbert,baseline,eurosat_zeroshot,top1_margin,0.3123569190502167,1,/mnt/fast/nobackup/scratch4weeks/pp01184/alignment_vlm/checkpoints/convnext_tiny_distilbert_baseline/best.pt,full,development,eurosat_deterministic_stratified_development
convnext_tiny__e5_small_v2__baseline,convnext_tiny,e5_small_v2,baseline,cifar100_zeroshot,top1_accuracy,0.2657999992370605,2,/mnt/fast/nobackup/scratch4weeks/pp01184/alignment_vlm/checkpoints/convnext_tiny_e5_small_v2_baseline/best.pt,full,development,cifar100_official_train_development
convnext_tiny__e5_small_v2__baseline,convnext_tiny,e5_small_v2,baseline,cifar100_zeroshot,top5_accuracy,0.4905999898910522,2,/mnt/fast/nobackup/scratch4weeks/pp01184/alignment_vlm/checkpoints/convnext_tiny_e5_small_v2_baseline/best.pt,full,development,cifar100_official_train_development
convnext_tiny__e5_small_v2__baseline,convnext_tiny,e5_small_v2,baseline,cifar100_zeroshot,macro_f1,0.2254263287676254,2,/mnt/fast/nobackup/scratch4weeks/pp01184/alignment_vlm/checkpoints/convnext_tiny_e5_small_v2_baseline/best.pt,full,development,cifar100_official_train_development
convnext_tiny__e5_small_v2__baseline,convnext_tiny,e5_small_v2,baseline,cifar100_zeroshot,balanced_accuracy,0.2658000000000001,2,/mnt/fast/nobackup/scratch4weeks/pp01184/alignment_vlm/checkpoints/convnext_tiny_e5_small_v2_baseline/best.pt,full,development,cifar100_official_train_development
convnext_tiny__e5_small_v2__baseline,convnext_tiny,e5_small_v2,baseline,cifar100_zeroshot,mean_confidence,0.3454200327396393,2,/mnt/fast/nobackup/scratch4weeks/pp01184/alignment_vlm/checkpoints/convnext_tiny_e5_small_v2_baseline/best.pt,full,development,cifar100_official_train_development
convnext_tiny__e5_small_v2__baseline,convnext_tiny,e5_small_v2,baseline,cifar100_zeroshot,classification_margin,-0.03406972438097,2,/mnt/fast/nobackup/scratch4weeks/pp01184/alignment_vlm/checkpoints/convnext_tiny_e5_small_v2_baseline/best.pt,full,development,cifar100_official_train_development
convnext_tiny__e5_small_v2__baseline,convnext_tiny,e5_small_v2,baseline,cifar100_zeroshot,top1_margin,0.225294217467308,2,/mnt/fast/nobackup/scratch4weeks/pp01184/alignment_vlm/checkpoints/convnext_tiny_e5_small_v2_baseline/best.pt,full,development,cifar100_official_train_development
convnext_tiny__e5_small_v2__baseline,convnext_tiny,e5_small_v2,baseline,pets_zeroshot,top1_accuracy,0.0421195663511753,2,/mnt/fast/nobackup/scratch4weeks/pp01184/alignment_vlm/checkpoints/convnext_tiny_e5_small_v2_baseline/best.pt,full,development,oxford_iiit_pet_trainval_development
convnext_tiny__e5_small_v2__baseline,convnext_tiny,e5_small_v2,baseline,pets_zeroshot,top5_accuracy,0.2309782654047012,2,/mnt/fast/nobackup/scratch4weeks/pp01184/alignment_vlm/checkpoints/convnext_tiny_e5_small_v2_baseline/best.pt,full,development,oxford_iiit_pet_trainval_development
convnext_tiny__e5_small_v2__baseline,convnext_tiny,e5_small_v2,baseline,pets_zeroshot,macro_f1,0.0140512215700159,2,/mnt/fast/nobackup/scratch4weeks/pp01184/alignment_vlm/checkpoints/convnext_tiny_e5_small_v2_baseline/best.pt,full,development,oxford_iiit_pet_trainval_development
convnext_tiny__e5_small_v2__baseline,convnext_tiny,e5_small_v2,baseline,pets_zeroshot,balanced_accuracy,0.0418918918918918,2,/mnt/fast/nobackup/scratch4weeks/pp01184/alignment_vlm/checkpoints/convnext_tiny_e5_small_v2_baseline/best.pt,full,development,oxford_iiit_pet_trainval_development
convnext_tiny__e5_small_v2__baseline,convnext_tiny,e5_small_v2,baseline,pets_zeroshot,mean_confidence,0.2646851241588592,2,/mnt/fast/nobackup/scratch4weeks/pp01184/alignment_vlm/checkpoints/convnext_tiny_e5_small_v2_baseline/best.pt,full,development,oxford_iiit_pet_trainval_development
convnext_tiny__e5_small_v2__baseline,convnext_tiny,e5_small_v2,baseline,pets_zeroshot,classification_margin,-0.2214014381170272,2,/mnt/fast/nobackup/scratch4weeks/pp01184/alignment_vlm/checkpoints/convnext_tiny_e5_small_v2_baseline/best.pt,full,development,oxford_iiit_pet_trainval_development
convnext_tiny__e5_small_v2__baseline,convnext_tiny,e5_small_v2,baseline,pets_zeroshot,top1_margin,0.1031645387411117,2,/mnt/fast/nobackup/scratch4weeks/pp01184/alignment_vlm/checkpoints/convnext_tiny_e5_small_v2_baseline/best.pt,full,development,oxford_iiit_pet_trainval_development
convnext_tiny__e5_small_v2__baseline,convnext_tiny,e5_small_v2,baseline,eurosat_zeroshot,top1_accuracy,0.1827160567045211,2,/mnt/fast/nobackup/scratch4weeks/pp01184/alignment_vlm/checkpoints/convnext_tiny_e5_small_v2_baseline/best.pt,full,development,eurosat_deterministic_stratified_development
convnext_tiny__e5_small_v2__baseline,convnext_tiny,e5_small_v2,baseline,eurosat_zeroshot,top5_accuracy,0.6466666460037231,2,/mnt/fast/nobackup/scratch4weeks/pp01184/alignment_vlm/checkpoints/convnext_tiny_e5_small_v2_baseline/best.pt,full,development,eurosat_deterministic_stratified_development
convnext_tiny__e5_small_v2__baseline,convnext_tiny,e5_small_v2,baseline,eurosat_zeroshot,macro_f1,0.1111566608716948,2,/mnt/fast/nobackup/scratch4weeks/pp01184/alignment_vlm/checkpoints/convnext_tiny_e5_small_v2_baseline/best.pt,full,development,eurosat_deterministic_stratified_development
convnext_tiny__e5_small_v2__baseline,convnext_tiny,e5_small_v2,baseline,eurosat_zeroshot,balanced_accuracy,0.1801777777777777,2,/mnt/fast/nobackup/scratch4weeks/pp01184/alignment_vlm/checkpoints/convnext_tiny_e5_small_v2_baseline/best.pt,full,development,eurosat_deterministic_stratified_development
convnext_tiny__e5_small_v2__baseline,convnext_tiny,e5_small_v2,baseline,eurosat_zeroshot,mean_confidence,0.60500568151474,2,/mnt/fast/nobackup/scratch4weeks/pp01184/alignment_vlm/checkpoints/convnext_tiny_e5_small_v2_baseline/best.pt,full,development,eurosat_deterministic_stratified_development
convnext_tiny__e5_small_v2__baseline,convnext_tiny,e5_small_v2,baseline,eurosat_zeroshot,classification_margin,-0.335855096578598,2,/mnt/fast/nobackup/scratch4weeks/pp01184/alignment_vlm/checkpoints/convnext_tiny_e5_small_v2_baseline/best.pt,full,development,eurosat_deterministic_stratified_development
convnext_tiny__e5_small_v2__baseline,convnext_tiny,e5_small_v2,baseline,eurosat_zeroshot,top1_margin,0.4301484823226928,2,/mnt/fast/nobackup/scratch4weeks/pp01184/alignment_vlm/checkpoints/convnext_tiny_e5_small_v2_baseline/best.pt,full,development,eurosat_deterministic_stratified_development
convnext_tiny__bge_small_en__baseline,convnext_tiny,bge_small_en,baseline,cifar100_zeroshot,top1_accuracy,0.2694000005722046,2,/mnt/fast/nobackup/scratch4weeks/pp01184/alignment_vlm/checkpoints/convnext_tiny_bge_small_en_baseline/best.pt,full,development,cifar100_official_train_development
convnext_tiny__bge_small_en__baseline,convnext_tiny,bge_small_en,baseline,cifar100_zeroshot,top5_accuracy,0.4763000011444092,2,/mnt/fast/nobackup/scratch4weeks/pp01184/alignment_vlm/checkpoints/convnext_tiny_bge_small_en_baseline/best.pt,full,development,cifar100_official_train_development
convnext_tiny__bge_small_en__baseline,convnext_tiny,bge_small_en,baseline,cifar100_zeroshot,macro_f1,0.2307642739307818,2,/mnt/fast/nobackup/scratch4weeks/pp01184/alignment_vlm/checkpoints/convnext_tiny_bge_small_en_baseline/best.pt,full,development,cifar100_official_train_development
convnext_tiny__bge_small_en__baseline,convnext_tiny,bge_small_en,baseline,cifar100_zeroshot,balanced_accuracy,0.2694,2,/mnt/fast/nobackup/scratch4weeks/pp01184/alignment_vlm/checkpoints/convnext_tiny_bge_small_en_baseline/best.pt,full,development,cifar100_official_train_development
convnext_tiny__bge_small_en__baseline,convnext_tiny,bge_small_en,baseline,cifar100_zeroshot,mean_confidence,0.3529605567455292,2,/mnt/fast/nobackup/scratch4weeks/pp01184/alignment_vlm/checkpoints/convnext_tiny_bge_small_en_baseline/best.pt,full,development,cifar100_official_train_development
convnext_tiny__bge_small_en__baseline,convnext_tiny,bge_small_en,baseline,cifar100_zeroshot,classification_margin,-0.0273328553885221,2,/mnt/fast/nobackup/scratch4weeks/pp01184/alignment_vlm/checkpoints/convnext_tiny_bge_small_en_baseline/best.pt,full,development,cifar100_official_train_development
convnext_tiny__bge_small_en__baseline,convnext_tiny,bge_small_en,baseline,cifar100_zeroshot,top1_margin,0.2302546948194503,2,/mnt/fast/nobackup/scratch4weeks/pp01184/alignment_vlm/checkpoints/convnext_tiny_bge_small_en_baseline/best.pt,full,development,cifar100_official_train_development
convnext_tiny__bge_small_en__baseline,convnext_tiny,bge_small_en,baseline,pets_zeroshot,top1_accuracy,0.050271738320589,2,/mnt/fast/nobackup/scratch4weeks/pp01184/alignment_vlm/checkpoints/convnext_tiny_bge_small_en_baseline/best.pt,full,development,oxford_iiit_pet_trainval_development
convnext_tiny__bge_small_en__baseline,convnext_tiny,bge_small_en,baseline,pets_zeroshot,top5_accuracy,0.1997282654047012,2,/mnt/fast/nobackup/scratch4weeks/pp01184/alignment_vlm/checkpoints/convnext_tiny_bge_small_en_baseline/best.pt,full,development,oxford_iiit_pet_trainval_development
convnext_tiny__bge_small_en__baseline,convnext_tiny,bge_small_en,baseline,pets_zeroshot,macro_f1,0.0303627630296242,2,/mnt/fast/nobackup/scratch4weeks/pp01184/alignment_vlm/checkpoints/convnext_tiny_bge_small_en_baseline/best.pt,full,development,oxford_iiit_pet_trainval_development
convnext_tiny__bge_small_en__baseline,convnext_tiny,bge_small_en,baseline,pets_zeroshot,balanced_accuracy,0.05,2,/mnt/fast/nobackup/scratch4weeks/pp01184/alignment_vlm/checkpoints/convnext_tiny_bge_small_en_baseline/best.pt,full,development,oxford_iiit_pet_trainval_development
convnext_tiny__bge_small_en__baseline,convnext_tiny,bge_small_en,baseline,pets_zeroshot,mean_confidence,0.2270852178335189,2,/mnt/fast/nobackup/scratch4weeks/pp01184/alignment_vlm/checkpoints/convnext_tiny_bge_small_en_baseline/best.pt,full,development,oxford_iiit_pet_trainval_development
convnext_tiny__bge_small_en__baseline,convnext_tiny,bge_small_en,baseline,pets_zeroshot,classification_margin,-0.1843600124120712,2,/mnt/fast/nobackup/scratch4weeks/pp01184/alignment_vlm/checkpoints/convnext_tiny_bge_small_en_baseline/best.pt,full,development,oxford_iiit_pet_trainval_development
convnext_tiny__bge_small_en__baseline,convnext_tiny,bge_small_en,baseline,pets_zeroshot,top1_margin,0.0848691835999488,2,/mnt/fast/nobackup/scratch4weeks/pp01184/alignment_vlm/checkpoints/convnext_tiny_bge_small_en_baseline/best.pt,full,development,oxford_iiit_pet_trainval_development
convnext_tiny__bge_small_en__baseline,convnext_tiny,bge_small_en,baseline,eurosat_zeroshot,top1_accuracy,0.1990123391151428,2,/mnt/fast/nobackup/scratch4weeks/pp01184/alignment_vlm/checkpoints/convnext_tiny_bge_small_en_baseline/best.pt,full,development,eurosat_deterministic_stratified_development
convnext_tiny__bge_small_en__baseline,convnext_tiny,bge_small_en,baseline,eurosat_zeroshot,top5_accuracy,0.6479012370109558,2,/mnt/fast/nobackup/scratch4weeks/pp01184/alignment_vlm/checkpoints/convnext_tiny_bge_small_en_baseline/best.pt,full,development,eurosat_deterministic_stratified_development
convnext_tiny__bge_small_en__baseline,convnext_tiny,bge_small_en,baseline,eurosat_zeroshot,macro_f1,0.1459821237580684,2,/mnt/fast/nobackup/scratch4weeks/pp01184/alignment_vlm/checkpoints/convnext_tiny_bge_small_en_baseline/best.pt,full,development,eurosat_deterministic_stratified_development
convnext_tiny__bge_small_en__baseline,convnext_tiny,bge_small_en,baseline,eurosat_zeroshot,balanced_accuracy,0.1972,2,/mnt/fast/nobackup/scratch4weeks/pp01184/alignment_vlm/checkpoints/convnext_tiny_bge_small_en_baseline/best.pt,full,development,eurosat_deterministic_stratified_development
convnext_tiny__bge_small_en__baseline,convnext_tiny,bge_small_en,baseline,eurosat_zeroshot,mean_confidence,0.5257320404052734,2,/mnt/fast/nobackup/scratch4weeks/pp01184/alignment_vlm/checkpoints/convnext_tiny_bge_small_en_baseline/best.pt,full,development,eurosat_deterministic_stratified_development
convnext_tiny__bge_small_en__baseline,convnext_tiny,bge_small_en,baseline,eurosat_zeroshot,classification_margin,-0.2686949968338012,2,/mnt/fast/nobackup/scratch4weeks/pp01184/alignment_vlm/checkpoints/convnext_tiny_bge_small_en_baseline/best.pt,full,development,eurosat_deterministic_stratified_development
convnext_tiny__bge_small_en__baseline,convnext_tiny,bge_small_en,baseline,eurosat_zeroshot,top1_margin,0.3189341723918915,2,/mnt/fast/nobackup/scratch4weeks/pp01184/alignment_vlm/checkpoints/convnext_tiny_bge_small_en_baseline/best.pt,full,development,eurosat_deterministic_stratified_development
convnextv2_tiny__all_minilm_l6_v2__baseline,convnextv2_tiny,all_minilm_l6_v2,baseline,cifar100_zeroshot,top1_accuracy,0.29789999127388,2,/mnt/fast/nobackup/scratch4weeks/pp01184/alignment_vlm/checkpoints/convnextv2_tiny_all_minilm_l6_v2_baseline/best.pt,full,development,cifar100_official_train_development
convnextv2_tiny__all_minilm_l6_v2__baseline,convnextv2_tiny,all_minilm_l6_v2,baseline,cifar100_zeroshot,top5_accuracy,0.5181999802589417,2,/mnt/fast/nobackup/scratch4weeks/pp01184/alignment_vlm/checkpoints/convnextv2_tiny_all_minilm_l6_v2_baseline/best.pt,full,development,cifar100_official_train_development
convnextv2_tiny__all_minilm_l6_v2__baseline,convnextv2_tiny,all_minilm_l6_v2,baseline,cifar100_zeroshot,macro_f1,0.2512537263471721,2,/mnt/fast/nobackup/scratch4weeks/pp01184/alignment_vlm/checkpoints/convnextv2_tiny_all_minilm_l6_v2_baseline/best.pt,full,development,cifar100_official_train_development
convnextv2_tiny__all_minilm_l6_v2__baseline,convnextv2_tiny,all_minilm_l6_v2,baseline,cifar100_zeroshot,balanced_accuracy,0.2979,2,/mnt/fast/nobackup/scratch4weeks/pp01184/alignment_vlm/checkpoints/convnextv2_tiny_all_minilm_l6_v2_baseline/best.pt,full,development,cifar100_official_train_development
convnextv2_tiny__all_minilm_l6_v2__baseline,convnextv2_tiny,all_minilm_l6_v2,baseline,cifar100_zeroshot,mean_confidence,0.3976909816265106,2,/mnt/fast/nobackup/scratch4weeks/pp01184/alignment_vlm/checkpoints/convnextv2_tiny_all_minilm_l6_v2_baseline/best.pt,full,development,cifar100_official_train_development
convnextv2_tiny__all_minilm_l6_v2__baseline,convnextv2_tiny,all_minilm_l6_v2,baseline,cifar100_zeroshot,classification_margin,-0.019112043082714,2,/mnt/fast/nobackup/scratch4weeks/pp01184/alignment_vlm/checkpoints/convnextv2_tiny_all_minilm_l6_v2_baseline/best.pt,full,development,cifar100_official_train_development
convnextv2_tiny__all_minilm_l6_v2__baseline,convnextv2_tiny,all_minilm_l6_v2,baseline,cifar100_zeroshot,top1_margin,0.2697753608226776,2,/mnt/fast/nobackup/scratch4weeks/pp01184/alignment_vlm/checkpoints/convnextv2_tiny_all_minilm_l6_v2_baseline/best.pt,full,development,cifar100_official_train_development
convnextv2_tiny__all_minilm_l6_v2__baseline,convnextv2_tiny,all_minilm_l6_v2,baseline,pets_zeroshot,top1_accuracy,0.0516304336488246,2,/mnt/fast/nobackup/scratch4weeks/pp01184/alignment_vlm/checkpoints/convnextv2_tiny_all_minilm_l6_v2_baseline/best.pt,full,development,oxford_iiit_pet_trainval_development
convnextv2_tiny__all_minilm_l6_v2__baseline,convnextv2_tiny,all_minilm_l6_v2,baseline,pets_zeroshot,top5_accuracy,0.1861412972211837,2,/mnt/fast/nobackup/scratch4weeks/pp01184/alignment_vlm/checkpoints/convnextv2_tiny_all_minilm_l6_v2_baseline/best.pt,full,development,oxford_iiit_pet_trainval_development
convnextv2_tiny__all_minilm_l6_v2__baseline,convnextv2_tiny,all_minilm_l6_v2,baseline,pets_zeroshot,macro_f1,0.0291529281750751,2,/mnt/fast/nobackup/scratch4weeks/pp01184/alignment_vlm/checkpoints/convnextv2_tiny_all_minilm_l6_v2_baseline/best.pt,full,development,oxford_iiit_pet_trainval_development
convnextv2_tiny__all_minilm_l6_v2__baseline,convnextv2_tiny,all_minilm_l6_v2,baseline,pets_zeroshot,balanced_accuracy,0.051778093883357,2,/mnt/fast/nobackup/scratch4weeks/pp01184/alignment_vlm/checkpoints/convnextv2_tiny_all_minilm_l6_v2_baseline/best.pt,full,development,oxford_iiit_pet_trainval_development
convnextv2_tiny__all_minilm_l6_v2__baseline,convnextv2_tiny,all_minilm_l6_v2,baseline,pets_zeroshot,mean_confidence,0.2807841598987579,2,/mnt/fast/nobackup/scratch4weeks/pp01184/alignment_vlm/checkpoints/convnextv2_tiny_all_minilm_l6_v2_baseline/best.pt,full,development,oxford_iiit_pet_trainval_development
convnextv2_tiny__all_minilm_l6_v2__baseline,convnextv2_tiny,all_minilm_l6_v2,baseline,pets_zeroshot,classification_margin,-0.2359894514083862,2,/mnt/fast/nobackup/scratch4weeks/pp01184/alignment_vlm/checkpoints/convnextv2_tiny_all_minilm_l6_v2_baseline/best.pt,full,development,oxford_iiit_pet_trainval_development
convnextv2_tiny__all_minilm_l6_v2__baseline,convnextv2_tiny,all_minilm_l6_v2,baseline,pets_zeroshot,top1_margin,0.1166055276989936,2,/mnt/fast/nobackup/scratch4weeks/pp01184/alignment_vlm/checkpoints/convnextv2_tiny_all_minilm_l6_v2_baseline/best.pt,full,development,oxford_iiit_pet_trainval_development
convnextv2_tiny__all_minilm_l6_v2__baseline,convnextv2_tiny,all_minilm_l6_v2,baseline,eurosat_zeroshot,top1_accuracy,0.2153086364269256,2,/mnt/fast/nobackup/scratch4weeks/pp01184/alignment_vlm/checkpoints/convnextv2_tiny_all_minilm_l6_v2_baseline/best.pt,full,development,eurosat_deterministic_stratified_development
convnextv2_tiny__all_minilm_l6_v2__baseline,convnextv2_tiny,all_minilm_l6_v2,baseline,eurosat_zeroshot,top5_accuracy,0.6333333253860474,2,/mnt/fast/nobackup/scratch4weeks/pp01184/alignment_vlm/checkpoints/convnextv2_tiny_all_minilm_l6_v2_baseline/best.pt,full,development,eurosat_deterministic_stratified_development
convnextv2_tiny__all_minilm_l6_v2__baseline,convnextv2_tiny,all_minilm_l6_v2,baseline,eurosat_zeroshot,macro_f1,0.1951111963341152,2,/mnt/fast/nobackup/scratch4weeks/pp01184/alignment_vlm/checkpoints/convnextv2_tiny_all_minilm_l6_v2_baseline/best.pt,full,development,eurosat_deterministic_stratified_development
convnextv2_tiny__all_minilm_l6_v2__baseline,convnextv2_tiny,all_minilm_l6_v2,baseline,eurosat_zeroshot,balanced_accuracy,0.2138,2,/mnt/fast/nobackup/scratch4weeks/pp01184/alignment_vlm/checkpoints/convnextv2_tiny_all_minilm_l6_v2_baseline/best.pt,full,development,eurosat_deterministic_stratified_development
convnextv2_tiny__all_minilm_l6_v2__baseline,convnextv2_tiny,all_minilm_l6_v2,baseline,eurosat_zeroshot,mean_confidence,0.4972959756851196,2,/mnt/fast/nobackup/scratch4weeks/pp01184/alignment_vlm/checkpoints/convnextv2_tiny_all_minilm_l6_v2_baseline/best.pt,full,development,eurosat_deterministic_stratified_development
convnextv2_tiny__all_minilm_l6_v2__baseline,convnextv2_tiny,all_minilm_l6_v2,baseline,eurosat_zeroshot,classification_margin,-0.2495519518852234,2,/mnt/fast/nobackup/scratch4weeks/pp01184/alignment_vlm/checkpoints/convnextv2_tiny_all_minilm_l6_v2_baseline/best.pt,full,development,eurosat_deterministic_stratified_development
convnextv2_tiny__all_minilm_l6_v2__baseline,convnextv2_tiny,all_minilm_l6_v2,baseline,eurosat_zeroshot,top1_margin,0.2816324234008789,2,/mnt/fast/nobackup/scratch4weeks/pp01184/alignment_vlm/checkpoints/convnextv2_tiny_all_minilm_l6_v2_baseline/best.pt,full,development,eurosat_deterministic_stratified_development
convnextv2_tiny__all_minilm_l6_v2__local_global,convnextv2_tiny,all_minilm_l6_v2,local_global,cifar100_zeroshot,top1_accuracy,0.2930000126361847,2,/mnt/fast/nobackup/scratch4weeks/pp01184/alignment_vlm/checkpoints/convnextv2_tiny_all_minilm_l6_v2_local_global/best.pt,full,development,cifar100_official_train_development
convnextv2_tiny__all_minilm_l6_v2__local_global,convnextv2_tiny,all_minilm_l6_v2,local_global,cifar100_zeroshot,top5_accuracy,0.5198000073432922,2,/mnt/fast/nobackup/scratch4weeks/pp01184/alignment_vlm/checkpoints/convnextv2_tiny_all_minilm_l6_v2_local_global/best.pt,full,development,cifar100_official_train_development
convnextv2_tiny__all_minilm_l6_v2__local_global,convnextv2_tiny,all_minilm_l6_v2,local_global,cifar100_zeroshot,macro_f1,0.2504496147239968,2,/mnt/fast/nobackup/scratch4weeks/pp01184/alignment_vlm/checkpoints/convnextv2_tiny_all_minilm_l6_v2_local_global/best.pt,full,development,cifar100_official_train_development
convnextv2_tiny__all_minilm_l6_v2__local_global,convnextv2_tiny,all_minilm_l6_v2,local_global,cifar100_zeroshot,balanced_accuracy,0.2930000000000001,2,/mnt/fast/nobackup/scratch4weeks/pp01184/alignment_vlm/checkpoints/convnextv2_tiny_all_minilm_l6_v2_local_global/best.pt,full,development,cifar100_official_train_development
convnextv2_tiny__all_minilm_l6_v2__local_global,convnextv2_tiny,all_minilm_l6_v2,local_global,cifar100_zeroshot,mean_confidence,0.398282915353775,2,/mnt/fast/nobackup/scratch4weeks/pp01184/alignment_vlm/checkpoints/convnextv2_tiny_all_minilm_l6_v2_local_global/best.pt,full,development,cifar100_official_train_development
convnextv2_tiny__all_minilm_l6_v2__local_global,convnextv2_tiny,all_minilm_l6_v2,local_global,cifar100_zeroshot,classification_margin,-0.0239153318107128,2,/mnt/fast/nobackup/scratch4weeks/pp01184/alignment_vlm/checkpoints/convnextv2_tiny_all_minilm_l6_v2_local_global/best.pt,full,development,cifar100_official_train_development
convnextv2_tiny__all_minilm_l6_v2__local_global,convnextv2_tiny,all_minilm_l6_v2,local_global,cifar100_zeroshot,top1_margin,0.2704269886016845,2,/mnt/fast/nobackup/scratch4weeks/pp01184/alignment_vlm/checkpoints/convnextv2_tiny_all_minilm_l6_v2_local_global/best.pt,full,development,cifar100_official_train_development
convnextv2_tiny__all_minilm_l6_v2__local_global,convnextv2_tiny,all_minilm_l6_v2,local_global,pets_zeroshot,top1_accuracy,0.0584239140152931,2,/mnt/fast/nobackup/scratch4weeks/pp01184/alignment_vlm/checkpoints/convnextv2_tiny_all_minilm_l6_v2_local_global/best.pt,full,development,oxford_iiit_pet_trainval_development
convnextv2_tiny__all_minilm_l6_v2__local_global,convnextv2_tiny,all_minilm_l6_v2,local_global,pets_zeroshot,top5_accuracy,0.1970108747482299,2,/mnt/fast/nobackup/scratch4weeks/pp01184/alignment_vlm/checkpoints/convnextv2_tiny_all_minilm_l6_v2_local_global/best.pt,full,development,oxford_iiit_pet_trainval_development
convnextv2_tiny__all_minilm_l6_v2__local_global,convnextv2_tiny,all_minilm_l6_v2,local_global,pets_zeroshot,macro_f1,0.0288199685673063,2,/mnt/fast/nobackup/scratch4weeks/pp01184/alignment_vlm/checkpoints/convnextv2_tiny_all_minilm_l6_v2_local_global/best.pt,full,development,oxford_iiit_pet_trainval_development
convnextv2_tiny__all_minilm_l6_v2__local_global,convnextv2_tiny,all_minilm_l6_v2,local_global,pets_zeroshot,balanced_accuracy,0.0583214793741109,2,/mnt/fast/nobackup/scratch4weeks/pp01184/alignment_vlm/checkpoints/convnextv2_tiny_all_minilm_l6_v2_local_global/best.pt,full,development,oxford_iiit_pet_trainval_development
convnextv2_tiny__all_minilm_l6_v2__local_global,convnextv2_tiny,all_minilm_l6_v2,local_global,pets_zeroshot,mean_confidence,0.2738460898399353,2,/mnt/fast/nobackup/scratch4weeks/pp01184/alignment_vlm/checkpoints/convnextv2_tiny_all_minilm_l6_v2_local_global/best.pt,full,development,oxford_iiit_pet_trainval_development
convnextv2_tiny__all_minilm_l6_v2__local_global,convnextv2_tiny,all_minilm_l6_v2,local_global,pets_zeroshot,classification_margin,-0.2186267673969268,2,/mnt/fast/nobackup/scratch4weeks/pp01184/alignment_vlm/checkpoints/convnextv2_tiny_all_minilm_l6_v2_local_global/best.pt,full,development,oxford_iiit_pet_trainval_development
convnextv2_tiny__all_minilm_l6_v2__local_global,convnextv2_tiny,all_minilm_l6_v2,local_global,pets_zeroshot,top1_margin,0.1223664507269859,2,/mnt/fast/nobackup/scratch4weeks/pp01184/alignment_vlm/checkpoints/convnextv2_tiny_all_minilm_l6_v2_local_global/best.pt,full,development,oxford_iiit_pet_trainval_development
convnextv2_tiny__all_minilm_l6_v2__local_global,convnextv2_tiny,all_minilm_l6_v2,local_global,eurosat_zeroshot,top1_accuracy,0.1832098811864853,2,/mnt/fast/nobackup/scratch4weeks/pp01184/alignment_vlm/checkpoints/convnextv2_tiny_all_minilm_l6_v2_local_global/best.pt,full,development,eurosat_deterministic_stratified_development
convnextv2_tiny__all_minilm_l6_v2__local_global,convnextv2_tiny,all_minilm_l6_v2,local_global,eurosat_zeroshot,top5_accuracy,0.651604950428009,2,/mnt/fast/nobackup/scratch4weeks/pp01184/alignment_vlm/checkpoints/convnextv2_tiny_all_minilm_l6_v2_local_global/best.pt,full,development,eurosat_deterministic_stratified_development
convnextv2_tiny__all_minilm_l6_v2__local_global,convnextv2_tiny,all_minilm_l6_v2,local_global,eurosat_zeroshot,macro_f1,0.150284262840612,2,/mnt/fast/nobackup/scratch4weeks/pp01184/alignment_vlm/checkpoints/convnextv2_tiny_all_minilm_l6_v2_local_global/best.pt,full,development,eurosat_deterministic_stratified_development
convnextv2_tiny__all_minilm_l6_v2__local_global,convnextv2_tiny,all_minilm_l6_v2,local_global,eurosat_zeroshot,balanced_accuracy,0.1839555555555555,2,/mnt/fast/nobackup/scratch4weeks/pp01184/alignment_vlm/checkpoints/convnextv2_tiny_all_minilm_l6_v2_local_global/best.pt,full,development,eurosat_deterministic_stratified_development
convnextv2_tiny__all_minilm_l6_v2__local_global,convnextv2_tiny,all_minilm_l6_v2,local_global,eurosat_zeroshot,mean_confidence,0.5519095659255981,2,/mnt/fast/nobackup/scratch4weeks/pp01184/alignment_vlm/checkpoints/convnextv2_tiny_all_minilm_l6_v2_local_global/best.pt,full,development,eurosat_deterministic_stratified_development
convnextv2_tiny__all_minilm_l6_v2__local_global,convnextv2_tiny,all_minilm_l6_v2,local_global,eurosat_zeroshot,classification_margin,-0.3056638836860657,2,/mnt/fast/nobackup/scratch4weeks/pp01184/alignment_vlm/checkpoints/convnextv2_tiny_all_minilm_l6_v2_local_global/best.pt,full,development,eurosat_deterministic_stratified_development
convnextv2_tiny__all_minilm_l6_v2__local_global,convnextv2_tiny,all_minilm_l6_v2,local_global,eurosat_zeroshot,top1_margin,0.3468277156352997,2,/mnt/fast/nobackup/scratch4weeks/pp01184/alignment_vlm/checkpoints/convnextv2_tiny_all_minilm_l6_v2_local_global/best.pt,full,development,eurosat_deterministic_stratified_development
convnextv2_tiny__bge_small_en__baseline,convnextv2_tiny,bge_small_en,baseline,cifar100_zeroshot,top1_accuracy,0.2849000096321106,2,/mnt/fast/nobackup/scratch4weeks/pp01184/alignment_vlm/checkpoints/convnextv2_tiny_bge_small_en_baseline/best.pt,full,development,cifar100_official_train_development
convnextv2_tiny__bge_small_en__baseline,convnextv2_tiny,bge_small_en,baseline,cifar100_zeroshot,top5_accuracy,0.5047000050544739,2,/mnt/fast/nobackup/scratch4weeks/pp01184/alignment_vlm/checkpoints/convnextv2_tiny_bge_small_en_baseline/best.pt,full,development,cifar100_official_train_development
convnextv2_tiny__bge_small_en__baseline,convnextv2_tiny,bge_small_en,baseline,cifar100_zeroshot,macro_f1,0.2358530668205403,2,/mnt/fast/nobackup/scratch4weeks/pp01184/alignment_vlm/checkpoints/convnextv2_tiny_bge_small_en_baseline/best.pt,full,development,cifar100_official_train_development
convnextv2_tiny__bge_small_en__baseline,convnextv2_tiny,bge_small_en,baseline,cifar100_zeroshot,balanced_accuracy,0.2849000000000001,2,/mnt/fast/nobackup/scratch4weeks/pp01184/alignment_vlm/checkpoints/convnextv2_tiny_bge_small_en_baseline/best.pt,full,development,cifar100_official_train_development
convnextv2_tiny__bge_small_en__baseline,convnextv2_tiny,bge_small_en,baseline,cifar100_zeroshot,mean_confidence,0.3969305753707886,2,/mnt/fast/nobackup/scratch4weeks/pp01184/alignment_vlm/checkpoints/convnextv2_tiny_bge_small_en_baseline/best.pt,full,development,cifar100_official_train_development
convnextv2_tiny__bge_small_en__baseline,convnextv2_tiny,bge_small_en,baseline,cifar100_zeroshot,classification_margin,-0.0222215056419372,2,/mnt/fast/nobackup/scratch4weeks/pp01184/alignment_vlm/checkpoints/convnextv2_tiny_bge_small_en_baseline/best.pt,full,development,cifar100_official_train_development
convnextv2_tiny__bge_small_en__baseline,convnextv2_tiny,bge_small_en,baseline,cifar100_zeroshot,top1_margin,0.2654651999473572,2,/mnt/fast/nobackup/scratch4weeks/pp01184/alignment_vlm/checkpoints/convnextv2_tiny_bge_small_en_baseline/best.pt,full,development,cifar100_official_train_development
convnextv2_tiny__bge_small_en__baseline,convnextv2_tiny,bge_small_en,baseline,pets_zeroshot,top1_accuracy,0.0611413046717643,2,/mnt/fast/nobackup/scratch4weeks/pp01184/alignment_vlm/checkpoints/convnextv2_tiny_bge_small_en_baseline/best.pt,full,development,oxford_iiit_pet_trainval_development
convnextv2_tiny__bge_small_en__baseline,convnextv2_tiny,bge_small_en,baseline,pets_zeroshot,top5_accuracy,0.2486412972211837,2,/mnt/fast/nobackup/scratch4weeks/pp01184/alignment_vlm/checkpoints/convnextv2_tiny_bge_small_en_baseline/best.pt,full,development,oxford_iiit_pet_trainval_development
convnextv2_tiny__bge_small_en__baseline,convnextv2_tiny,bge_small_en,baseline,pets_zeroshot,macro_f1,0.0438896127139051,2,/mnt/fast/nobackup/scratch4weeks/pp01184/alignment_vlm/checkpoints/convnextv2_tiny_bge_small_en_baseline/best.pt,full,development,oxford_iiit_pet_trainval_development
convnextv2_tiny__bge_small_en__baseline,convnextv2_tiny,bge_small_en,baseline,pets_zeroshot,balanced_accuracy,0.0609530583214793,2,/mnt/fast/nobackup/scratch4weeks/pp01184/alignment_vlm/checkpoints/convnextv2_tiny_bge_small_en_baseline/best.pt,full,development,oxford_iiit_pet_trainval_development
convnextv2_tiny__bge_small_en__baseline,convnextv2_tiny,bge_small_en,baseline,pets_zeroshot,mean_confidence,0.2427453845739364,2,/mnt/fast/nobackup/scratch4weeks/pp01184/alignment_vlm/checkpoints/convnextv2_tiny_bge_small_en_baseline/best.pt,full,development,oxford_iiit_pet_trainval_development
convnextv2_tiny__bge_small_en__baseline,convnextv2_tiny,bge_small_en,baseline,pets_zeroshot,classification_margin,-0.1928029507398605,2,/mnt/fast/nobackup/scratch4weeks/pp01184/alignment_vlm/checkpoints/convnextv2_tiny_bge_small_en_baseline/best.pt,full,development,oxford_iiit_pet_trainval_development
convnextv2_tiny__bge_small_en__baseline,convnextv2_tiny,bge_small_en,baseline,pets_zeroshot,top1_margin,0.0868881717324256,2,/mnt/fast/nobackup/scratch4weeks/pp01184/alignment_vlm/checkpoints/convnextv2_tiny_bge_small_en_baseline/best.pt,full,development,oxford_iiit_pet_trainval_development
convnextv2_tiny__bge_small_en__baseline,convnextv2_tiny,bge_small_en,baseline,eurosat_zeroshot,top1_accuracy,0.1683950573205948,2,/mnt/fast/nobackup/scratch4weeks/pp01184/alignment_vlm/checkpoints/convnextv2_tiny_bge_small_en_baseline/best.pt,full,development,eurosat_deterministic_stratified_development
convnextv2_tiny__bge_small_en__baseline,convnextv2_tiny,bge_small_en,baseline,eurosat_zeroshot,top5_accuracy,0.658765435218811,2,/mnt/fast/nobackup/scratch4weeks/pp01184/alignment_vlm/checkpoints/convnextv2_tiny_bge_small_en_baseline/best.pt,full,development,eurosat_deterministic_stratified_development
convnextv2_tiny__bge_small_en__baseline,convnextv2_tiny,bge_small_en,baseline,eurosat_zeroshot,macro_f1,0.1400686053766383,2,/mnt/fast/nobackup/scratch4weeks/pp01184/alignment_vlm/checkpoints/convnextv2_tiny_bge_small_en_baseline/best.pt,full,development,eurosat_deterministic_stratified_development
convnextv2_tiny__bge_small_en__baseline,convnextv2_tiny,bge_small_en,baseline,eurosat_zeroshot,balanced_accuracy,0.1668444444444444,2,/mnt/fast/nobackup/scratch4weeks/pp01184/alignment_vlm/checkpoints/convnextv2_tiny_bge_small_en_baseline/best.pt,full,development,eurosat_deterministic_stratified_development
convnextv2_tiny__bge_small_en__baseline,convnextv2_tiny,bge_small_en,baseline,eurosat_zeroshot,mean_confidence,0.5120200514793396,2,/mnt/fast/nobackup/scratch4weeks/pp01184/alignment_vlm/checkpoints/convnextv2_tiny_bge_small_en_baseline/best.pt,full,development,eurosat_deterministic_stratified_development
convnextv2_tiny__bge_small_en__baseline,convnextv2_tiny,bge_small_en,baseline,eurosat_zeroshot,classification_margin,-0.3026849329471588,2,/mnt/fast/nobackup/scratch4weeks/pp01184/alignment_vlm/checkpoints/convnextv2_tiny_bge_small_en_baseline/best.pt,full,development,eurosat_deterministic_stratified_development
convnextv2_tiny__bge_small_en__baseline,convnextv2_tiny,bge_small_en,baseline,eurosat_zeroshot,top1_margin,0.2956879138946533,2,/mnt/fast/nobackup/scratch4weeks/pp01184/alignment_vlm/checkpoints/convnextv2_tiny_bge_small_en_baseline/best.pt,full,development,eurosat_deterministic_stratified_development
convnextv2_tiny__distilbert__baseline,convnextv2_tiny,distilbert,baseline,cifar100_zeroshot,top1_accuracy,0.2486000061035156,2,/mnt/fast/nobackup/scratch4weeks/pp01184/alignment_vlm/checkpoints/convnextv2_tiny_distilbert_baseline/best.pt,full,development,cifar100_official_train_development
convnextv2_tiny__distilbert__baseline,convnextv2_tiny,distilbert,baseline,cifar100_zeroshot,top5_accuracy,0.4821999967098236,2,/mnt/fast/nobackup/scratch4weeks/pp01184/alignment_vlm/checkpoints/convnextv2_tiny_distilbert_baseline/best.pt,full,development,cifar100_official_train_development
convnextv2_tiny__distilbert__baseline,convnextv2_tiny,distilbert,baseline,cifar100_zeroshot,macro_f1,0.2169745911811525,2,/mnt/fast/nobackup/scratch4weeks/pp01184/alignment_vlm/checkpoints/convnextv2_tiny_distilbert_baseline/best.pt,full,development,cifar100_official_train_development
convnextv2_tiny__distilbert__baseline,convnextv2_tiny,distilbert,baseline,cifar100_zeroshot,balanced_accuracy,0.2486,2,/mnt/fast/nobackup/scratch4weeks/pp01184/alignment_vlm/checkpoints/convnextv2_tiny_distilbert_baseline/best.pt,full,development,cifar100_official_train_development
convnextv2_tiny__distilbert__baseline,convnextv2_tiny,distilbert,baseline,cifar100_zeroshot,mean_confidence,0.3454081416130066,2,/mnt/fast/nobackup/scratch4weeks/pp01184/alignment_vlm/checkpoints/convnextv2_tiny_distilbert_baseline/best.pt,full,development,cifar100_official_train_development
convnextv2_tiny__distilbert__baseline,convnextv2_tiny,distilbert,baseline,cifar100_zeroshot,classification_margin,-0.0682523101568222,2,/mnt/fast/nobackup/scratch4weeks/pp01184/alignment_vlm/checkpoints/convnextv2_tiny_distilbert_baseline/best.pt,full,development,cifar100_official_train_development
convnextv2_tiny__distilbert__baseline,convnextv2_tiny,distilbert,baseline,cifar100_zeroshot,top1_margin,0.2098909467458725,2,/mnt/fast/nobackup/scratch4weeks/pp01184/alignment_vlm/checkpoints/convnextv2_tiny_distilbert_baseline/best.pt,full,development,cifar100_official_train_development
convnextv2_tiny__distilbert__baseline,convnextv2_tiny,distilbert,baseline,pets_zeroshot,top1_accuracy,0.0285326093435287,2,/mnt/fast/nobackup/scratch4weeks/pp01184/alignment_vlm/checkpoints/convnextv2_tiny_distilbert_baseline/best.pt,full,development,oxford_iiit_pet_trainval_development
convnextv2_tiny__distilbert__baseline,convnextv2_tiny,distilbert,baseline,pets_zeroshot,top5_accuracy,0.1413043439388275,2,/mnt/fast/nobackup/scratch4weeks/pp01184/alignment_vlm/checkpoints/convnextv2_tiny_distilbert_baseline/best.pt,full,development,oxford_iiit_pet_trainval_development
convnextv2_tiny__distilbert__baseline,convnextv2_tiny,distilbert,baseline,pets_zeroshot,macro_f1,0.0123349439921816,2,/mnt/fast/nobackup/scratch4weeks/pp01184/alignment_vlm/checkpoints/convnextv2_tiny_distilbert_baseline/best.pt,full,development,oxford_iiit_pet_trainval_development
convnextv2_tiny__distilbert__baseline,convnextv2_tiny,distilbert,baseline,pets_zeroshot,balanced_accuracy,0.0283783783783783,2,/mnt/fast/nobackup/scratch4weeks/pp01184/alignment_vlm/checkpoints/convnextv2_tiny_distilbert_baseline/best.pt,full,development,oxford_iiit_pet_trainval_development
convnextv2_tiny__distilbert__baseline,convnextv2_tiny,distilbert,baseline,pets_zeroshot,mean_confidence,0.2615630030632019,2,/mnt/fast/nobackup/scratch4weeks/pp01184/alignment_vlm/checkpoints/convnextv2_tiny_distilbert_baseline/best.pt,full,development,oxford_iiit_pet_trainval_development
convnextv2_tiny__distilbert__baseline,convnextv2_tiny,distilbert,baseline,pets_zeroshot,classification_margin,-0.2318593710660934,2,/mnt/fast/nobackup/scratch4weeks/pp01184/alignment_vlm/checkpoints/convnextv2_tiny_distilbert_baseline/best.pt,full,development,oxford_iiit_pet_trainval_development
convnextv2_tiny__distilbert__baseline,convnextv2_tiny,distilbert,baseline,pets_zeroshot,top1_margin,0.1061691790819168,2,/mnt/fast/nobackup/scratch4weeks/pp01184/alignment_vlm/checkpoints/convnextv2_tiny_distilbert_baseline/best.pt,full,development,oxford_iiit_pet_trainval_development
convnextv2_tiny__distilbert__baseline,convnextv2_tiny,distilbert,baseline,eurosat_zeroshot,top1_accuracy,0.1202469170093536,2,/mnt/fast/nobackup/scratch4weeks/pp01184/alignment_vlm/checkpoints/convnextv2_tiny_distilbert_baseline/best.pt,full,development,eurosat_deterministic_stratified_development
convnextv2_tiny__distilbert__baseline,convnextv2_tiny,distilbert,baseline,eurosat_zeroshot,top5_accuracy,0.6301234364509583,2,/mnt/fast/nobackup/scratch4weeks/pp01184/alignment_vlm/checkpoints/convnextv2_tiny_distilbert_baseline/best.pt,full,development,eurosat_deterministic_stratified_development
convnextv2_tiny__distilbert__baseline,convnextv2_tiny,distilbert,baseline,eurosat_zeroshot,macro_f1,0.0881713045472989,2,/mnt/fast/nobackup/scratch4weeks/pp01184/alignment_vlm/checkpoints/convnextv2_tiny_distilbert_baseline/best.pt,full,development,eurosat_deterministic_stratified_development
convnextv2_tiny__distilbert__baseline,convnextv2_tiny,distilbert,baseline,eurosat_zeroshot,balanced_accuracy,0.1170666666666666,2,/mnt/fast/nobackup/scratch4weeks/pp01184/alignment_vlm/checkpoints/convnextv2_tiny_distilbert_baseline/best.pt,full,development,eurosat_deterministic_stratified_development
convnextv2_tiny__distilbert__baseline,convnextv2_tiny,distilbert,baseline,eurosat_zeroshot,mean_confidence,0.6073017716407776,2,/mnt/fast/nobackup/scratch4weeks/pp01184/alignment_vlm/checkpoints/convnextv2_tiny_distilbert_baseline/best.pt,full,development,eurosat_deterministic_stratified_development
convnextv2_tiny__distilbert__baseline,convnextv2_tiny,distilbert,baseline,eurosat_zeroshot,classification_margin,-0.4108446538448334,2,/mnt/fast/nobackup/scratch4weeks/pp01184/alignment_vlm/checkpoints/convnextv2_tiny_distilbert_baseline/best.pt,full,development,eurosat_deterministic_stratified_development
convnextv2_tiny__distilbert__baseline,convnextv2_tiny,distilbert,baseline,eurosat_zeroshot,top1_margin,0.4358242750167846,2,/mnt/fast/nobackup/scratch4weeks/pp01184/alignment_vlm/checkpoints/convnextv2_tiny_distilbert_baseline/best.pt,full,development,eurosat_deterministic_stratified_development
dinov2_vits14__all_minilm_l6_v2__baseline,dinov2_vits14,all_minilm_l6_v2,baseline,cifar100_zeroshot,top1_accuracy,0.2610000073909759,2,/mnt/fast/nobackup/scratch4weeks/pp01184/alignment_vlm/checkpoints/dinov2_vits14_all_minilm_l6_v2_baseline/best.pt,full,development,cifar100_official_train_development
dinov2_vits14__all_minilm_l6_v2__baseline,dinov2_vits14,all_minilm_l6_v2,baseline,cifar100_zeroshot,top5_accuracy,0.5078999996185303,2,/mnt/fast/nobackup/scratch4weeks/pp01184/alignment_vlm/checkpoints/dinov2_vits14_all_minilm_l6_v2_baseline/best.pt,full,development,cifar100_official_train_development
dinov2_vits14__all_minilm_l6_v2__baseline,dinov2_vits14,all_minilm_l6_v2,baseline,cifar100_zeroshot,macro_f1,0.23107947816194,2,/mnt/fast/nobackup/scratch4weeks/pp01184/alignment_vlm/checkpoints/dinov2_vits14_all_minilm_l6_v2_baseline/best.pt,full,development,cifar100_official_train_development
dinov2_vits14__all_minilm_l6_v2__baseline,dinov2_vits14,all_minilm_l6_v2,baseline,cifar100_zeroshot,balanced_accuracy,0.261,2,/mnt/fast/nobackup/scratch4weeks/pp01184/alignment_vlm/checkpoints/dinov2_vits14_all_minilm_l6_v2_baseline/best.pt,full,development,cifar100_official_train_development
dinov2_vits14__all_minilm_l6_v2__baseline,dinov2_vits14,all_minilm_l6_v2,baseline,cifar100_zeroshot,mean_confidence,0.397945761680603,2,/mnt/fast/nobackup/scratch4weeks/pp01184/alignment_vlm/checkpoints/dinov2_vits14_all_minilm_l6_v2_baseline/best.pt,full,development,cifar100_official_train_development
dinov2_vits14__all_minilm_l6_v2__baseline,dinov2_vits14,all_minilm_l6_v2,baseline,cifar100_zeroshot,classification_margin,-0.0705372169613838,2,/mnt/fast/nobackup/scratch4weeks/pp01184/alignment_vlm/checkpoints/dinov2_vits14_all_minilm_l6_v2_baseline/best.pt,full,development,cifar100_official_train_development
dinov2_vits14__all_minilm_l6_v2__baseline,dinov2_vits14,all_minilm_l6_v2,baseline,cifar100_zeroshot,top1_margin,0.2576015889644623,2,/mnt/fast/nobackup/scratch4weeks/pp01184/alignment_vlm/checkpoints/dinov2_vits14_all_minilm_l6_v2_baseline/best.pt,full,development,cifar100_official_train_development
dinov2_vits14__all_minilm_l6_v2__baseline,dinov2_vits14,all_minilm_l6_v2,baseline,pets_zeroshot,top1_accuracy,0.0706521719694137,2,/mnt/fast/nobackup/scratch4weeks/pp01184/alignment_vlm/checkpoints/dinov2_vits14_all_minilm_l6_v2_baseline/best.pt,full,development,oxford_iiit_pet_trainval_development
dinov2_vits14__all_minilm_l6_v2__baseline,dinov2_vits14,all_minilm_l6_v2,baseline,pets_zeroshot,top5_accuracy,0.2486412972211837,2,/mnt/fast/nobackup/scratch4weeks/pp01184/alignment_vlm/checkpoints/dinov2_vits14_all_minilm_l6_v2_baseline/best.pt,full,development,oxford_iiit_pet_trainval_development
dinov2_vits14__all_minilm_l6_v2__baseline,dinov2_vits14,all_minilm_l6_v2,baseline,pets_zeroshot,macro_f1,0.031738558720697,2,/mnt/fast/nobackup/scratch4weeks/pp01184/alignment_vlm/checkpoints/dinov2_vits14_all_minilm_l6_v2_baseline/best.pt,full,development,oxford_iiit_pet_trainval_development
dinov2_vits14__all_minilm_l6_v2__baseline,dinov2_vits14,all_minilm_l6_v2,baseline,pets_zeroshot,balanced_accuracy,0.0712660028449502,2,/mnt/fast/nobackup/scratch4weeks/pp01184/alignment_vlm/checkpoints/dinov2_vits14_all_minilm_l6_v2_baseline/best.pt,full,development,oxford_iiit_pet_trainval_development
dinov2_vits14__all_minilm_l6_v2__baseline,dinov2_vits14,all_minilm_l6_v2,baseline,pets_zeroshot,mean_confidence,0.303814560174942,2,/mnt/fast/nobackup/scratch4weeks/pp01184/alignment_vlm/checkpoints/dinov2_vits14_all_minilm_l6_v2_baseline/best.pt,full,development,oxford_iiit_pet_trainval_development
dinov2_vits14__all_minilm_l6_v2__baseline,dinov2_vits14,all_minilm_l6_v2,baseline,pets_zeroshot,classification_margin,-0.2420772910118103,2,/mnt/fast/nobackup/scratch4weeks/pp01184/alignment_vlm/checkpoints/dinov2_vits14_all_minilm_l6_v2_baseline/best.pt,full,development,oxford_iiit_pet_trainval_development
dinov2_vits14__all_minilm_l6_v2__baseline,dinov2_vits14,all_minilm_l6_v2,baseline,pets_zeroshot,top1_margin,0.1419352889060974,2,/mnt/fast/nobackup/scratch4weeks/pp01184/alignment_vlm/checkpoints/dinov2_vits14_all_minilm_l6_v2_baseline/best.pt,full,development,oxford_iiit_pet_trainval_development
dinov2_vits14__all_minilm_l6_v2__baseline,dinov2_vits14,all_minilm_l6_v2,baseline,eurosat_zeroshot,top1_accuracy,0.1930864155292511,2,/mnt/fast/nobackup/scratch4weeks/pp01184/alignment_vlm/checkpoints/dinov2_vits14_all_minilm_l6_v2_baseline/best.pt,full,development,eurosat_deterministic_stratified_development
dinov2_vits14__all_minilm_l6_v2__baseline,dinov2_vits14,all_minilm_l6_v2,baseline,eurosat_zeroshot,top5_accuracy,0.6469135880470276,2,/mnt/fast/nobackup/scratch4weeks/pp01184/alignment_vlm/checkpoints/dinov2_vits14_all_minilm_l6_v2_baseline/best.pt,full,development,eurosat_deterministic_stratified_development
dinov2_vits14__all_minilm_l6_v2__baseline,dinov2_vits14,all_minilm_l6_v2,baseline,eurosat_zeroshot,macro_f1,0.1665901045166984,2,/mnt/fast/nobackup/scratch4weeks/pp01184/alignment_vlm/checkpoints/dinov2_vits14_all_minilm_l6_v2_baseline/best.pt,full,development,eurosat_deterministic_stratified_development
dinov2_vits14__all_minilm_l6_v2__baseline,dinov2_vits14,all_minilm_l6_v2,baseline,eurosat_zeroshot,balanced_accuracy,0.1992444444444444,2,/mnt/fast/nobackup/scratch4weeks/pp01184/alignment_vlm/checkpoints/dinov2_vits14_all_minilm_l6_v2_baseline/best.pt,full,development,eurosat_deterministic_stratified_development
dinov2_vits14__all_minilm_l6_v2__baseline,dinov2_vits14,all_minilm_l6_v2,baseline,eurosat_zeroshot,mean_confidence,0.4974256157875061,2,/mnt/fast/nobackup/scratch4weeks/pp01184/alignment_vlm/checkpoints/dinov2_vits14_all_minilm_l6_v2_baseline/best.pt,full,development,eurosat_deterministic_stratified_development
dinov2_vits14__all_minilm_l6_v2__baseline,dinov2_vits14,all_minilm_l6_v2,baseline,eurosat_zeroshot,classification_margin,-0.2551185488700866,2,/mnt/fast/nobackup/scratch4weeks/pp01184/alignment_vlm/checkpoints/dinov2_vits14_all_minilm_l6_v2_baseline/best.pt,full,development,eurosat_deterministic_stratified_development
dinov2_vits14__all_minilm_l6_v2__baseline,dinov2_vits14,all_minilm_l6_v2,baseline,eurosat_zeroshot,top1_margin,0.2897841036319732,2,/mnt/fast/nobackup/scratch4weeks/pp01184/alignment_vlm/checkpoints/dinov2_vits14_all_minilm_l6_v2_baseline/best.pt,full,development,eurosat_deterministic_stratified_development
convnextv2_tiny__e5_small_v2__baseline,convnextv2_tiny,e5_small_v2,baseline,cifar100_zeroshot,top1_accuracy,0.2851000130176544,1,/mnt/fast/nobackup/scratch4weeks/pp01184/alignment_vlm/checkpoints/convnextv2_tiny_e5_small_v2_baseline/best.pt,full,development,cifar100_official_train_development
convnextv2_tiny__e5_small_v2__baseline,convnextv2_tiny,e5_small_v2,baseline,cifar100_zeroshot,top5_accuracy,0.5131000280380249,1,/mnt/fast/nobackup/scratch4weeks/pp01184/alignment_vlm/checkpoints/convnextv2_tiny_e5_small_v2_baseline/best.pt,full,development,cifar100_official_train_development
convnextv2_tiny__e5_small_v2__baseline,convnextv2_tiny,e5_small_v2,baseline,cifar100_zeroshot,macro_f1,0.2401301875342101,1,/mnt/fast/nobackup/scratch4weeks/pp01184/alignment_vlm/checkpoints/convnextv2_tiny_e5_small_v2_baseline/best.pt,full,development,cifar100_official_train_development
convnextv2_tiny__e5_small_v2__baseline,convnextv2_tiny,e5_small_v2,baseline,cifar100_zeroshot,balanced_accuracy,0.2851,1,/mnt/fast/nobackup/scratch4weeks/pp01184/alignment_vlm/checkpoints/convnextv2_tiny_e5_small_v2_baseline/best.pt,full,development,cifar100_official_train_development
convnextv2_tiny__e5_small_v2__baseline,convnextv2_tiny,e5_small_v2,baseline,cifar100_zeroshot,mean_confidence,0.3332339227199554,1,/mnt/fast/nobackup/scratch4weeks/pp01184/alignment_vlm/checkpoints/convnextv2_tiny_e5_small_v2_baseline/best.pt,full,development,cifar100_official_train_development
convnextv2_tiny__e5_small_v2__baseline,convnextv2_tiny,e5_small_v2,baseline,cifar100_zeroshot,classification_margin,-0.0002955356612801,1,/mnt/fast/nobackup/scratch4weeks/pp01184/alignment_vlm/checkpoints/convnextv2_tiny_e5_small_v2_baseline/best.pt,full,development,cifar100_official_train_development
convnextv2_tiny__e5_small_v2__baseline,convnextv2_tiny,e5_small_v2,baseline,cifar100_zeroshot,top1_margin,0.2181129157543182,1,/mnt/fast/nobackup/scratch4weeks/pp01184/alignment_vlm/checkpoints/convnextv2_tiny_e5_small_v2_baseline/best.pt,full,development,cifar100_official_train_development
convnextv2_tiny__e5_small_v2__baseline,convnextv2_tiny,e5_small_v2,baseline,pets_zeroshot,top1_accuracy,0.0421195663511753,1,/mnt/fast/nobackup/scratch4weeks/pp01184/alignment_vlm/checkpoints/convnextv2_tiny_e5_small_v2_baseline/best.pt,full,development,oxford_iiit_pet_trainval_development
convnextv2_tiny__e5_small_v2__baseline,convnextv2_tiny,e5_small_v2,baseline,pets_zeroshot,top5_accuracy,0.2459239065647125,1,/mnt/fast/nobackup/scratch4weeks/pp01184/alignment_vlm/checkpoints/convnextv2_tiny_e5_small_v2_baseline/best.pt,full,development,oxford_iiit_pet_trainval_development
convnextv2_tiny__e5_small_v2__baseline,convnextv2_tiny,e5_small_v2,baseline,pets_zeroshot,macro_f1,0.0245919982400943,1,/mnt/fast/nobackup/scratch4weeks/pp01184/alignment_vlm/checkpoints/convnextv2_tiny_e5_small_v2_baseline/best.pt,full,development,oxford_iiit_pet_trainval_development
convnextv2_tiny__e5_small_v2__baseline,convnextv2_tiny,e5_small_v2,baseline,pets_zeroshot,balanced_accuracy,0.0419630156472261,1,/mnt/fast/nobackup/scratch4weeks/pp01184/alignment_vlm/checkpoints/convnextv2_tiny_e5_small_v2_baseline/best.pt,full,development,oxford_iiit_pet_trainval_development
convnextv2_tiny__e5_small_v2__baseline,convnextv2_tiny,e5_small_v2,baseline,pets_zeroshot,mean_confidence,0.2408537417650222,1,/mnt/fast/nobackup/scratch4weeks/pp01184/alignment_vlm/checkpoints/convnextv2_tiny_e5_small_v2_baseline/best.pt,full,development,oxford_iiit_pet_trainval_development
convnextv2_tiny__e5_small_v2__baseline,convnextv2_tiny,e5_small_v2,baseline,pets_zeroshot,classification_margin,-0.1938850134611129,1,/mnt/fast/nobackup/scratch4weeks/pp01184/alignment_vlm/checkpoints/convnextv2_tiny_e5_small_v2_baseline/best.pt,full,development,oxford_iiit_pet_trainval_development
convnextv2_tiny__e5_small_v2__baseline,convnextv2_tiny,e5_small_v2,baseline,pets_zeroshot,top1_margin,0.095809519290924,1,/mnt/fast/nobackup/scratch4weeks/pp01184/alignment_vlm/checkpoints/convnextv2_tiny_e5_small_v2_baseline/best.pt,full,development,oxford_iiit_pet_trainval_development
convnextv2_tiny__e5_small_v2__baseline,convnextv2_tiny,e5_small_v2,baseline,eurosat_zeroshot,top1_accuracy,0.2037037014961242,1,/mnt/fast/nobackup/scratch4weeks/pp01184/alignment_vlm/checkpoints/convnextv2_tiny_e5_small_v2_baseline/best.pt,full,development,eurosat_deterministic_stratified_development
convnextv2_tiny__e5_small_v2__baseline,convnextv2_tiny,e5_small_v2,baseline,eurosat_zeroshot,top5_accuracy,0.6953086256980896,1,/mnt/fast/nobackup/scratch4weeks/pp01184/alignment_vlm/checkpoints/convnextv2_tiny_e5_small_v2_baseline/best.pt,full,development,eurosat_deterministic_stratified_development
convnextv2_tiny__e5_small_v2__baseline,convnextv2_tiny,e5_small_v2,baseline,eurosat_zeroshot,macro_f1,0.1608211553806133,1,/mnt/fast/nobackup/scratch4weeks/pp01184/alignment_vlm/checkpoints/convnextv2_tiny_e5_small_v2_baseline/best.pt,full,development,eurosat_deterministic_stratified_development
convnextv2_tiny__e5_small_v2__baseline,convnextv2_tiny,e5_small_v2,baseline,eurosat_zeroshot,balanced_accuracy,0.1982666666666666,1,/mnt/fast/nobackup/scratch4weeks/pp01184/alignment_vlm/checkpoints/convnextv2_tiny_e5_small_v2_baseline/best.pt,full,development,eurosat_deterministic_stratified_development
convnextv2_tiny__e5_small_v2__baseline,convnextv2_tiny,e5_small_v2,baseline,eurosat_zeroshot,mean_confidence,0.52915358543396,1,/mnt/fast/nobackup/scratch4weeks/pp01184/alignment_vlm/checkpoints/convnextv2_tiny_e5_small_v2_baseline/best.pt,full,development,eurosat_deterministic_stratified_development
convnextv2_tiny__e5_small_v2__baseline,convnextv2_tiny,e5_small_v2,baseline,eurosat_zeroshot,classification_margin,-0.265307068824768,1,/mnt/fast/nobackup/scratch4weeks/pp01184/alignment_vlm/checkpoints/convnextv2_tiny_e5_small_v2_baseline/best.pt,full,development,eurosat_deterministic_stratified_development
convnextv2_tiny__e5_small_v2__baseline,convnextv2_tiny,e5_small_v2,baseline,eurosat_zeroshot,top1_margin,0.3172524273395538,1,/mnt/fast/nobackup/scratch4weeks/pp01184/alignment_vlm/checkpoints/convnextv2_tiny_e5_small_v2_baseline/best.pt,full,development,eurosat_deterministic_stratified_development
dinov2_vits14__all_minilm_l6_v2__local,dinov2_vits14,all_minilm_l6_v2,local,cifar100_zeroshot,top1_accuracy,0.26460000872612,3,/mnt/fast/nobackup/scratch4weeks/pp01184/alignment_vlm/checkpoints/dinov2_vits14_all_minilm_l6_v2_local/best.pt,full,development,cifar100_official_train_development
dinov2_vits14__all_minilm_l6_v2__local,dinov2_vits14,all_minilm_l6_v2,local,cifar100_zeroshot,top5_accuracy,0.5196999907493591,3,/mnt/fast/nobackup/scratch4weeks/pp01184/alignment_vlm/checkpoints/dinov2_vits14_all_minilm_l6_v2_local/best.pt,full,development,cifar100_official_train_development
dinov2_vits14__all_minilm_l6_v2__local,dinov2_vits14,all_minilm_l6_v2,local,cifar100_zeroshot,macro_f1,0.2292760033578377,3,/mnt/fast/nobackup/scratch4weeks/pp01184/alignment_vlm/checkpoints/dinov2_vits14_all_minilm_l6_v2_local/best.pt,full,development,cifar100_official_train_development
dinov2_vits14__all_minilm_l6_v2__local,dinov2_vits14,all_minilm_l6_v2,local,cifar100_zeroshot,balanced_accuracy,0.2645999999999999,3,/mnt/fast/nobackup/scratch4weeks/pp01184/alignment_vlm/checkpoints/dinov2_vits14_all_minilm_l6_v2_local/best.pt,full,development,cifar100_official_train_development
dinov2_vits14__all_minilm_l6_v2__local,dinov2_vits14,all_minilm_l6_v2,local,cifar100_zeroshot,mean_confidence,0.4243253767490387,3,/mnt/fast/nobackup/scratch4weeks/pp01184/alignment_vlm/checkpoints/dinov2_vits14_all_minilm_l6_v2_local/best.pt,full,development,cifar100_official_train_development
dinov2_vits14__all_minilm_l6_v2__local,dinov2_vits14,all_minilm_l6_v2,local,cifar100_zeroshot,classification_margin,-0.0768716186285018,3,/mnt/fast/nobackup/scratch4weeks/pp01184/alignment_vlm/checkpoints/dinov2_vits14_all_minilm_l6_v2_local/best.pt,full,development,cifar100_official_train_development
dinov2_vits14__all_minilm_l6_v2__local,dinov2_vits14,all_minilm_l6_v2,local,cifar100_zeroshot,top1_margin,0.2759110927581787,3,/mnt/fast/nobackup/scratch4weeks/pp01184/alignment_vlm/checkpoints/dinov2_vits14_all_minilm_l6_v2_local/best.pt,full,development,cifar100_official_train_development
dinov2_vits14__all_minilm_l6_v2__local,dinov2_vits14,all_minilm_l6_v2,local,pets_zeroshot,top1_accuracy,0.0421195663511753,3,/mnt/fast/nobackup/scratch4weeks/pp01184/alignment_vlm/checkpoints/dinov2_vits14_all_minilm_l6_v2_local/best.pt,full,development,oxford_iiit_pet_trainval_development
dinov2_vits14__all_minilm_l6_v2__local,dinov2_vits14,all_minilm_l6_v2,local,pets_zeroshot,top5_accuracy,0.2323369532823562,3,/mnt/fast/nobackup/scratch4weeks/pp01184/alignment_vlm/checkpoints/dinov2_vits14_all_minilm_l6_v2_local/best.pt,full,development,oxford_iiit_pet_trainval_development
dinov2_vits14__all_minilm_l6_v2__local,dinov2_vits14,all_minilm_l6_v2,local,pets_zeroshot,macro_f1,0.0271973279844129,3,/mnt/fast/nobackup/scratch4weeks/pp01184/alignment_vlm/checkpoints/dinov2_vits14_all_minilm_l6_v2_local/best.pt,full,development,oxford_iiit_pet_trainval_development
dinov2_vits14__all_minilm_l6_v2__local,dinov2_vits14,all_minilm_l6_v2,local,pets_zeroshot,balanced_accuracy,0.0423186344238975,3,/mnt/fast/nobackup/scratch4weeks/pp01184/alignment_vlm/checkpoints/dinov2_vits14_all_minilm_l6_v2_local/best.pt,full,development,oxford_iiit_pet_trainval_development
dinov2_vits14__all_minilm_l6_v2__local,dinov2_vits14,all_minilm_l6_v2,local,pets_zeroshot,mean_confidence,0.278694599866867,3,/mnt/fast/nobackup/scratch4weeks/pp01184/alignment_vlm/checkpoints/dinov2_vits14_all_minilm_l6_v2_local/best.pt,full,development,oxford_iiit_pet_trainval_development
dinov2_vits14__all_minilm_l6_v2__local,dinov2_vits14,all_minilm_l6_v2,local,pets_zeroshot,classification_margin,-0.2351542115211486,3,/mnt/fast/nobackup/scratch4weeks/pp01184/alignment_vlm/checkpoints/dinov2_vits14_all_minilm_l6_v2_local/best.pt,full,development,oxford_iiit_pet_trainval_development
dinov2_vits14__all_minilm_l6_v2__local,dinov2_vits14,all_minilm_l6_v2,local,pets_zeroshot,top1_margin,0.1215119808912277,3,/mnt/fast/nobackup/scratch4weeks/pp01184/alignment_vlm/checkpoints/dinov2_vits14_all_minilm_l6_v2_local/best.pt,full,development,oxford_iiit_pet_trainval_development
dinov2_vits14__all_minilm_l6_v2__local,dinov2_vits14,all_minilm_l6_v2,local,eurosat_zeroshot,top1_accuracy,0.1967901289463043,3,/mnt/fast/nobackup/scratch4weeks/pp01184/alignment_vlm/checkpoints/dinov2_vits14_all_minilm_l6_v2_local/best.pt,full,development,eurosat_deterministic_stratified_development
dinov2_vits14__all_minilm_l6_v2__local,dinov2_vits14,all_minilm_l6_v2,local,eurosat_zeroshot,top5_accuracy,0.5945678949356079,3,/mnt/fast/nobackup/scratch4weeks/pp01184/alignment_vlm/checkpoints/dinov2_vits14_all_minilm_l6_v2_local/best.pt,full,development,eurosat_deterministic_stratified_development
dinov2_vits14__all_minilm_l6_v2__local,dinov2_vits14,all_minilm_l6_v2,local,eurosat_zeroshot,macro_f1,0.1659021516583697,3,/mnt/fast/nobackup/scratch4weeks/pp01184/alignment_vlm/checkpoints/dinov2_vits14_all_minilm_l6_v2_local/best.pt,full,development,eurosat_deterministic_stratified_development
dinov2_vits14__all_minilm_l6_v2__local,dinov2_vits14,all_minilm_l6_v2,local,eurosat_zeroshot,balanced_accuracy,0.2044444444444444,3,/mnt/fast/nobackup/scratch4weeks/pp01184/alignment_vlm/checkpoints/dinov2_vits14_all_minilm_l6_v2_local/best.pt,full,development,eurosat_deterministic_stratified_development
dinov2_vits14__all_minilm_l6_v2__local,dinov2_vits14,all_minilm_l6_v2,local,eurosat_zeroshot,mean_confidence,0.5097039341926575,3,/mnt/fast/nobackup/scratch4weeks/pp01184/alignment_vlm/checkpoints/dinov2_vits14_all_minilm_l6_v2_local/best.pt,full,development,eurosat_deterministic_stratified_development
dinov2_vits14__all_minilm_l6_v2__local,dinov2_vits14,all_minilm_l6_v2,local,eurosat_zeroshot,classification_margin,-0.2831067740917206,3,/mnt/fast/nobackup/scratch4weeks/pp01184/alignment_vlm/checkpoints/dinov2_vits14_all_minilm_l6_v2_local/best.pt,full,development,eurosat_deterministic_stratified_development
dinov2_vits14__all_minilm_l6_v2__local,dinov2_vits14,all_minilm_l6_v2,local,eurosat_zeroshot,top1_margin,0.3129827380180359,3,/mnt/fast/nobackup/scratch4weeks/pp01184/alignment_vlm/checkpoints/dinov2_vits14_all_minilm_l6_v2_local/best.pt,full,development,eurosat_deterministic_stratified_development
dinov2_vits14__bge_small_en__baseline,dinov2_vits14,bge_small_en,baseline,cifar100_zeroshot,top1_accuracy,0.2653000056743622,2,/mnt/fast/nobackup/scratch4weeks/pp01184/alignment_vlm/checkpoints/dinov2_vits14_bge_small_en_baseline/best.pt,full,development,cifar100_official_train_development
dinov2_vits14__bge_small_en__baseline,dinov2_vits14,bge_small_en,baseline,cifar100_zeroshot,top5_accuracy,0.4867999851703644,2,/mnt/fast/nobackup/scratch4weeks/pp01184/alignment_vlm/checkpoints/dinov2_vits14_bge_small_en_baseline/best.pt,full,development,cifar100_official_train_development
dinov2_vits14__bge_small_en__baseline,dinov2_vits14,bge_small_en,baseline,cifar100_zeroshot,macro_f1,0.2344079188231072,2,/mnt/fast/nobackup/scratch4weeks/pp01184/alignment_vlm/checkpoints/dinov2_vits14_bge_small_en_baseline/best.pt,full,development,cifar100_official_train_development
dinov2_vits14__bge_small_en__baseline,dinov2_vits14,bge_small_en,baseline,cifar100_zeroshot,balanced_accuracy,0.2653000000000001,2,/mnt/fast/nobackup/scratch4weeks/pp01184/alignment_vlm/checkpoints/dinov2_vits14_bge_small_en_baseline/best.pt,full,development,cifar100_official_train_development
dinov2_vits14__bge_small_en__baseline,dinov2_vits14,bge_small_en,baseline,cifar100_zeroshot,mean_confidence,0.3608278334140777,2,/mnt/fast/nobackup/scratch4weeks/pp01184/alignment_vlm/checkpoints/dinov2_vits14_bge_small_en_baseline/best.pt,full,development,cifar100_official_train_development
dinov2_vits14__bge_small_en__baseline,dinov2_vits14,bge_small_en,baseline,cifar100_zeroshot,classification_margin,-0.0462285950779914,2,/mnt/fast/nobackup/scratch4weeks/pp01184/alignment_vlm/checkpoints/dinov2_vits14_bge_small_en_baseline/best.pt,full,development,cifar100_official_train_development
dinov2_vits14__bge_small_en__baseline,dinov2_vits14,bge_small_en,baseline,cifar100_zeroshot,top1_margin,0.2268199175596237,2,/mnt/fast/nobackup/scratch4weeks/pp01184/alignment_vlm/checkpoints/dinov2_vits14_bge_small_en_baseline/best.pt,full,development,cifar100_official_train_development
dinov2_vits14__bge_small_en__baseline,dinov2_vits14,bge_small_en,baseline,pets_zeroshot,top1_accuracy,0.0692934766411781,2,/mnt/fast/nobackup/scratch4weeks/pp01184/alignment_vlm/checkpoints/dinov2_vits14_bge_small_en_baseline/best.pt,full,development,oxford_iiit_pet_trainval_development
dinov2_vits14__bge_small_en__baseline,dinov2_vits14,bge_small_en,baseline,pets_zeroshot,top5_accuracy,0.2948369681835174,2,/mnt/fast/nobackup/scratch4weeks/pp01184/alignment_vlm/checkpoints/dinov2_vits14_bge_small_en_baseline/best.pt,full,development,oxford_iiit_pet_trainval_development
dinov2_vits14__bge_small_en__baseline,dinov2_vits14,bge_small_en,baseline,pets_zeroshot,macro_f1,0.0318011586573043,2,/mnt/fast/nobackup/scratch4weeks/pp01184/alignment_vlm/checkpoints/dinov2_vits14_bge_small_en_baseline/best.pt,full,development,oxford_iiit_pet_trainval_development
dinov2_vits14__bge_small_en__baseline,dinov2_vits14,bge_small_en,baseline,pets_zeroshot,balanced_accuracy,0.0689900426742532,2,/mnt/fast/nobackup/scratch4weeks/pp01184/alignment_vlm/checkpoints/dinov2_vits14_bge_small_en_baseline/best.pt,full,development,oxford_iiit_pet_trainval_development
dinov2_vits14__bge_small_en__baseline,dinov2_vits14,bge_small_en,baseline,pets_zeroshot,mean_confidence,0.2718685269355774,2,/mnt/fast/nobackup/scratch4weeks/pp01184/alignment_vlm/checkpoints/dinov2_vits14_bge_small_en_baseline/best.pt,full,development,oxford_iiit_pet_trainval_development
dinov2_vits14__bge_small_en__baseline,dinov2_vits14,bge_small_en,baseline,pets_zeroshot,classification_margin,-0.2085038870573043,2,/mnt/fast/nobackup/scratch4weeks/pp01184/alignment_vlm/checkpoints/dinov2_vits14_bge_small_en_baseline/best.pt,full,development,oxford_iiit_pet_trainval_development
dinov2_vits14__bge_small_en__baseline,dinov2_vits14,bge_small_en,baseline,pets_zeroshot,top1_margin,0.1193684265017509,2,/mnt/fast/nobackup/scratch4weeks/pp01184/alignment_vlm/checkpoints/dinov2_vits14_bge_small_en_baseline/best.pt,full,development,oxford_iiit_pet_trainval_development
dinov2_vits14__bge_small_en__baseline,dinov2_vits14,bge_small_en,baseline,eurosat_zeroshot,top1_accuracy,0.2227160483598709,2,/mnt/fast/nobackup/scratch4weeks/pp01184/alignment_vlm/checkpoints/dinov2_vits14_bge_small_en_baseline/best.pt,full,development,eurosat_deterministic_stratified_development
dinov2_vits14__bge_small_en__baseline,dinov2_vits14,bge_small_en,baseline,eurosat_zeroshot,top5_accuracy,0.7516049146652222,2,/mnt/fast/nobackup/scratch4weeks/pp01184/alignment_vlm/checkpoints/dinov2_vits14_bge_small_en_baseline/best.pt,full,development,eurosat_deterministic_stratified_development
dinov2_vits14__bge_small_en__baseline,dinov2_vits14,bge_small_en,baseline,eurosat_zeroshot,macro_f1,0.1622953670949183,2,/mnt/fast/nobackup/scratch4weeks/pp01184/alignment_vlm/checkpoints/dinov2_vits14_bge_small_en_baseline/best.pt,full,development,eurosat_deterministic_stratified_development
dinov2_vits14__bge_small_en__baseline,dinov2_vits14,bge_small_en,baseline,eurosat_zeroshot,balanced_accuracy,0.2200444444444444,2,/mnt/fast/nobackup/scratch4weeks/pp01184/alignment_vlm/checkpoints/dinov2_vits14_bge_small_en_baseline/best.pt,full,development,eurosat_deterministic_stratified_development
dinov2_vits14__bge_small_en__baseline,dinov2_vits14,bge_small_en,baseline,eurosat_zeroshot,mean_confidence,0.5499228239059448,2,/mnt/fast/nobackup/scratch4weeks/pp01184/alignment_vlm/checkpoints/dinov2_vits14_bge_small_en_baseline/best.pt,full,development,eurosat_deterministic_stratified_development
dinov2_vits14__bge_small_en__baseline,dinov2_vits14,bge_small_en,baseline,eurosat_zeroshot,classification_margin,-0.2589337527751922,2,/mnt/fast/nobackup/scratch4weeks/pp01184/alignment_vlm/checkpoints/dinov2_vits14_bge_small_en_baseline/best.pt,full,development,eurosat_deterministic_stratified_development
dinov2_vits14__bge_small_en__baseline,dinov2_vits14,bge_small_en,baseline,eurosat_zeroshot,top1_margin,0.3567807376384735,2,/mnt/fast/nobackup/scratch4weeks/pp01184/alignment_vlm/checkpoints/dinov2_vits14_bge_small_en_baseline/best.pt,full,development,eurosat_deterministic_stratified_development
dinov2_vits14__bge_small_en__local,dinov2_vits14,bge_small_en,local,cifar100_zeroshot,top1_accuracy,0.2614000141620636,2,/mnt/fast/nobackup/scratch4weeks/pp01184/alignment_vlm/checkpoints/dinov2_vits14_bge_small_en_local/best.pt,full,development,cifar100_official_train_development
dinov2_vits14__bge_small_en__local,dinov2_vits14,bge_small_en,local,cifar100_zeroshot,top5_accuracy,0.4984999895095825,2,/mnt/fast/nobackup/scratch4weeks/pp01184/alignment_vlm/checkpoints/dinov2_vits14_bge_small_en_local/best.pt,full,development,cifar100_official_train_development
dinov2_vits14__bge_small_en__local,dinov2_vits14,bge_small_en,local,cifar100_zeroshot,macro_f1,0.2408859565691404,2,/mnt/fast/nobackup/scratch4weeks/pp01184/alignment_vlm/checkpoints/dinov2_vits14_bge_small_en_local/best.pt,full,development,cifar100_official_train_development
dinov2_vits14__bge_small_en__local,dinov2_vits14,bge_small_en,local,cifar100_zeroshot,balanced_accuracy,0.2613999999999999,2,/mnt/fast/nobackup/scratch4weeks/pp01184/alignment_vlm/checkpoints/dinov2_vits14_bge_small_en_local/best.pt,full,development,cifar100_official_train_development
dinov2_vits14__bge_small_en__local,dinov2_vits14,bge_small_en,local,cifar100_zeroshot,mean_confidence,0.3617395162582397,2,/mnt/fast/nobackup/scratch4weeks/pp01184/alignment_vlm/checkpoints/dinov2_vits14_bge_small_en_local/best.pt,full,development,cifar100_official_train_development
dinov2_vits14__bge_small_en__local,dinov2_vits14,bge_small_en,local,cifar100_zeroshot,classification_margin,-0.0558213740587234,2,/mnt/fast/nobackup/scratch4weeks/pp01184/alignment_vlm/checkpoints/dinov2_vits14_bge_small_en_local/best.pt,full,development,cifar100_official_train_development
dinov2_vits14__bge_small_en__local,dinov2_vits14,bge_small_en,local,cifar100_zeroshot,top1_margin,0.2213963866233825,2,/mnt/fast/nobackup/scratch4weeks/pp01184/alignment_vlm/checkpoints/dinov2_vits14_bge_small_en_local/best.pt,full,development,cifar100_official_train_development
dinov2_vits14__bge_small_en__local,dinov2_vits14,bge_small_en,local,pets_zeroshot,top1_accuracy,0.050271738320589,2,/mnt/fast/nobackup/scratch4weeks/pp01184/alignment_vlm/checkpoints/dinov2_vits14_bge_small_en_local/best.pt,full,development,oxford_iiit_pet_trainval_development
dinov2_vits14__bge_small_en__local,dinov2_vits14,bge_small_en,local,pets_zeroshot,top5_accuracy,0.24048912525177,2,/mnt/fast/nobackup/scratch4weeks/pp01184/alignment_vlm/checkpoints/dinov2_vits14_bge_small_en_local/best.pt,full,development,oxford_iiit_pet_trainval_development
dinov2_vits14__bge_small_en__local,dinov2_vits14,bge_small_en,local,pets_zeroshot,macro_f1,0.0374427263014011,2,/mnt/fast/nobackup/scratch4weeks/pp01184/alignment_vlm/checkpoints/dinov2_vits14_bge_small_en_local/best.pt,full,development,oxford_iiit_pet_trainval_development
dinov2_vits14__bge_small_en__local,dinov2_vits14,bge_small_en,local,pets_zeroshot,balanced_accuracy,0.0501422475106685,2,/mnt/fast/nobackup/scratch4weeks/pp01184/alignment_vlm/checkpoints/dinov2_vits14_bge_small_en_local/best.pt,full,development,oxford_iiit_pet_trainval_development
dinov2_vits14__bge_small_en__local,dinov2_vits14,bge_small_en,local,pets_zeroshot,mean_confidence,0.2264492064714431,2,/mnt/fast/nobackup/scratch4weeks/pp01184/alignment_vlm/checkpoints/dinov2_vits14_bge_small_en_local/best.pt,full,development,oxford_iiit_pet_trainval_development
dinov2_vits14__bge_small_en__local,dinov2_vits14,bge_small_en,local,pets_zeroshot,classification_margin,-0.1784161031246185,2,/mnt/fast/nobackup/scratch4weeks/pp01184/alignment_vlm/checkpoints/dinov2_vits14_bge_small_en_local/best.pt,full,development,oxford_iiit_pet_trainval_development
dinov2_vits14__bge_small_en__local,dinov2_vits14,bge_small_en,local,pets_zeroshot,top1_margin,0.0775991082191467,2,/mnt/fast/nobackup/scratch4weeks/pp01184/alignment_vlm/checkpoints/dinov2_vits14_bge_small_en_local/best.pt,full,development,oxford_iiit_pet_trainval_development
dinov2_vits14__bge_small_en__local,dinov2_vits14,bge_small_en,local,eurosat_zeroshot,top1_accuracy,0.2138271629810333,2,/mnt/fast/nobackup/scratch4weeks/pp01184/alignment_vlm/checkpoints/dinov2_vits14_bge_small_en_local/best.pt,full,development,eurosat_deterministic_stratified_development
dinov2_vits14__bge_small_en__local,dinov2_vits14,bge_small_en,local,eurosat_zeroshot,top5_accuracy,0.6419752836227417,2,/mnt/fast/nobackup/scratch4weeks/pp01184/alignment_vlm/checkpoints/dinov2_vits14_bge_small_en_local/best.pt,full,development,eurosat_deterministic_stratified_development
dinov2_vits14__bge_small_en__local,dinov2_vits14,bge_small_en,local,eurosat_zeroshot,macro_f1,0.1623840553144087,2,/mnt/fast/nobackup/scratch4weeks/pp01184/alignment_vlm/checkpoints/dinov2_vits14_bge_small_en_local/best.pt,full,development,eurosat_deterministic_stratified_development
dinov2_vits14__bge_small_en__local,dinov2_vits14,bge_small_en,local,eurosat_zeroshot,balanced_accuracy,0.2071777777777777,2,/mnt/fast/nobackup/scratch4weeks/pp01184/alignment_vlm/checkpoints/dinov2_vits14_bge_small_en_local/best.pt,full,development,eurosat_deterministic_stratified_development
dinov2_vits14__bge_small_en__local,dinov2_vits14,bge_small_en,local,eurosat_zeroshot,mean_confidence,0.5088581442832947,2,/mnt/fast/nobackup/scratch4weeks/pp01184/alignment_vlm/checkpoints/dinov2_vits14_bge_small_en_local/best.pt,full,development,eurosat_deterministic_stratified_development
dinov2_vits14__bge_small_en__local,dinov2_vits14,bge_small_en,local,eurosat_zeroshot,classification_margin,-0.252954751253128,2,/mnt/fast/nobackup/scratch4weeks/pp01184/alignment_vlm/checkpoints/dinov2_vits14_bge_small_en_local/best.pt,full,development,eurosat_deterministic_stratified_development
dinov2_vits14__bge_small_en__local,dinov2_vits14,bge_small_en,local,eurosat_zeroshot,top1_margin,0.3000091314315796,2,/mnt/fast/nobackup/scratch4weeks/pp01184/alignment_vlm/checkpoints/dinov2_vits14_bge_small_en_local/best.pt,full,development,eurosat_deterministic_stratified_development
dinov2_vits14__distilbert__baseline,dinov2_vits14,distilbert,baseline,cifar100_zeroshot,top1_accuracy,0.2457000017166137,1,/mnt/fast/nobackup/scratch4weeks/pp01184/alignment_vlm/checkpoints/dinov2_vits14_distilbert_baseline/best.pt,full,development,cifar100_official_train_development
dinov2_vits14__distilbert__baseline,dinov2_vits14,distilbert,baseline,cifar100_zeroshot,top5_accuracy,0.5041999816894531,1,/mnt/fast/nobackup/scratch4weeks/pp01184/alignment_vlm/checkpoints/dinov2_vits14_distilbert_baseline/best.pt,full,development,cifar100_official_train_development
dinov2_vits14__distilbert__baseline,dinov2_vits14,distilbert,baseline,cifar100_zeroshot,macro_f1,0.2217329004320673,1,/mnt/fast/nobackup/scratch4weeks/pp01184/alignment_vlm/checkpoints/dinov2_vits14_distilbert_baseline/best.pt,full,development,cifar100_official_train_development
dinov2_vits14__distilbert__baseline,dinov2_vits14,distilbert,baseline,cifar100_zeroshot,balanced_accuracy,0.2457,1,/mnt/fast/nobackup/scratch4weeks/pp01184/alignment_vlm/checkpoints/dinov2_vits14_distilbert_baseline/best.pt,full,development,cifar100_official_train_development
dinov2_vits14__distilbert__baseline,dinov2_vits14,distilbert,baseline,cifar100_zeroshot,mean_confidence,0.2719964385032654,1,/mnt/fast/nobackup/scratch4weeks/pp01184/alignment_vlm/checkpoints/dinov2_vits14_distilbert_baseline/best.pt,full,development,cifar100_official_train_development
dinov2_vits14__distilbert__baseline,dinov2_vits14,distilbert,baseline,cifar100_zeroshot,classification_margin,-0.0491172261536121,1,/mnt/fast/nobackup/scratch4weeks/pp01184/alignment_vlm/checkpoints/dinov2_vits14_distilbert_baseline/best.pt,full,development,cifar100_official_train_development
dinov2_vits14__distilbert__baseline,dinov2_vits14,distilbert,baseline,cifar100_zeroshot,top1_margin,0.1492126584053039,1,/mnt/fast/nobackup/scratch4weeks/pp01184/alignment_vlm/checkpoints/dinov2_vits14_distilbert_baseline/best.pt,full,development,cifar100_official_train_development
dinov2_vits14__distilbert__baseline,dinov2_vits14,distilbert,baseline,pets_zeroshot,top1_accuracy,0.0380434766411781,1,/mnt/fast/nobackup/scratch4weeks/pp01184/alignment_vlm/checkpoints/dinov2_vits14_distilbert_baseline/best.pt,full,development,oxford_iiit_pet_trainval_development
dinov2_vits14__distilbert__baseline,dinov2_vits14,distilbert,baseline,pets_zeroshot,top5_accuracy,0.1902173906564712,1,/mnt/fast/nobackup/scratch4weeks/pp01184/alignment_vlm/checkpoints/dinov2_vits14_distilbert_baseline/best.pt,full,development,oxford_iiit_pet_trainval_development
dinov2_vits14__distilbert__baseline,dinov2_vits14,distilbert,baseline,pets_zeroshot,macro_f1,0.0185113082631323,1,/mnt/fast/nobackup/scratch4weeks/pp01184/alignment_vlm/checkpoints/dinov2_vits14_distilbert_baseline/best.pt,full,development,oxford_iiit_pet_trainval_development
dinov2_vits14__distilbert__baseline,dinov2_vits14,distilbert,baseline,pets_zeroshot,balanced_accuracy,0.0378378378378378,1,/mnt/fast/nobackup/scratch4weeks/pp01184/alignment_vlm/checkpoints/dinov2_vits14_distilbert_baseline/best.pt,full,development,oxford_iiit_pet_trainval_development
dinov2_vits14__distilbert__baseline,dinov2_vits14,distilbert,baseline,pets_zeroshot,mean_confidence,0.2129599303007125,1,/mnt/fast/nobackup/scratch4weeks/pp01184/alignment_vlm/checkpoints/dinov2_vits14_distilbert_baseline/best.pt,full,development,oxford_iiit_pet_trainval_development
dinov2_vits14__distilbert__baseline,dinov2_vits14,distilbert,baseline,pets_zeroshot,classification_margin,-0.1746330261230468,1,/mnt/fast/nobackup/scratch4weeks/pp01184/alignment_vlm/checkpoints/dinov2_vits14_distilbert_baseline/best.pt,full,development,oxford_iiit_pet_trainval_development
dinov2_vits14__distilbert__baseline,dinov2_vits14,distilbert,baseline,pets_zeroshot,top1_margin,0.0596309341490268,1,/mnt/fast/nobackup/scratch4weeks/pp01184/alignment_vlm/checkpoints/dinov2_vits14_distilbert_baseline/best.pt,full,development,oxford_iiit_pet_trainval_development
dinov2_vits14__distilbert__baseline,dinov2_vits14,distilbert,baseline,eurosat_zeroshot,top1_accuracy,0.1802469193935394,1,/mnt/fast/nobackup/scratch4weeks/pp01184/alignment_vlm/checkpoints/dinov2_vits14_distilbert_baseline/best.pt,full,development,eurosat_deterministic_stratified_development
dinov2_vits14__distilbert__baseline,dinov2_vits14,distilbert,baseline,eurosat_zeroshot,top5_accuracy,0.6962962746620178,1,/mnt/fast/nobackup/scratch4weeks/pp01184/alignment_vlm/checkpoints/dinov2_vits14_distilbert_baseline/best.pt,full,development,eurosat_deterministic_stratified_development
dinov2_vits14__distilbert__baseline,dinov2_vits14,distilbert,baseline,eurosat_zeroshot,macro_f1,0.1511411390467896,1,/mnt/fast/nobackup/scratch4weeks/pp01184/alignment_vlm/checkpoints/dinov2_vits14_distilbert_baseline/best.pt,full,development,eurosat_deterministic_stratified_development
dinov2_vits14__distilbert__baseline,dinov2_vits14,distilbert,baseline,eurosat_zeroshot,balanced_accuracy,0.1836,1,/mnt/fast/nobackup/scratch4weeks/pp01184/alignment_vlm/checkpoints/dinov2_vits14_distilbert_baseline/best.pt,full,development,eurosat_deterministic_stratified_development
dinov2_vits14__distilbert__baseline,dinov2_vits14,distilbert,baseline,eurosat_zeroshot,mean_confidence,0.4368415176868438,1,/mnt/fast/nobackup/scratch4weeks/pp01184/alignment_vlm/checkpoints/dinov2_vits14_distilbert_baseline/best.pt,full,development,eurosat_deterministic_stratified_development
dinov2_vits14__distilbert__baseline,dinov2_vits14,distilbert,baseline,eurosat_zeroshot,classification_margin,-0.2281538397073745,1,/mnt/fast/nobackup/scratch4weeks/pp01184/alignment_vlm/checkpoints/dinov2_vits14_distilbert_baseline/best.pt,full,development,eurosat_deterministic_stratified_development
dinov2_vits14__distilbert__baseline,dinov2_vits14,distilbert,baseline,eurosat_zeroshot,top1_margin,0.2328770011663437,1,/mnt/fast/nobackup/scratch4weeks/pp01184/alignment_vlm/checkpoints/dinov2_vits14_distilbert_baseline/best.pt,full,development,eurosat_deterministic_stratified_development
dinov2_vits14__e5_small_v2__baseline,dinov2_vits14,e5_small_v2,baseline,cifar100_zeroshot,top1_accuracy,0.2635000050067901,1,/mnt/fast/nobackup/scratch4weeks/pp01184/alignment_vlm/checkpoints/dinov2_vits14_e5_small_v2_baseline/best.pt,full,development,cifar100_official_train_development
dinov2_vits14__e5_small_v2__baseline,dinov2_vits14,e5_small_v2,baseline,cifar100_zeroshot,top5_accuracy,0.5175999999046326,1,/mnt/fast/nobackup/scratch4weeks/pp01184/alignment_vlm/checkpoints/dinov2_vits14_e5_small_v2_baseline/best.pt,full,development,cifar100_official_train_development
dinov2_vits14__e5_small_v2__baseline,dinov2_vits14,e5_small_v2,baseline,cifar100_zeroshot,macro_f1,0.2356788198952253,1,/mnt/fast/nobackup/scratch4weeks/pp01184/alignment_vlm/checkpoints/dinov2_vits14_e5_small_v2_baseline/best.pt,full,development,cifar100_official_train_development
dinov2_vits14__e5_small_v2__baseline,dinov2_vits14,e5_small_v2,baseline,cifar100_zeroshot,balanced_accuracy,0.2635,1,/mnt/fast/nobackup/scratch4weeks/pp01184/alignment_vlm/checkpoints/dinov2_vits14_e5_small_v2_baseline/best.pt,full,development,cifar100_official_train_development
dinov2_vits14__e5_small_v2__baseline,dinov2_vits14,e5_small_v2,baseline,cifar100_zeroshot,mean_confidence,0.3147509098052978,1,/mnt/fast/nobackup/scratch4weeks/pp01184/alignment_vlm/checkpoints/dinov2_vits14_e5_small_v2_baseline/best.pt,full,development,cifar100_official_train_development
dinov2_vits14__e5_small_v2__baseline,dinov2_vits14,e5_small_v2,baseline,cifar100_zeroshot,classification_margin,-0.0385255478322505,1,/mnt/fast/nobackup/scratch4weeks/pp01184/alignment_vlm/checkpoints/dinov2_vits14_e5_small_v2_baseline/best.pt,full,development,cifar100_official_train_development
dinov2_vits14__e5_small_v2__baseline,dinov2_vits14,e5_small_v2,baseline,cifar100_zeroshot,top1_margin,0.1929942667484283,1,/mnt/fast/nobackup/scratch4weeks/pp01184/alignment_vlm/checkpoints/dinov2_vits14_e5_small_v2_baseline/best.pt,full,development,cifar100_official_train_development
dinov2_vits14__e5_small_v2__baseline,dinov2_vits14,e5_small_v2,baseline,pets_zeroshot,top1_accuracy,0.073369562625885,1,/mnt/fast/nobackup/scratch4weeks/pp01184/alignment_vlm/checkpoints/dinov2_vits14_e5_small_v2_baseline/best.pt,full,development,oxford_iiit_pet_trainval_development
dinov2_vits14__e5_small_v2__baseline,dinov2_vits14,e5_small_v2,baseline,pets_zeroshot,top5_accuracy,0.2228260934352874,1,/mnt/fast/nobackup/scratch4weeks/pp01184/alignment_vlm/checkpoints/dinov2_vits14_e5_small_v2_baseline/best.pt,full,development,oxford_iiit_pet_trainval_development
dinov2_vits14__e5_small_v2__baseline,dinov2_vits14,e5_small_v2,baseline,pets_zeroshot,macro_f1,0.032879641363059,1,/mnt/fast/nobackup/scratch4weeks/pp01184/alignment_vlm/checkpoints/dinov2_vits14_e5_small_v2_baseline/best.pt,full,development,oxford_iiit_pet_trainval_development
dinov2_vits14__e5_small_v2__baseline,dinov2_vits14,e5_small_v2,baseline,pets_zeroshot,balanced_accuracy,0.0730440967283072,1,/mnt/fast/nobackup/scratch4weeks/pp01184/alignment_vlm/checkpoints/dinov2_vits14_e5_small_v2_baseline/best.pt,full,development,oxford_iiit_pet_trainval_development
dinov2_vits14__e5_small_v2__baseline,dinov2_vits14,e5_small_v2,baseline,pets_zeroshot,mean_confidence,0.2674240171909332,1,/mnt/fast/nobackup/scratch4weeks/pp01184/alignment_vlm/checkpoints/dinov2_vits14_e5_small_v2_baseline/best.pt,full,development,oxford_iiit_pet_trainval_development
dinov2_vits14__e5_small_v2__baseline,dinov2_vits14,e5_small_v2,baseline,pets_zeroshot,classification_margin,-0.2029555588960647,1,/mnt/fast/nobackup/scratch4weeks/pp01184/alignment_vlm/checkpoints/dinov2_vits14_e5_small_v2_baseline/best.pt,full,development,oxford_iiit_pet_trainval_development
dinov2_vits14__e5_small_v2__baseline,dinov2_vits14,e5_small_v2,baseline,pets_zeroshot,top1_margin,0.1115454584360122,1,/mnt/fast/nobackup/scratch4weeks/pp01184/alignment_vlm/checkpoints/dinov2_vits14_e5_small_v2_baseline/best.pt,full,development,oxford_iiit_pet_trainval_development
dinov2_vits14__e5_small_v2__baseline,dinov2_vits14,e5_small_v2,baseline,eurosat_zeroshot,top1_accuracy,0.1970370411872863,1,/mnt/fast/nobackup/scratch4weeks/pp01184/alignment_vlm/checkpoints/dinov2_vits14_e5_small_v2_baseline/best.pt,full,development,eurosat_deterministic_stratified_development
dinov2_vits14__e5_small_v2__baseline,dinov2_vits14,e5_small_v2,baseline,eurosat_zeroshot,top5_accuracy,0.6819753050804138,1,/mnt/fast/nobackup/scratch4weeks/pp01184/alignment_vlm/checkpoints/dinov2_vits14_e5_small_v2_baseline/best.pt,full,development,eurosat_deterministic_stratified_development
dinov2_vits14__e5_small_v2__baseline,dinov2_vits14,e5_small_v2,baseline,eurosat_zeroshot,macro_f1,0.162442636302579,1,/mnt/fast/nobackup/scratch4weeks/pp01184/alignment_vlm/checkpoints/dinov2_vits14_e5_small_v2_baseline/best.pt,full,development,eurosat_deterministic_stratified_development
dinov2_vits14__e5_small_v2__baseline,dinov2_vits14,e5_small_v2,baseline,eurosat_zeroshot,balanced_accuracy,0.1921555555555555,1,/mnt/fast/nobackup/scratch4weeks/pp01184/alignment_vlm/checkpoints/dinov2_vits14_e5_small_v2_baseline/best.pt,full,development,eurosat_deterministic_stratified_development
dinov2_vits14__e5_small_v2__baseline,dinov2_vits14,e5_small_v2,baseline,eurosat_zeroshot,mean_confidence,0.4633092880249023,1,/mnt/fast/nobackup/scratch4weeks/pp01184/alignment_vlm/checkpoints/dinov2_vits14_e5_small_v2_baseline/best.pt,full,development,eurosat_deterministic_stratified_development
dinov2_vits14__e5_small_v2__baseline,dinov2_vits14,e5_small_v2,baseline,eurosat_zeroshot,classification_margin,-0.2358898818492889,1,/mnt/fast/nobackup/scratch4weeks/pp01184/alignment_vlm/checkpoints/dinov2_vits14_e5_small_v2_baseline/best.pt,full,development,eurosat_deterministic_stratified_development
dinov2_vits14__e5_small_v2__baseline,dinov2_vits14,e5_small_v2,baseline,eurosat_zeroshot,top1_margin,0.2421603798866272,1,/mnt/fast/nobackup/scratch4weeks/pp01184/alignment_vlm/checkpoints/dinov2_vits14_e5_small_v2_baseline/best.pt,full,development,eurosat_deterministic_stratified_development
efficientnet_b0__all_minilm_l6_v2__baseline,efficientnet_b0,all_minilm_l6_v2,baseline,cifar100_zeroshot,top1_accuracy,0.1878000050783157,2,/mnt/fast/nobackup/scratch4weeks/pp01184/alignment_vlm/checkpoints/efficientnet_b0_all_minilm_l6_v2_baseline/best.pt,full,development,cifar100_official_train_development
efficientnet_b0__all_minilm_l6_v2__baseline,efficientnet_b0,all_minilm_l6_v2,baseline,cifar100_zeroshot,top5_accuracy,0.4257000088691711,2,/mnt/fast/nobackup/scratch4weeks/pp01184/alignment_vlm/checkpoints/efficientnet_b0_all_minilm_l6_v2_baseline/best.pt,full,development,cifar100_official_train_development
efficientnet_b0__all_minilm_l6_v2__baseline,efficientnet_b0,all_minilm_l6_v2,baseline,cifar100_zeroshot,macro_f1,0.155395694601091,2,/mnt/fast/nobackup/scratch4weeks/pp01184/alignment_vlm/checkpoints/efficientnet_b0_all_minilm_l6_v2_baseline/best.pt,full,development,cifar100_official_train_development
efficientnet_b0__all_minilm_l6_v2__baseline,efficientnet_b0,all_minilm_l6_v2,baseline,cifar100_zeroshot,balanced_accuracy,0.1877999999999999,2,/mnt/fast/nobackup/scratch4weeks/pp01184/alignment_vlm/checkpoints/efficientnet_b0_all_minilm_l6_v2_baseline/best.pt,full,development,cifar100_official_train_development
efficientnet_b0__all_minilm_l6_v2__baseline,efficientnet_b0,all_minilm_l6_v2,baseline,cifar100_zeroshot,mean_confidence,0.3643271625041961,2,/mnt/fast/nobackup/scratch4weeks/pp01184/alignment_vlm/checkpoints/efficientnet_b0_all_minilm_l6_v2_baseline/best.pt,full,development,cifar100_official_train_development
efficientnet_b0__all_minilm_l6_v2__baseline,efficientnet_b0,all_minilm_l6_v2,baseline,cifar100_zeroshot,classification_margin,-0.1371602863073349,2,/mnt/fast/nobackup/scratch4weeks/pp01184/alignment_vlm/checkpoints/efficientnet_b0_all_minilm_l6_v2_baseline/best.pt,full,development,cifar100_official_train_development
efficientnet_b0__all_minilm_l6_v2__baseline,efficientnet_b0,all_minilm_l6_v2,baseline,cifar100_zeroshot,top1_margin,0.22774438560009,2,/mnt/fast/nobackup/scratch4weeks/pp01184/alignment_vlm/checkpoints/efficientnet_b0_all_minilm_l6_v2_baseline/best.pt,full,development,cifar100_official_train_development
efficientnet_b0__all_minilm_l6_v2__baseline,efficientnet_b0,all_minilm_l6_v2,baseline,pets_zeroshot,top1_accuracy,0.0461956523358821,2,/mnt/fast/nobackup/scratch4weeks/pp01184/alignment_vlm/checkpoints/efficientnet_b0_all_minilm_l6_v2_baseline/best.pt,full,development,oxford_iiit_pet_trainval_development
efficientnet_b0__all_minilm_l6_v2__baseline,efficientnet_b0,all_minilm_l6_v2,baseline,pets_zeroshot,top5_accuracy,0.1820652186870575,2,/mnt/fast/nobackup/scratch4weeks/pp01184/alignment_vlm/checkpoints/efficientnet_b0_all_minilm_l6_v2_baseline/best.pt,full,development,oxford_iiit_pet_trainval_development
efficientnet_b0__all_minilm_l6_v2__baseline,efficientnet_b0,all_minilm_l6_v2,baseline,pets_zeroshot,macro_f1,0.0313952934523786,2,/mnt/fast/nobackup/scratch4weeks/pp01184/alignment_vlm/checkpoints/efficientnet_b0_all_minilm_l6_v2_baseline/best.pt,full,development,oxford_iiit_pet_trainval_development
efficientnet_b0__all_minilm_l6_v2__baseline,efficientnet_b0,all_minilm_l6_v2,baseline,pets_zeroshot,balanced_accuracy,0.0460881934566145,2,/mnt/fast/nobackup/scratch4weeks/pp01184/alignment_vlm/checkpoints/efficientnet_b0_all_minilm_l6_v2_baseline/best.pt,full,development,oxford_iiit_pet_trainval_development
efficientnet_b0__all_minilm_l6_v2__baseline,efficientnet_b0,all_minilm_l6_v2,baseline,pets_zeroshot,mean_confidence,0.2588037252426147,2,/mnt/fast/nobackup/scratch4weeks/pp01184/alignment_vlm/checkpoints/efficientnet_b0_all_minilm_l6_v2_baseline/best.pt,full,development,oxford_iiit_pet_trainval_development
efficientnet_b0__all_minilm_l6_v2__baseline,efficientnet_b0,all_minilm_l6_v2,baseline,pets_zeroshot,classification_margin,-0.2193271815776825,2,/mnt/fast/nobackup/scratch4weeks/pp01184/alignment_vlm/checkpoints/efficientnet_b0_all_minilm_l6_v2_baseline/best.pt,full,development,oxford_iiit_pet_trainval_development
efficientnet_b0__all_minilm_l6_v2__baseline,efficientnet_b0,all_minilm_l6_v2,baseline,pets_zeroshot,top1_margin,0.1127997264266014,2,/mnt/fast/nobackup/scratch4weeks/pp01184/alignment_vlm/checkpoints/efficientnet_b0_all_minilm_l6_v2_baseline/best.pt,full,development,oxford_iiit_pet_trainval_development
efficientnet_b0__all_minilm_l6_v2__baseline,efficientnet_b0,all_minilm_l6_v2,baseline,eurosat_zeroshot,top1_accuracy,0.1439506113529205,2,/mnt/fast/nobackup/scratch4weeks/pp01184/alignment_vlm/checkpoints/efficientnet_b0_all_minilm_l6_v2_baseline/best.pt,full,development,eurosat_deterministic_stratified_development
efficientnet_b0__all_minilm_l6_v2__baseline,efficientnet_b0,all_minilm_l6_v2,baseline,eurosat_zeroshot,top5_accuracy,0.6172839403152466,2,/mnt/fast/nobackup/scratch4weeks/pp01184/alignment_vlm/checkpoints/efficientnet_b0_all_minilm_l6_v2_baseline/best.pt,full,development,eurosat_deterministic_stratified_development
efficientnet_b0__all_minilm_l6_v2__baseline,efficientnet_b0,all_minilm_l6_v2,baseline,eurosat_zeroshot,macro_f1,0.1293947644333839,2,/mnt/fast/nobackup/scratch4weeks/pp01184/alignment_vlm/checkpoints/efficientnet_b0_all_minilm_l6_v2_baseline/best.pt,full,development,eurosat_deterministic_stratified_development
efficientnet_b0__all_minilm_l6_v2__baseline,efficientnet_b0,all_minilm_l6_v2,baseline,eurosat_zeroshot,balanced_accuracy,0.145,2,/mnt/fast/nobackup/scratch4weeks/pp01184/alignment_vlm/checkpoints/efficientnet_b0_all_minilm_l6_v2_baseline/best.pt,full,development,eurosat_deterministic_stratified_development
efficientnet_b0__all_minilm_l6_v2__baseline,efficientnet_b0,all_minilm_l6_v2,baseline,eurosat_zeroshot,mean_confidence,0.5270001888275146,2,/mnt/fast/nobackup/scratch4weeks/pp01184/alignment_vlm/checkpoints/efficientnet_b0_all_minilm_l6_v2_baseline/best.pt,full,development,eurosat_deterministic_stratified_development
efficientnet_b0__all_minilm_l6_v2__baseline,efficientnet_b0,all_minilm_l6_v2,baseline,eurosat_zeroshot,classification_margin,-0.3293932676315307,2,/mnt/fast/nobackup/scratch4weeks/pp01184/alignment_vlm/checkpoints/efficientnet_b0_all_minilm_l6_v2_baseline/best.pt,full,development,eurosat_deterministic_stratified_development
efficientnet_b0__all_minilm_l6_v2__baseline,efficientnet_b0,all_minilm_l6_v2,baseline,eurosat_zeroshot,top1_margin,0.3123580515384674,2,/mnt/fast/nobackup/scratch4weeks/pp01184/alignment_vlm/checkpoints/efficientnet_b0_all_minilm_l6_v2_baseline/best.pt,full,development,eurosat_deterministic_stratified_development
efficientnet_b0__bge_small_en__baseline,efficientnet_b0,bge_small_en,baseline,cifar100_zeroshot,top1_accuracy,0.1811999976634979,1,/mnt/fast/nobackup/scratch4weeks/pp01184/alignment_vlm/checkpoints/efficientnet_b0_bge_small_en_baseline/best.pt,full,development,cifar100_official_train_development
efficientnet_b0__bge_small_en__baseline,efficientnet_b0,bge_small_en,baseline,cifar100_zeroshot,top5_accuracy,0.3925000131130218,1,/mnt/fast/nobackup/scratch4weeks/pp01184/alignment_vlm/checkpoints/efficientnet_b0_bge_small_en_baseline/best.pt,full,development,cifar100_official_train_development
efficientnet_b0__bge_small_en__baseline,efficientnet_b0,bge_small_en,baseline,cifar100_zeroshot,macro_f1,0.1589631576306359,1,/mnt/fast/nobackup/scratch4weeks/pp01184/alignment_vlm/checkpoints/efficientnet_b0_bge_small_en_baseline/best.pt,full,development,cifar100_official_train_development
efficientnet_b0__bge_small_en__baseline,efficientnet_b0,bge_small_en,baseline,cifar100_zeroshot,balanced_accuracy,0.1812,1,/mnt/fast/nobackup/scratch4weeks/pp01184/alignment_vlm/checkpoints/efficientnet_b0_bge_small_en_baseline/best.pt,full,development,cifar100_official_train_development
efficientnet_b0__bge_small_en__baseline,efficientnet_b0,bge_small_en,baseline,cifar100_zeroshot,mean_confidence,0.2774394750595093,1,/mnt/fast/nobackup/scratch4weeks/pp01184/alignment_vlm/checkpoints/efficientnet_b0_bge_small_en_baseline/best.pt,full,development,cifar100_official_train_development
efficientnet_b0__bge_small_en__baseline,efficientnet_b0,bge_small_en,baseline,cifar100_zeroshot,classification_margin,-0.0942763686180114,1,/mnt/fast/nobackup/scratch4weeks/pp01184/alignment_vlm/checkpoints/efficientnet_b0_bge_small_en_baseline/best.pt,full,development,cifar100_official_train_development
efficientnet_b0__bge_small_en__baseline,efficientnet_b0,bge_small_en,baseline,cifar100_zeroshot,top1_margin,0.1586373597383499,1,/mnt/fast/nobackup/scratch4weeks/pp01184/alignment_vlm/checkpoints/efficientnet_b0_bge_small_en_baseline/best.pt,full,development,cifar100_official_train_development
efficientnet_b0__bge_small_en__baseline,efficientnet_b0,bge_small_en,baseline,pets_zeroshot,top1_accuracy,0.0584239140152931,1,/mnt/fast/nobackup/scratch4weeks/pp01184/alignment_vlm/checkpoints/efficientnet_b0_bge_small_en_baseline/best.pt,full,development,oxford_iiit_pet_trainval_development
efficientnet_b0__bge_small_en__baseline,efficientnet_b0,bge_small_en,baseline,pets_zeroshot,top5_accuracy,0.2690217494964599,1,/mnt/fast/nobackup/scratch4weeks/pp01184/alignment_vlm/checkpoints/efficientnet_b0_bge_small_en_baseline/best.pt,full,development,oxford_iiit_pet_trainval_development
efficientnet_b0__bge_small_en__baseline,efficientnet_b0,bge_small_en,baseline,pets_zeroshot,macro_f1,0.0442324554433241,1,/mnt/fast/nobackup/scratch4weeks/pp01184/alignment_vlm/checkpoints/efficientnet_b0_bge_small_en_baseline/best.pt,full,development,oxford_iiit_pet_trainval_development
efficientnet_b0__bge_small_en__baseline,efficientnet_b0,bge_small_en,baseline,pets_zeroshot,balanced_accuracy,0.0582503556187766,1,/mnt/fast/nobackup/scratch4weeks/pp01184/alignment_vlm/checkpoints/efficientnet_b0_bge_small_en_baseline/best.pt,full,development,oxford_iiit_pet_trainval_development
efficientnet_b0__bge_small_en__baseline,efficientnet_b0,bge_small_en,baseline,pets_zeroshot,mean_confidence,0.1803286522626876,1,/mnt/fast/nobackup/scratch4weeks/pp01184/alignment_vlm/checkpoints/efficientnet_b0_bge_small_en_baseline/best.pt,full,development,oxford_iiit_pet_trainval_development
efficientnet_b0__bge_small_en__baseline,efficientnet_b0,bge_small_en,baseline,pets_zeroshot,classification_margin,-0.1319713592529297,1,/mnt/fast/nobackup/scratch4weeks/pp01184/alignment_vlm/checkpoints/efficientnet_b0_bge_small_en_baseline/best.pt,full,development,oxford_iiit_pet_trainval_development
efficientnet_b0__bge_small_en__baseline,efficientnet_b0,bge_small_en,baseline,pets_zeroshot,top1_margin,0.0547297298908233,1,/mnt/fast/nobackup/scratch4weeks/pp01184/alignment_vlm/checkpoints/efficientnet_b0_bge_small_en_baseline/best.pt,full,development,oxford_iiit_pet_trainval_development
efficientnet_b0__bge_small_en__baseline,efficientnet_b0,bge_small_en,baseline,eurosat_zeroshot,top1_accuracy,0.1728395074605941,1,/mnt/fast/nobackup/scratch4weeks/pp01184/alignment_vlm/checkpoints/efficientnet_b0_bge_small_en_baseline/best.pt,full,development,eurosat_deterministic_stratified_development
efficientnet_b0__bge_small_en__baseline,efficientnet_b0,bge_small_en,baseline,eurosat_zeroshot,top5_accuracy,0.6728395223617554,1,/mnt/fast/nobackup/scratch4weeks/pp01184/alignment_vlm/checkpoints/efficientnet_b0_bge_small_en_baseline/best.pt,full,development,eurosat_deterministic_stratified_development
efficientnet_b0__bge_small_en__baseline,efficientnet_b0,bge_small_en,baseline,eurosat_zeroshot,macro_f1,0.1453839046275064,1,/mnt/fast/nobackup/scratch4weeks/pp01184/alignment_vlm/checkpoints/efficientnet_b0_bge_small_en_baseline/best.pt,full,development,eurosat_deterministic_stratified_development
efficientnet_b0__bge_small_en__baseline,efficientnet_b0,bge_small_en,baseline,eurosat_zeroshot,balanced_accuracy,0.1706444444444444,1,/mnt/fast/nobackup/scratch4weeks/pp01184/alignment_vlm/checkpoints/efficientnet_b0_bge_small_en_baseline/best.pt,full,development,eurosat_deterministic_stratified_development
efficientnet_b0__bge_small_en__baseline,efficientnet_b0,bge_small_en,baseline,eurosat_zeroshot,mean_confidence,0.5394707322120667,1,/mnt/fast/nobackup/scratch4weeks/pp01184/alignment_vlm/checkpoints/efficientnet_b0_bge_small_en_baseline/best.pt,full,development,eurosat_deterministic_stratified_development
efficientnet_b0__bge_small_en__baseline,efficientnet_b0,bge_small_en,baseline,eurosat_zeroshot,classification_margin,-0.3087176084518432,1,/mnt/fast/nobackup/scratch4weeks/pp01184/alignment_vlm/checkpoints/efficientnet_b0_bge_small_en_baseline/best.pt,full,development,eurosat_deterministic_stratified_development
efficientnet_b0__bge_small_en__baseline,efficientnet_b0,bge_small_en,baseline,eurosat_zeroshot,top1_margin,0.3337184190750122,1,/mnt/fast/nobackup/scratch4weeks/pp01184/alignment_vlm/checkpoints/efficientnet_b0_bge_small_en_baseline/best.pt,full,development,eurosat_deterministic_stratified_development
efficientnet_b0__distilbert__baseline,efficientnet_b0,distilbert,baseline,cifar100_zeroshot,top1_accuracy,0.1685999929904937,1,/mnt/fast/nobackup/scratch4weeks/pp01184/alignment_vlm/checkpoints/efficientnet_b0_distilbert_baseline/best.pt,full,development,cifar100_official_train_development
efficientnet_b0__distilbert__baseline,efficientnet_b0,distilbert,baseline,cifar100_zeroshot,top5_accuracy,0.4242999851703644,1,/mnt/fast/nobackup/scratch4weeks/pp01184/alignment_vlm/checkpoints/efficientnet_b0_distilbert_baseline/best.pt,full,development,cifar100_official_train_development
efficientnet_b0__distilbert__baseline,efficientnet_b0,distilbert,baseline,cifar100_zeroshot,macro_f1,0.1276669397993067,1,/mnt/fast/nobackup/scratch4weeks/pp01184/alignment_vlm/checkpoints/efficientnet_b0_distilbert_baseline/best.pt,full,development,cifar100_official_train_development
efficientnet_b0__distilbert__baseline,efficientnet_b0,distilbert,baseline,cifar100_zeroshot,balanced_accuracy,0.1685999999999999,1,/mnt/fast/nobackup/scratch4weeks/pp01184/alignment_vlm/checkpoints/efficientnet_b0_distilbert_baseline/best.pt,full,development,cifar100_official_train_development
efficientnet_b0__distilbert__baseline,efficientnet_b0,distilbert,baseline,cifar100_zeroshot,mean_confidence,0.3013871312141418,1,/mnt/fast/nobackup/scratch4weeks/pp01184/alignment_vlm/checkpoints/efficientnet_b0_distilbert_baseline/best.pt,full,development,cifar100_official_train_development
efficientnet_b0__distilbert__baseline,efficientnet_b0,distilbert,baseline,cifar100_zeroshot,classification_margin,-0.1288643330335617,1,/mnt/fast/nobackup/scratch4weeks/pp01184/alignment_vlm/checkpoints/efficientnet_b0_distilbert_baseline/best.pt,full,development,cifar100_official_train_development
efficientnet_b0__distilbert__baseline,efficientnet_b0,distilbert,baseline,cifar100_zeroshot,top1_margin,0.1717612594366073,1,/mnt/fast/nobackup/scratch4weeks/pp01184/alignment_vlm/checkpoints/efficientnet_b0_distilbert_baseline/best.pt,full,development,cifar100_official_train_development
efficientnet_b0__distilbert__baseline,efficientnet_b0,distilbert,baseline,pets_zeroshot,top1_accuracy,0.0217391308397054,1,/mnt/fast/nobackup/scratch4weeks/pp01184/alignment_vlm/checkpoints/efficientnet_b0_distilbert_baseline/best.pt,full,development,oxford_iiit_pet_trainval_development
efficientnet_b0__distilbert__baseline,efficientnet_b0,distilbert,baseline,pets_zeroshot,top5_accuracy,0.167119562625885,1,/mnt/fast/nobackup/scratch4weeks/pp01184/alignment_vlm/checkpoints/efficientnet_b0_distilbert_baseline/best.pt,full,development,oxford_iiit_pet_trainval_development
efficientnet_b0__distilbert__baseline,efficientnet_b0,distilbert,baseline,pets_zeroshot,macro_f1,0.0075239509123521,1,/mnt/fast/nobackup/scratch4weeks/pp01184/alignment_vlm/checkpoints/efficientnet_b0_distilbert_baseline/best.pt,full,development,oxford_iiit_pet_trainval_development
efficientnet_b0__distilbert__baseline,efficientnet_b0,distilbert,baseline,pets_zeroshot,balanced_accuracy,0.0216927453769559,1,/mnt/fast/nobackup/scratch4weeks/pp01184/alignment_vlm/checkpoints/efficientnet_b0_distilbert_baseline/best.pt,full,development,oxford_iiit_pet_trainval_development
efficientnet_b0__distilbert__baseline,efficientnet_b0,distilbert,baseline,pets_zeroshot,mean_confidence,0.2519496381282806,1,/mnt/fast/nobackup/scratch4weeks/pp01184/alignment_vlm/checkpoints/efficientnet_b0_distilbert_baseline/best.pt,full,development,oxford_iiit_pet_trainval_development
efficientnet_b0__distilbert__baseline,efficientnet_b0,distilbert,baseline,pets_zeroshot,classification_margin,-0.2160018235445022,1,/mnt/fast/nobackup/scratch4weeks/pp01184/alignment_vlm/checkpoints/efficientnet_b0_distilbert_baseline/best.pt,full,development,oxford_iiit_pet_trainval_development
efficientnet_b0__distilbert__baseline,efficientnet_b0,distilbert,baseline,pets_zeroshot,top1_margin,0.0921823009848594,1,/mnt/fast/nobackup/scratch4weeks/pp01184/alignment_vlm/checkpoints/efficientnet_b0_distilbert_baseline/best.pt,full,development,oxford_iiit_pet_trainval_development
efficientnet_b0__distilbert__baseline,efficientnet_b0,distilbert,baseline,eurosat_zeroshot,top1_accuracy,0.1864197552204132,1,/mnt/fast/nobackup/scratch4weeks/pp01184/alignment_vlm/checkpoints/efficientnet_b0_distilbert_baseline/best.pt,full,development,eurosat_deterministic_stratified_development
efficientnet_b0__distilbert__baseline,efficientnet_b0,distilbert,baseline,eurosat_zeroshot,top5_accuracy,0.6511111259460449,1,/mnt/fast/nobackup/scratch4weeks/pp01184/alignment_vlm/checkpoints/efficientnet_b0_distilbert_baseline/best.pt,full,development,eurosat_deterministic_stratified_development
efficientnet_b0__distilbert__baseline,efficientnet_b0,distilbert,baseline,eurosat_zeroshot,macro_f1,0.1250799709857495,1,/mnt/fast/nobackup/scratch4weeks/pp01184/alignment_vlm/checkpoints/efficientnet_b0_distilbert_baseline/best.pt,full,development,eurosat_deterministic_stratified_development
efficientnet_b0__distilbert__baseline,efficientnet_b0,distilbert,baseline,eurosat_zeroshot,balanced_accuracy,0.1808,1,/mnt/fast/nobackup/scratch4weeks/pp01184/alignment_vlm/checkpoints/efficientnet_b0_distilbert_baseline/best.pt,full,development,eurosat_deterministic_stratified_development
efficientnet_b0__distilbert__baseline,efficientnet_b0,distilbert,baseline,eurosat_zeroshot,mean_confidence,0.5491428971290588,1,/mnt/fast/nobackup/scratch4weeks/pp01184/alignment_vlm/checkpoints/efficientnet_b0_distilbert_baseline/best.pt,full,development,eurosat_deterministic_stratified_development
efficientnet_b0__distilbert__baseline,efficientnet_b0,distilbert,baseline,eurosat_zeroshot,classification_margin,-0.3073005974292755,1,/mnt/fast/nobackup/scratch4weeks/pp01184/alignment_vlm/checkpoints/efficientnet_b0_distilbert_baseline/best.pt,full,development,eurosat_deterministic_stratified_development
efficientnet_b0__distilbert__baseline,efficientnet_b0,distilbert,baseline,eurosat_zeroshot,top1_margin,0.3473541736602783,1,/mnt/fast/nobackup/scratch4weeks/pp01184/alignment_vlm/checkpoints/efficientnet_b0_distilbert_baseline/best.pt,full,development,eurosat_deterministic_stratified_development
efficientnet_b0__e5_small_v2__baseline,efficientnet_b0,e5_small_v2,baseline,cifar100_zeroshot,top1_accuracy,0.1777999997138977,1,/mnt/fast/nobackup/scratch4weeks/pp01184/alignment_vlm/checkpoints/efficientnet_b0_e5_small_v2_baseline/best.pt,full,development,cifar100_official_train_development
efficientnet_b0__e5_small_v2__baseline,efficientnet_b0,e5_small_v2,baseline,cifar100_zeroshot,top5_accuracy,0.4115999937057495,1,/mnt/fast/nobackup/scratch4weeks/pp01184/alignment_vlm/checkpoints/efficientnet_b0_e5_small_v2_baseline/best.pt,full,development,cifar100_official_train_development
efficientnet_b0__e5_small_v2__baseline,efficientnet_b0,e5_small_v2,baseline,cifar100_zeroshot,macro_f1,0.1532138047492956,1,/mnt/fast/nobackup/scratch4weeks/pp01184/alignment_vlm/checkpoints/efficientnet_b0_e5_small_v2_baseline/best.pt,full,development,cifar100_official_train_development
efficientnet_b0__e5_small_v2__baseline,efficientnet_b0,e5_small_v2,baseline,cifar100_zeroshot,balanced_accuracy,0.1777999999999999,1,/mnt/fast/nobackup/scratch4weeks/pp01184/alignment_vlm/checkpoints/efficientnet_b0_e5_small_v2_baseline/best.pt,full,development,cifar100_official_train_development
efficientnet_b0__e5_small_v2__baseline,efficientnet_b0,e5_small_v2,baseline,cifar100_zeroshot,mean_confidence,0.2585940062999725,1,/mnt/fast/nobackup/scratch4weeks/pp01184/alignment_vlm/checkpoints/efficientnet_b0_e5_small_v2_baseline/best.pt,full,development,cifar100_official_train_development
efficientnet_b0__e5_small_v2__baseline,efficientnet_b0,e5_small_v2,baseline,cifar100_zeroshot,classification_margin,-0.0895468965172767,1,/mnt/fast/nobackup/scratch4weeks/pp01184/alignment_vlm/checkpoints/efficientnet_b0_e5_small_v2_baseline/best.pt,full,development,cifar100_official_train_development
efficientnet_b0__e5_small_v2__baseline,efficientnet_b0,e5_small_v2,baseline,cifar100_zeroshot,top1_margin,0.1409098505973816,1,/mnt/fast/nobackup/scratch4weeks/pp01184/alignment_vlm/checkpoints/efficientnet_b0_e5_small_v2_baseline/best.pt,full,development,cifar100_official_train_development
efficientnet_b0__e5_small_v2__baseline,efficientnet_b0,e5_small_v2,baseline,pets_zeroshot,top1_accuracy,0.03125,1,/mnt/fast/nobackup/scratch4weeks/pp01184/alignment_vlm/checkpoints/efficientnet_b0_e5_small_v2_baseline/best.pt,full,development,oxford_iiit_pet_trainval_development
efficientnet_b0__e5_small_v2__baseline,efficientnet_b0,e5_small_v2,baseline,pets_zeroshot,top5_accuracy,0.229619562625885,1,/mnt/fast/nobackup/scratch4weeks/pp01184/alignment_vlm/checkpoints/efficientnet_b0_e5_small_v2_baseline/best.pt,full,development,oxford_iiit_pet_trainval_development
efficientnet_b0__e5_small_v2__baseline,efficientnet_b0,e5_small_v2,baseline,pets_zeroshot,macro_f1,0.0167363637478949,1,/mnt/fast/nobackup/scratch4weeks/pp01184/alignment_vlm/checkpoints/efficientnet_b0_e5_small_v2_baseline/best.pt,full,development,oxford_iiit_pet_trainval_development
efficientnet_b0__e5_small_v2__baseline,efficientnet_b0,e5_small_v2,baseline,pets_zeroshot,balanced_accuracy,0.031081081081081,1,/mnt/fast/nobackup/scratch4weeks/pp01184/alignment_vlm/checkpoints/efficientnet_b0_e5_small_v2_baseline/best.pt,full,development,oxford_iiit_pet_trainval_development
efficientnet_b0__e5_small_v2__baseline,efficientnet_b0,e5_small_v2,baseline,pets_zeroshot,mean_confidence,0.206580638885498,1,/mnt/fast/nobackup/scratch4weeks/pp01184/alignment_vlm/checkpoints/efficientnet_b0_e5_small_v2_baseline/best.pt,full,development,oxford_iiit_pet_trainval_development
efficientnet_b0__e5_small_v2__baseline,efficientnet_b0,e5_small_v2,baseline,pets_zeroshot,classification_margin,-0.167984664440155,1,/mnt/fast/nobackup/scratch4weeks/pp01184/alignment_vlm/checkpoints/efficientnet_b0_e5_small_v2_baseline/best.pt,full,development,oxford_iiit_pet_trainval_development
efficientnet_b0__e5_small_v2__baseline,efficientnet_b0,e5_small_v2,baseline,pets_zeroshot,top1_margin,0.0871529355645179,1,/mnt/fast/nobackup/scratch4weeks/pp01184/alignment_vlm/checkpoints/efficientnet_b0_e5_small_v2_baseline/best.pt,full,development,oxford_iiit_pet_trainval_development
efficientnet_b0__e5_small_v2__baseline,efficientnet_b0,e5_small_v2,baseline,eurosat_zeroshot,top1_accuracy,0.185679018497467,1,/mnt/fast/nobackup/scratch4weeks/pp01184/alignment_vlm/checkpoints/efficientnet_b0_e5_small_v2_baseline/best.pt,full,development,eurosat_deterministic_stratified_development
efficientnet_b0__e5_small_v2__baseline,efficientnet_b0,e5_small_v2,baseline,eurosat_zeroshot,top5_accuracy,0.663209855556488,1,/mnt/fast/nobackup/scratch4weeks/pp01184/alignment_vlm/checkpoints/efficientnet_b0_e5_small_v2_baseline/best.pt,full,development,eurosat_deterministic_stratified_development
efficientnet_b0__e5_small_v2__baseline,efficientnet_b0,e5_small_v2,baseline,eurosat_zeroshot,macro_f1,0.1283219128255979,1,/mnt/fast/nobackup/scratch4weeks/pp01184/alignment_vlm/checkpoints/efficientnet_b0_e5_small_v2_baseline/best.pt,full,development,eurosat_deterministic_stratified_development
efficientnet_b0__e5_small_v2__baseline,efficientnet_b0,e5_small_v2,baseline,eurosat_zeroshot,balanced_accuracy,0.1793555555555555,1,/mnt/fast/nobackup/scratch4weeks/pp01184/alignment_vlm/checkpoints/efficientnet_b0_e5_small_v2_baseline/best.pt,full,development,eurosat_deterministic_stratified_development
efficientnet_b0__e5_small_v2__baseline,efficientnet_b0,e5_small_v2,baseline,eurosat_zeroshot,mean_confidence,0.6294944882392883,1,/mnt/fast/nobackup/scratch4weeks/pp01184/alignment_vlm/checkpoints/efficientnet_b0_e5_small_v2_baseline/best.pt,full,development,eurosat_deterministic_stratified_development
efficientnet_b0__e5_small_v2__baseline,efficientnet_b0,e5_small_v2,baseline,eurosat_zeroshot,classification_margin,-0.3395487070083618,1,/mnt/fast/nobackup/scratch4weeks/pp01184/alignment_vlm/checkpoints/efficientnet_b0_e5_small_v2_baseline/best.pt,full,development,eurosat_deterministic_stratified_development
efficientnet_b0__e5_small_v2__baseline,efficientnet_b0,e5_small_v2,baseline,eurosat_zeroshot,top1_margin,0.4634627103805542,1,/mnt/fast/nobackup/scratch4weeks/pp01184/alignment_vlm/checkpoints/efficientnet_b0_e5_small_v2_baseline/best.pt,full,development,eurosat_deterministic_stratified_development
swin_tiny__all_minilm_l6_v2__baseline,swin_tiny,all_minilm_l6_v2,baseline,cifar100_zeroshot,top1_accuracy,0.2099000066518783,2,/mnt/fast/nobackup/scratch4weeks/pp01184/alignment_vlm/checkpoints/swin_tiny_all_minilm_l6_v2_baseline/best.pt,full,development,cifar100_official_train_development
swin_tiny__all_minilm_l6_v2__baseline,swin_tiny,all_minilm_l6_v2,baseline,cifar100_zeroshot,top5_accuracy,0.4138000011444092,2,/mnt/fast/nobackup/scratch4weeks/pp01184/alignment_vlm/checkpoints/swin_tiny_all_minilm_l6_v2_baseline/best.pt,full,development,cifar100_official_train_development
swin_tiny__all_minilm_l6_v2__baseline,swin_tiny,all_minilm_l6_v2,baseline,cifar100_zeroshot,macro_f1,0.1891593866537495,2,/mnt/fast/nobackup/scratch4weeks/pp01184/alignment_vlm/checkpoints/swin_tiny_all_minilm_l6_v2_baseline/best.pt,full,development,cifar100_official_train_development
swin_tiny__all_minilm_l6_v2__baseline,swin_tiny,all_minilm_l6_v2,baseline,cifar100_zeroshot,balanced_accuracy,0.2098999999999999,2,/mnt/fast/nobackup/scratch4weeks/pp01184/alignment_vlm/checkpoints/swin_tiny_all_minilm_l6_v2_baseline/best.pt,full,development,cifar100_official_train_development
swin_tiny__all_minilm_l6_v2__baseline,swin_tiny,all_minilm_l6_v2,baseline,cifar100_zeroshot,mean_confidence,0.3260028660297394,2,/mnt/fast/nobackup/scratch4weeks/pp01184/alignment_vlm/checkpoints/swin_tiny_all_minilm_l6_v2_baseline/best.pt,full,development,cifar100_official_train_development
swin_tiny__all_minilm_l6_v2__baseline,swin_tiny,all_minilm_l6_v2,baseline,cifar100_zeroshot,classification_margin,-0.0848414301872253,2,/mnt/fast/nobackup/scratch4weeks/pp01184/alignment_vlm/checkpoints/swin_tiny_all_minilm_l6_v2_baseline/best.pt,full,development,cifar100_official_train_development
swin_tiny__all_minilm_l6_v2__baseline,swin_tiny,all_minilm_l6_v2,baseline,cifar100_zeroshot,top1_margin,0.2033186852931976,2,/mnt/fast/nobackup/scratch4weeks/pp01184/alignment_vlm/checkpoints/swin_tiny_all_minilm_l6_v2_baseline/best.pt,full,development,cifar100_official_train_development
swin_tiny__all_minilm_l6_v2__baseline,swin_tiny,all_minilm_l6_v2,baseline,pets_zeroshot,top1_accuracy,0.0652173906564712,2,/mnt/fast/nobackup/scratch4weeks/pp01184/alignment_vlm/checkpoints/swin_tiny_all_minilm_l6_v2_baseline/best.pt,full,development,oxford_iiit_pet_trainval_development
swin_tiny__all_minilm_l6_v2__baseline,swin_tiny,all_minilm_l6_v2,baseline,pets_zeroshot,top5_accuracy,0.2010869532823562,2,/mnt/fast/nobackup/scratch4weeks/pp01184/alignment_vlm/checkpoints/swin_tiny_all_minilm_l6_v2_baseline/best.pt,full,development,oxford_iiit_pet_trainval_development
swin_tiny__all_minilm_l6_v2__baseline,swin_tiny,all_minilm_l6_v2,baseline,pets_zeroshot,macro_f1,0.0469943191703915,2,/mnt/fast/nobackup/scratch4weeks/pp01184/alignment_vlm/checkpoints/swin_tiny_all_minilm_l6_v2_baseline/best.pt,full,development,oxford_iiit_pet_trainval_development
swin_tiny__all_minilm_l6_v2__baseline,swin_tiny,all_minilm_l6_v2,baseline,pets_zeroshot,balanced_accuracy,0.0653627311522048,2,/mnt/fast/nobackup/scratch4weeks/pp01184/alignment_vlm/checkpoints/swin_tiny_all_minilm_l6_v2_baseline/best.pt,full,development,oxford_iiit_pet_trainval_development
swin_tiny__all_minilm_l6_v2__baseline,swin_tiny,all_minilm_l6_v2,baseline,pets_zeroshot,mean_confidence,0.3013589680194855,2,/mnt/fast/nobackup/scratch4weeks/pp01184/alignment_vlm/checkpoints/swin_tiny_all_minilm_l6_v2_baseline/best.pt,full,development,oxford_iiit_pet_trainval_development
swin_tiny__all_minilm_l6_v2__baseline,swin_tiny,all_minilm_l6_v2,baseline,pets_zeroshot,classification_margin,-0.2519984841346741,2,/mnt/fast/nobackup/scratch4weeks/pp01184/alignment_vlm/checkpoints/swin_tiny_all_minilm_l6_v2_baseline/best.pt,full,development,oxford_iiit_pet_trainval_development
swin_tiny__all_minilm_l6_v2__baseline,swin_tiny,all_minilm_l6_v2,baseline,pets_zeroshot,top1_margin,0.1594450324773788,2,/mnt/fast/nobackup/scratch4weeks/pp01184/alignment_vlm/checkpoints/swin_tiny_all_minilm_l6_v2_baseline/best.pt,full,development,oxford_iiit_pet_trainval_development
swin_tiny__all_minilm_l6_v2__baseline,swin_tiny,all_minilm_l6_v2,baseline,eurosat_zeroshot,top1_accuracy,0.1365432143211364,2,/mnt/fast/nobackup/scratch4weeks/pp01184/alignment_vlm/checkpoints/swin_tiny_all_minilm_l6_v2_baseline/best.pt,full,development,eurosat_deterministic_stratified_development
swin_tiny__all_minilm_l6_v2__baseline,swin_tiny,all_minilm_l6_v2,baseline,eurosat_zeroshot,top5_accuracy,0.6288889050483704,2,/mnt/fast/nobackup/scratch4weeks/pp01184/alignment_vlm/checkpoints/swin_tiny_all_minilm_l6_v2_baseline/best.pt,full,development,eurosat_deterministic_stratified_development
swin_tiny__all_minilm_l6_v2__baseline,swin_tiny,all_minilm_l6_v2,baseline,eurosat_zeroshot,macro_f1,0.1278104460774192,2,/mnt/fast/nobackup/scratch4weeks/pp01184/alignment_vlm/checkpoints/swin_tiny_all_minilm_l6_v2_baseline/best.pt,full,development,eurosat_deterministic_stratified_development
swin_tiny__all_minilm_l6_v2__baseline,swin_tiny,all_minilm_l6_v2,baseline,eurosat_zeroshot,balanced_accuracy,0.1374444444444444,2,/mnt/fast/nobackup/scratch4weeks/pp01184/alignment_vlm/checkpoints/swin_tiny_all_minilm_l6_v2_baseline/best.pt,full,development,eurosat_deterministic_stratified_development
swin_tiny__all_minilm_l6_v2__baseline,swin_tiny,all_minilm_l6_v2,baseline,eurosat_zeroshot,mean_confidence,0.4988801777362823,2,/mnt/fast/nobackup/scratch4weeks/pp01184/alignment_vlm/checkpoints/swin_tiny_all_minilm_l6_v2_baseline/best.pt,full,development,eurosat_deterministic_stratified_development
swin_tiny__all_minilm_l6_v2__baseline,swin_tiny,all_minilm_l6_v2,baseline,eurosat_zeroshot,classification_margin,-0.3237757086753845,2,/mnt/fast/nobackup/scratch4weeks/pp01184/alignment_vlm/checkpoints/swin_tiny_all_minilm_l6_v2_baseline/best.pt,full,development,eurosat_deterministic_stratified_development
swin_tiny__all_minilm_l6_v2__baseline,swin_tiny,all_minilm_l6_v2,baseline,eurosat_zeroshot,top1_margin,0.2906451225280761,2,/mnt/fast/nobackup/scratch4weeks/pp01184/alignment_vlm/checkpoints/swin_tiny_all_minilm_l6_v2_baseline/best.pt,full,development,eurosat_deterministic_stratified_development
swin_tiny__bge_small_en__baseline,swin_tiny,bge_small_en,baseline,cifar100_zeroshot,top1_accuracy,0.1977999955415725,2,/mnt/fast/nobackup/scratch4weeks/pp01184/alignment_vlm/checkpoints/swin_tiny_bge_small_en_baseline/best.pt,full,development,cifar100_official_train_development
swin_tiny__bge_small_en__baseline,swin_tiny,bge_small_en,baseline,cifar100_zeroshot,top5_accuracy,0.400299996137619,2,/mnt/fast/nobackup/scratch4weeks/pp01184/alignment_vlm/checkpoints/swin_tiny_bge_small_en_baseline/best.pt,full,development,cifar100_official_train_development
swin_tiny__bge_small_en__baseline,swin_tiny,bge_small_en,baseline,cifar100_zeroshot,macro_f1,0.1754218362383537,2,/mnt/fast/nobackup/scratch4weeks/pp01184/alignment_vlm/checkpoints/swin_tiny_bge_small_en_baseline/best.pt,full,development,cifar100_official_train_development
swin_tiny__bge_small_en__baseline,swin_tiny,bge_small_en,baseline,cifar100_zeroshot,balanced_accuracy,0.1978,2,/mnt/fast/nobackup/scratch4weeks/pp01184/alignment_vlm/checkpoints/swin_tiny_bge_small_en_baseline/best.pt,full,development,cifar100_official_train_development
swin_tiny__bge_small_en__baseline,swin_tiny,bge_small_en,baseline,cifar100_zeroshot,mean_confidence,0.2931009232997894,2,/mnt/fast/nobackup/scratch4weeks/pp01184/alignment_vlm/checkpoints/swin_tiny_bge_small_en_baseline/best.pt,full,development,cifar100_official_train_development
swin_tiny__bge_small_en__baseline,swin_tiny,bge_small_en,baseline,cifar100_zeroshot,classification_margin,-0.0761904269456863,2,/mnt/fast/nobackup/scratch4weeks/pp01184/alignment_vlm/checkpoints/swin_tiny_bge_small_en_baseline/best.pt,full,development,cifar100_official_train_development
swin_tiny__bge_small_en__baseline,swin_tiny,bge_small_en,baseline,cifar100_zeroshot,top1_margin,0.1737348139286041,2,/mnt/fast/nobackup/scratch4weeks/pp01184/alignment_vlm/checkpoints/swin_tiny_bge_small_en_baseline/best.pt,full,development,cifar100_official_train_development
swin_tiny__bge_small_en__baseline,swin_tiny,bge_small_en,baseline,pets_zeroshot,top1_accuracy,0.0625,2,/mnt/fast/nobackup/scratch4weeks/pp01184/alignment_vlm/checkpoints/swin_tiny_bge_small_en_baseline/best.pt,full,development,oxford_iiit_pet_trainval_development
swin_tiny__bge_small_en__baseline,swin_tiny,bge_small_en,baseline,pets_zeroshot,top5_accuracy,0.1847826093435287,2,/mnt/fast/nobackup/scratch4weeks/pp01184/alignment_vlm/checkpoints/swin_tiny_bge_small_en_baseline/best.pt,full,development,oxford_iiit_pet_trainval_development
swin_tiny__bge_small_en__baseline,swin_tiny,bge_small_en,baseline,pets_zeroshot,macro_f1,0.0234022735996725,2,/mnt/fast/nobackup/scratch4weeks/pp01184/alignment_vlm/checkpoints/swin_tiny_bge_small_en_baseline/best.pt,full,development,oxford_iiit_pet_trainval_development
swin_tiny__bge_small_en__baseline,swin_tiny,bge_small_en,baseline,pets_zeroshot,balanced_accuracy,0.0621621621621621,2,/mnt/fast/nobackup/scratch4weeks/pp01184/alignment_vlm/checkpoints/swin_tiny_bge_small_en_baseline/best.pt,full,development,oxford_iiit_pet_trainval_development
swin_tiny__bge_small_en__baseline,swin_tiny,bge_small_en,baseline,pets_zeroshot,mean_confidence,0.2322961986064911,2,/mnt/fast/nobackup/scratch4weeks/pp01184/alignment_vlm/checkpoints/swin_tiny_bge_small_en_baseline/best.pt,full,development,oxford_iiit_pet_trainval_development
swin_tiny__bge_small_en__baseline,swin_tiny,bge_small_en,baseline,pets_zeroshot,classification_margin,-0.1772746592760086,2,/mnt/fast/nobackup/scratch4weeks/pp01184/alignment_vlm/checkpoints/swin_tiny_bge_small_en_baseline/best.pt,full,development,oxford_iiit_pet_trainval_development
swin_tiny__bge_small_en__baseline,swin_tiny,bge_small_en,baseline,pets_zeroshot,top1_margin,0.0870861560106277,2,/mnt/fast/nobackup/scratch4weeks/pp01184/alignment_vlm/checkpoints/swin_tiny_bge_small_en_baseline/best.pt,full,development,oxford_iiit_pet_trainval_development
swin_tiny__bge_small_en__baseline,swin_tiny,bge_small_en,baseline,eurosat_zeroshot,top1_accuracy,0.1797530800104141,2,/mnt/fast/nobackup/scratch4weeks/pp01184/alignment_vlm/checkpoints/swin_tiny_bge_small_en_baseline/best.pt,full,development,eurosat_deterministic_stratified_development
swin_tiny__bge_small_en__baseline,swin_tiny,bge_small_en,baseline,eurosat_zeroshot,top5_accuracy,0.6716049313545227,2,/mnt/fast/nobackup/scratch4weeks/pp01184/alignment_vlm/checkpoints/swin_tiny_bge_small_en_baseline/best.pt,full,development,eurosat_deterministic_stratified_development
swin_tiny__bge_small_en__baseline,swin_tiny,bge_small_en,baseline,eurosat_zeroshot,macro_f1,0.1555564308706437,2,/mnt/fast/nobackup/scratch4weeks/pp01184/alignment_vlm/checkpoints/swin_tiny_bge_small_en_baseline/best.pt,full,development,eurosat_deterministic_stratified_development
swin_tiny__bge_small_en__baseline,swin_tiny,bge_small_en,baseline,eurosat_zeroshot,balanced_accuracy,0.1779777777777777,2,/mnt/fast/nobackup/scratch4weeks/pp01184/alignment_vlm/checkpoints/swin_tiny_bge_small_en_baseline/best.pt,full,development,eurosat_deterministic_stratified_development
swin_tiny__bge_small_en__baseline,swin_tiny,bge_small_en,baseline,eurosat_zeroshot,mean_confidence,0.5299417972564697,2,/mnt/fast/nobackup/scratch4weeks/pp01184/alignment_vlm/checkpoints/swin_tiny_bge_small_en_baseline/best.pt,full,development,eurosat_deterministic_stratified_development
swin_tiny__bge_small_en__baseline,swin_tiny,bge_small_en,baseline,eurosat_zeroshot,classification_margin,-0.288036048412323,2,/mnt/fast/nobackup/scratch4weeks/pp01184/alignment_vlm/checkpoints/swin_tiny_bge_small_en_baseline/best.pt,full,development,eurosat_deterministic_stratified_development
swin_tiny__bge_small_en__baseline,swin_tiny,bge_small_en,baseline,eurosat_zeroshot,top1_margin,0.3227224051952362,2,/mnt/fast/nobackup/scratch4weeks/pp01184/alignment_vlm/checkpoints/swin_tiny_bge_small_en_baseline/best.pt,full,development,eurosat_deterministic_stratified_development
swin_tiny__distilbert__baseline,swin_tiny,distilbert,baseline,cifar100_zeroshot,top1_accuracy,0.1668999940156936,1,/mnt/fast/nobackup/scratch4weeks/pp01184/alignment_vlm/checkpoints/swin_tiny_distilbert_baseline/best.pt,full,development,cifar100_official_train_development
swin_tiny__distilbert__baseline,swin_tiny,distilbert,baseline,cifar100_zeroshot,top5_accuracy,0.3944999873638153,1,/mnt/fast/nobackup/scratch4weeks/pp01184/alignment_vlm/checkpoints/swin_tiny_distilbert_baseline/best.pt,full,development,cifar100_official_train_development
swin_tiny__distilbert__baseline,swin_tiny,distilbert,baseline,cifar100_zeroshot,macro_f1,0.1594310132023494,1,/mnt/fast/nobackup/scratch4weeks/pp01184/alignment_vlm/checkpoints/swin_tiny_distilbert_baseline/best.pt,full,development,cifar100_official_train_development
swin_tiny__distilbert__baseline,swin_tiny,distilbert,baseline,cifar100_zeroshot,balanced_accuracy,0.1669,1,/mnt/fast/nobackup/scratch4weeks/pp01184/alignment_vlm/checkpoints/swin_tiny_distilbert_baseline/best.pt,full,development,cifar100_official_train_development
swin_tiny__distilbert__baseline,swin_tiny,distilbert,baseline,cifar100_zeroshot,mean_confidence,0.2487910687923431,1,/mnt/fast/nobackup/scratch4weeks/pp01184/alignment_vlm/checkpoints/swin_tiny_distilbert_baseline/best.pt,full,development,cifar100_official_train_development
swin_tiny__distilbert__baseline,swin_tiny,distilbert,baseline,cifar100_zeroshot,classification_margin,-0.094719760119915,1,/mnt/fast/nobackup/scratch4weeks/pp01184/alignment_vlm/checkpoints/swin_tiny_distilbert_baseline/best.pt,full,development,cifar100_official_train_development
swin_tiny__distilbert__baseline,swin_tiny,distilbert,baseline,cifar100_zeroshot,top1_margin,0.1346650868654251,1,/mnt/fast/nobackup/scratch4weeks/pp01184/alignment_vlm/checkpoints/swin_tiny_distilbert_baseline/best.pt,full,development,cifar100_official_train_development
swin_tiny__distilbert__baseline,swin_tiny,distilbert,baseline,pets_zeroshot,top1_accuracy,0.0407608710229396,1,/mnt/fast/nobackup/scratch4weeks/pp01184/alignment_vlm/checkpoints/swin_tiny_distilbert_baseline/best.pt,full,development,oxford_iiit_pet_trainval_development
swin_tiny__distilbert__baseline,swin_tiny,distilbert,baseline,pets_zeroshot,top5_accuracy,0.1684782654047012,1,/mnt/fast/nobackup/scratch4weeks/pp01184/alignment_vlm/checkpoints/swin_tiny_distilbert_baseline/best.pt,full,development,oxford_iiit_pet_trainval_development
swin_tiny__distilbert__baseline,swin_tiny,distilbert,baseline,pets_zeroshot,macro_f1,0.0228761602101793,1,/mnt/fast/nobackup/scratch4weeks/pp01184/alignment_vlm/checkpoints/swin_tiny_distilbert_baseline/best.pt,full,development,oxford_iiit_pet_trainval_development
swin_tiny__distilbert__baseline,swin_tiny,distilbert,baseline,pets_zeroshot,balanced_accuracy,0.0405405405405405,1,/mnt/fast/nobackup/scratch4weeks/pp01184/alignment_vlm/checkpoints/swin_tiny_distilbert_baseline/best.pt,full,development,oxford_iiit_pet_trainval_development
swin_tiny__distilbert__baseline,swin_tiny,distilbert,baseline,pets_zeroshot,mean_confidence,0.2121796011924743,1,/mnt/fast/nobackup/scratch4weeks/pp01184/alignment_vlm/checkpoints/swin_tiny_distilbert_baseline/best.pt,full,development,oxford_iiit_pet_trainval_development
swin_tiny__distilbert__baseline,swin_tiny,distilbert,baseline,pets_zeroshot,classification_margin,-0.1685938388109207,1,/mnt/fast/nobackup/scratch4weeks/pp01184/alignment_vlm/checkpoints/swin_tiny_distilbert_baseline/best.pt,full,development,oxford_iiit_pet_trainval_development
swin_tiny__distilbert__baseline,swin_tiny,distilbert,baseline,pets_zeroshot,top1_margin,0.0701746493577957,1,/mnt/fast/nobackup/scratch4weeks/pp01184/alignment_vlm/checkpoints/swin_tiny_distilbert_baseline/best.pt,full,development,oxford_iiit_pet_trainval_development
swin_tiny__distilbert__baseline,swin_tiny,distilbert,baseline,eurosat_zeroshot,top1_accuracy,0.1246913596987724,1,/mnt/fast/nobackup/scratch4weeks/pp01184/alignment_vlm/checkpoints/swin_tiny_distilbert_baseline/best.pt,full,development,eurosat_deterministic_stratified_development
swin_tiny__distilbert__baseline,swin_tiny,distilbert,baseline,eurosat_zeroshot,top5_accuracy,0.6064197421073914,1,/mnt/fast/nobackup/scratch4weeks/pp01184/alignment_vlm/checkpoints/swin_tiny_distilbert_baseline/best.pt,full,development,eurosat_deterministic_stratified_development
swin_tiny__distilbert__baseline,swin_tiny,distilbert,baseline,eurosat_zeroshot,macro_f1,0.1084864274681195,1,/mnt/fast/nobackup/scratch4weeks/pp01184/alignment_vlm/checkpoints/swin_tiny_distilbert_baseline/best.pt,full,development,eurosat_deterministic_stratified_development
swin_tiny__distilbert__baseline,swin_tiny,distilbert,baseline,eurosat_zeroshot,balanced_accuracy,0.1234,1,/mnt/fast/nobackup/scratch4weeks/pp01184/alignment_vlm/checkpoints/swin_tiny_distilbert_baseline/best.pt,full,development,eurosat_deterministic_stratified_development
swin_tiny__distilbert__baseline,swin_tiny,distilbert,baseline,eurosat_zeroshot,mean_confidence,0.4415380358695984,1,/mnt/fast/nobackup/scratch4weeks/pp01184/alignment_vlm/checkpoints/swin_tiny_distilbert_baseline/best.pt,full,development,eurosat_deterministic_stratified_development
swin_tiny__distilbert__baseline,swin_tiny,distilbert,baseline,eurosat_zeroshot,classification_margin,-0.2847008109092712,1,/mnt/fast/nobackup/scratch4weeks/pp01184/alignment_vlm/checkpoints/swin_tiny_distilbert_baseline/best.pt,full,development,eurosat_deterministic_stratified_development
swin_tiny__distilbert__baseline,swin_tiny,distilbert,baseline,eurosat_zeroshot,top1_margin,0.2224438488483429,1,/mnt/fast/nobackup/scratch4weeks/pp01184/alignment_vlm/checkpoints/swin_tiny_distilbert_baseline/best.pt,full,development,eurosat_deterministic_stratified_development
swin_tiny__e5_small_v2__baseline,swin_tiny,e5_small_v2,baseline,cifar100_zeroshot,top1_accuracy,0.1903000026941299,1,/mnt/fast/nobackup/scratch4weeks/pp01184/alignment_vlm/checkpoints/swin_tiny_e5_small_v2_baseline/best.pt,full,development,cifar100_official_train_development
swin_tiny__e5_small_v2__baseline,swin_tiny,e5_small_v2,baseline,cifar100_zeroshot,top5_accuracy,0.3962999880313873,1,/mnt/fast/nobackup/scratch4weeks/pp01184/alignment_vlm/checkpoints/swin_tiny_e5_small_v2_baseline/best.pt,full,development,cifar100_official_train_development
swin_tiny__e5_small_v2__baseline,swin_tiny,e5_small_v2,baseline,cifar100_zeroshot,macro_f1,0.1753445546985649,1,/mnt/fast/nobackup/scratch4weeks/pp01184/alignment_vlm/checkpoints/swin_tiny_e5_small_v2_baseline/best.pt,full,development,cifar100_official_train_development
swin_tiny__e5_small_v2__baseline,swin_tiny,e5_small_v2,baseline,cifar100_zeroshot,balanced_accuracy,0.1903,1,/mnt/fast/nobackup/scratch4weeks/pp01184/alignment_vlm/checkpoints/swin_tiny_e5_small_v2_baseline/best.pt,full,development,cifar100_official_train_development
swin_tiny__e5_small_v2__baseline,swin_tiny,e5_small_v2,baseline,cifar100_zeroshot,mean_confidence,0.2655625939369201,1,/mnt/fast/nobackup/scratch4weeks/pp01184/alignment_vlm/checkpoints/swin_tiny_e5_small_v2_baseline/best.pt,full,development,cifar100_official_train_development
swin_tiny__e5_small_v2__baseline,swin_tiny,e5_small_v2,baseline,cifar100_zeroshot,classification_margin,-0.0766256526112556,1,/mnt/fast/nobackup/scratch4weeks/pp01184/alignment_vlm/checkpoints/swin_tiny_e5_small_v2_baseline/best.pt,full,development,cifar100_official_train_development
swin_tiny__e5_small_v2__baseline,swin_tiny,e5_small_v2,baseline,cifar100_zeroshot,top1_margin,0.1537573933601379,1,/mnt/fast/nobackup/scratch4weeks/pp01184/alignment_vlm/checkpoints/swin_tiny_e5_small_v2_baseline/best.pt,full,development,cifar100_official_train_development
swin_tiny__e5_small_v2__baseline,swin_tiny,e5_small_v2,baseline,pets_zeroshot,top1_accuracy,0.0557065233588218,1,/mnt/fast/nobackup/scratch4weeks/pp01184/alignment_vlm/checkpoints/swin_tiny_e5_small_v2_baseline/best.pt,full,development,oxford_iiit_pet_trainval_development
swin_tiny__e5_small_v2__baseline,swin_tiny,e5_small_v2,baseline,pets_zeroshot,top5_accuracy,0.1942934840917587,1,/mnt/fast/nobackup/scratch4weeks/pp01184/alignment_vlm/checkpoints/swin_tiny_e5_small_v2_baseline/best.pt,full,development,oxford_iiit_pet_trainval_development
swin_tiny__e5_small_v2__baseline,swin_tiny,e5_small_v2,baseline,pets_zeroshot,macro_f1,0.0258391470481692,1,/mnt/fast/nobackup/scratch4weeks/pp01184/alignment_vlm/checkpoints/swin_tiny_e5_small_v2_baseline/best.pt,full,development,oxford_iiit_pet_trainval_development
swin_tiny__e5_small_v2__baseline,swin_tiny,e5_small_v2,baseline,pets_zeroshot,balanced_accuracy,0.0554054054054054,1,/mnt/fast/nobackup/scratch4weeks/pp01184/alignment_vlm/checkpoints/swin_tiny_e5_small_v2_baseline/best.pt,full,development,oxford_iiit_pet_trainval_development
swin_tiny__e5_small_v2__baseline,swin_tiny,e5_small_v2,baseline,pets_zeroshot,mean_confidence,0.1991801410913467,1,/mnt/fast/nobackup/scratch4weeks/pp01184/alignment_vlm/checkpoints/swin_tiny_e5_small_v2_baseline/best.pt,full,development,oxford_iiit_pet_trainval_development
swin_tiny__e5_small_v2__baseline,swin_tiny,e5_small_v2,baseline,pets_zeroshot,classification_margin,-0.157852366566658,1,/mnt/fast/nobackup/scratch4weeks/pp01184/alignment_vlm/checkpoints/swin_tiny_e5_small_v2_baseline/best.pt,full,development,oxford_iiit_pet_trainval_development
swin_tiny__e5_small_v2__baseline,swin_tiny,e5_small_v2,baseline,pets_zeroshot,top1_margin,0.067203365266323,1,/mnt/fast/nobackup/scratch4weeks/pp01184/alignment_vlm/checkpoints/swin_tiny_e5_small_v2_baseline/best.pt,full,development,oxford_iiit_pet_trainval_development
swin_tiny__e5_small_v2__baseline,swin_tiny,e5_small_v2,baseline,eurosat_zeroshot,top1_accuracy,0.1943209916353225,1,/mnt/fast/nobackup/scratch4weeks/pp01184/alignment_vlm/checkpoints/swin_tiny_e5_small_v2_baseline/best.pt,full,development,eurosat_deterministic_stratified_development
swin_tiny__e5_small_v2__baseline,swin_tiny,e5_small_v2,baseline,eurosat_zeroshot,top5_accuracy,0.6172839403152466,1,/mnt/fast/nobackup/scratch4weeks/pp01184/alignment_vlm/checkpoints/swin_tiny_e5_small_v2_baseline/best.pt,full,development,eurosat_deterministic_stratified_development
swin_tiny__e5_small_v2__baseline,swin_tiny,e5_small_v2,baseline,eurosat_zeroshot,macro_f1,0.1407870187165427,1,/mnt/fast/nobackup/scratch4weeks/pp01184/alignment_vlm/checkpoints/swin_tiny_e5_small_v2_baseline/best.pt,full,development,eurosat_deterministic_stratified_development
swin_tiny__e5_small_v2__baseline,swin_tiny,e5_small_v2,baseline,eurosat_zeroshot,balanced_accuracy,0.195,1,/mnt/fast/nobackup/scratch4weeks/pp01184/alignment_vlm/checkpoints/swin_tiny_e5_small_v2_baseline/best.pt,full,development,eurosat_deterministic_stratified_development
swin_tiny__e5_small_v2__baseline,swin_tiny,e5_small_v2,baseline,eurosat_zeroshot,mean_confidence,0.58627849817276,1,/mnt/fast/nobackup/scratch4weeks/pp01184/alignment_vlm/checkpoints/swin_tiny_e5_small_v2_baseline/best.pt,full,development,eurosat_deterministic_stratified_development
swin_tiny__e5_small_v2__baseline,swin_tiny,e5_small_v2,baseline,eurosat_zeroshot,classification_margin,-0.3292093276977539,1,/mnt/fast/nobackup/scratch4weeks/pp01184/alignment_vlm/checkpoints/swin_tiny_e5_small_v2_baseline/best.pt,full,development,eurosat_deterministic_stratified_development
swin_tiny__e5_small_v2__baseline,swin_tiny,e5_small_v2,baseline,eurosat_zeroshot,top1_margin,0.3952851295471191,1,/mnt/fast/nobackup/scratch4weeks/pp01184/alignment_vlm/checkpoints/swin_tiny_e5_small_v2_baseline/best.pt,full,development,eurosat_deterministic_stratified_development
