direction,candidate_depth,metric,value,task,method,split_role,method_family,ablation_id,config_id,vision_encoder,text_encoder,variant,best_epoch,checkpoint,mode,dataset_split,reliability_status,comparison_note
i2t,16.0,recall_at_1,0.1041999980807304,coco_retrieval,convnext_tiny__all_minilm_l6_v2__baseline,development,cross_attention_bridge,,,,,,,,,,,
i2t,16.0,recall_at_5,0.3653999865055084,coco_retrieval,convnext_tiny__all_minilm_l6_v2__baseline,development,cross_attention_bridge,,,,,,,,,,,
i2t,16.0,recall_at_10,0.5555999875068665,coco_retrieval,convnext_tiny__all_minilm_l6_v2__baseline,development,cross_attention_bridge,,,,,,,,,,,
i2t,16.0,candidate_coverage,0.6668000221252441,coco_retrieval,convnext_tiny__all_minilm_l6_v2__baseline,development,cross_attention_bridge,,,,,,,,,,,
i2t,16.0,mean_rank,9.529999732971191,coco_retrieval,convnext_tiny__all_minilm_l6_v2__baseline,development,cross_attention_bridge,,,,,,,,,,,
i2t,16.0,median_rank,9.0,coco_retrieval,convnext_tiny__all_minilm_l6_v2__baseline,development,cross_attention_bridge,,,,,,,,,,,
i2t,16.0,reranking_latency_ms,1.5186553398147224,coco_retrieval,convnext_tiny__all_minilm_l6_v2__baseline,development,cross_attention_bridge,,,,,,,,,,,
i2t,16.0,pair_count,80000.0,coco_retrieval,convnext_tiny__all_minilm_l6_v2__baseline,development,cross_attention_bridge,,,,,,,,,,,
i2t,32.0,recall_at_1,0.0754000023007392,coco_retrieval,convnext_tiny__all_minilm_l6_v2__baseline,development,cross_attention_bridge,,,,,,,,,,,
i2t,32.0,recall_at_5,0.294400006532669,coco_retrieval,convnext_tiny__all_minilm_l6_v2__baseline,development,cross_attention_bridge,,,,,,,,,,,
i2t,32.0,recall_at_10,0.4751999974250793,coco_retrieval,convnext_tiny__all_minilm_l6_v2__baseline,development,cross_attention_bridge,,,,,,,,,,,
i2t,32.0,candidate_coverage,0.7975999712944031,coco_retrieval,convnext_tiny__all_minilm_l6_v2__baseline,development,cross_attention_bridge,,,,,,,,,,,
i2t,32.0,mean_rank,14.8858003616333,coco_retrieval,convnext_tiny__all_minilm_l6_v2__baseline,development,cross_attention_bridge,,,,,,,,,,,
i2t,32.0,median_rank,11.0,coco_retrieval,convnext_tiny__all_minilm_l6_v2__baseline,development,cross_attention_bridge,,,,,,,,,,,
i2t,32.0,reranking_latency_ms,1.5186553398147224,coco_retrieval,convnext_tiny__all_minilm_l6_v2__baseline,development,cross_attention_bridge,,,,,,,,,,,
i2t,32.0,pair_count,160000.0,coco_retrieval,convnext_tiny__all_minilm_l6_v2__baseline,development,cross_attention_bridge,,,,,,,,,,,
i2t,64.0,recall_at_1,0.0546000003814697,coco_retrieval,convnext_tiny__all_minilm_l6_v2__baseline,development,cross_attention_bridge,,,,,,,,,,,
i2t,64.0,recall_at_5,0.2111999988555908,coco_retrieval,convnext_tiny__all_minilm_l6_v2__baseline,development,cross_attention_bridge,,,,,,,,,,,
i2t,64.0,recall_at_10,0.3600000143051147,coco_retrieval,convnext_tiny__all_minilm_l6_v2__baseline,development,cross_attention_bridge,,,,,,,,,,,
i2t,64.0,candidate_coverage,0.9047999978065492,coco_retrieval,convnext_tiny__all_minilm_l6_v2__baseline,development,cross_attention_bridge,,,,,,,,,,,
i2t,64.0,mean_rank,22.823999404907227,coco_retrieval,convnext_tiny__all_minilm_l6_v2__baseline,development,cross_attention_bridge,,,,,,,,,,,
i2t,64.0,median_rank,16.0,coco_retrieval,convnext_tiny__all_minilm_l6_v2__baseline,development,cross_attention_bridge,,,,,,,,,,,
i2t,64.0,reranking_latency_ms,1.5186553398147224,coco_retrieval,convnext_tiny__all_minilm_l6_v2__baseline,development,cross_attention_bridge,,,,,,,,,,,
i2t,64.0,pair_count,320000.0,coco_retrieval,convnext_tiny__all_minilm_l6_v2__baseline,development,cross_attention_bridge,,,,,,,,,,,
i2t,128.0,recall_at_1,0.0302000008523464,coco_retrieval,convnext_tiny__all_minilm_l6_v2__baseline,development,cross_attention_bridge,,,,,,,,,,,
i2t,128.0,recall_at_5,0.1307999938726425,coco_retrieval,convnext_tiny__all_minilm_l6_v2__baseline,development,cross_attention_bridge,,,,,,,,,,,
i2t,128.0,recall_at_10,0.2300000041723251,coco_retrieval,convnext_tiny__all_minilm_l6_v2__baseline,development,cross_attention_bridge,,,,,,,,,,,
i2t,128.0,candidate_coverage,0.9657999873161316,coco_retrieval,convnext_tiny__all_minilm_l6_v2__baseline,development,cross_attention_bridge,,,,,,,,,,,
i2t,128.0,mean_rank,37.59180068969727,coco_retrieval,convnext_tiny__all_minilm_l6_v2__baseline,development,cross_attention_bridge,,,,,,,,,,,
i2t,128.0,median_rank,28.0,coco_retrieval,convnext_tiny__all_minilm_l6_v2__baseline,development,cross_attention_bridge,,,,,,,,,,,
i2t,128.0,reranking_latency_ms,1.5186553398147224,coco_retrieval,convnext_tiny__all_minilm_l6_v2__baseline,development,cross_attention_bridge,,,,,,,,,,,
i2t,128.0,pair_count,640000.0,coco_retrieval,convnext_tiny__all_minilm_l6_v2__baseline,development,cross_attention_bridge,,,,,,,,,,,
t2i,16.0,recall_at_1,0.0442951954901218,coco_retrieval,convnext_tiny__all_minilm_l6_v2__baseline,development,cross_attention_bridge,,,,,,,,,,,
t2i,16.0,recall_at_5,0.2043655514717102,coco_retrieval,convnext_tiny__all_minilm_l6_v2__baseline,development,cross_attention_bridge,,,,,,,,,,,
t2i,16.0,recall_at_10,0.4072519242763519,coco_retrieval,convnext_tiny__all_minilm_l6_v2__baseline,development,cross_attention_bridge,,,,,,,,,,,
t2i,16.0,candidate_coverage,0.6384824514389038,coco_retrieval,convnext_tiny__all_minilm_l6_v2__baseline,development,cross_attention_bridge,,,,,,,,,,,
t2i,16.0,mean_rank,11.491165161132812,coco_retrieval,convnext_tiny__all_minilm_l6_v2__baseline,development,cross_attention_bridge,,,,,,,,,,,
t2i,16.0,median_rank,13.0,coco_retrieval,convnext_tiny__all_minilm_l6_v2__baseline,development,cross_attention_bridge,,,,,,,,,,,
t2i,16.0,reranking_latency_ms,1.900081720539441,coco_retrieval,convnext_tiny__all_minilm_l6_v2__baseline,development,cross_attention_bridge,,,,,,,,,,,
t2i,16.0,pair_count,400224.0,coco_retrieval,convnext_tiny__all_minilm_l6_v2__baseline,development,cross_attention_bridge,,,,,,,,,,,
t2i,32.0,recall_at_1,0.0248260982334613,coco_retrieval,convnext_tiny__all_minilm_l6_v2__baseline,development,cross_attention_bridge,,,,,,,,,,,
t2i,32.0,recall_at_5,0.1222115606069564,coco_retrieval,convnext_tiny__all_minilm_l6_v2__baseline,development,cross_attention_bridge,,,,,,,,,,,
t2i,32.0,recall_at_10,0.2409850507974624,coco_retrieval,convnext_tiny__all_minilm_l6_v2__baseline,development,cross_attention_bridge,,,,,,,,,,,
t2i,32.0,candidate_coverage,0.7841209173202515,coco_retrieval,convnext_tiny__all_minilm_l6_v2__baseline,development,cross_attention_bridge,,,,,,,,,,,
t2i,32.0,mean_rank,20.12600898742676,coco_retrieval,convnext_tiny__all_minilm_l6_v2__baseline,development,cross_attention_bridge,,,,,,,,,,,
t2i,32.0,median_rank,21.0,coco_retrieval,convnext_tiny__all_minilm_l6_v2__baseline,development,cross_attention_bridge,,,,,,,,,,,
t2i,32.0,reranking_latency_ms,1.900081720539441,coco_retrieval,convnext_tiny__all_minilm_l6_v2__baseline,development,cross_attention_bridge,,,,,,,,,,,
t2i,32.0,pair_count,800448.0,coco_retrieval,convnext_tiny__all_minilm_l6_v2__baseline,development,cross_attention_bridge,,,,,,,,,,,
t2i,64.0,recall_at_1,0.0121132163330912,coco_retrieval,convnext_tiny__all_minilm_l6_v2__baseline,development,cross_attention_bridge,,,,,,,,,,,
t2i,64.0,recall_at_5,0.0616454780101776,coco_retrieval,convnext_tiny__all_minilm_l6_v2__baseline,development,cross_attention_bridge,,,,,,,,,,,
t2i,64.0,recall_at_10,0.1252098828554153,coco_retrieval,convnext_tiny__all_minilm_l6_v2__baseline,development,cross_attention_bridge,,,,,,,,,,,
t2i,64.0,candidate_coverage,0.902414619922638,coco_retrieval,convnext_tiny__all_minilm_l6_v2__baseline,development,cross_attention_bridge,,,,,,,,,,,
t2i,64.0,mean_rank,36.86455535888672,coco_retrieval,convnext_tiny__all_minilm_l6_v2__baseline,development,cross_attention_bridge,,,,,,,,,,,
t2i,64.0,median_rank,38.0,coco_retrieval,convnext_tiny__all_minilm_l6_v2__baseline,development,cross_attention_bridge,,,,,,,,,,,
t2i,64.0,reranking_latency_ms,1.900081720539441,coco_retrieval,convnext_tiny__all_minilm_l6_v2__baseline,development,cross_attention_bridge,,,,,,,,,,,
t2i,64.0,pair_count,1600896.0,coco_retrieval,convnext_tiny__all_minilm_l6_v2__baseline,development,cross_attention_bridge,,,,,,,,,,,
t2i,128.0,recall_at_1,0.0042376271449029,coco_retrieval,convnext_tiny__all_minilm_l6_v2__baseline,development,cross_attention_bridge,,,,,,,,,,,
t2i,128.0,recall_at_5,0.0241864547133445,coco_retrieval,convnext_tiny__all_minilm_l6_v2__baseline,development,cross_attention_bridge,,,,,,,,,,,
t2i,128.0,recall_at_10,0.0514511875808239,coco_retrieval,convnext_tiny__all_minilm_l6_v2__baseline,development,cross_attention_bridge,,,,,,,,,,,
t2i,128.0,candidate_coverage,0.9647797346115112,coco_retrieval,convnext_tiny__all_minilm_l6_v2__baseline,development,cross_attention_bridge,,,,,,,,,,,
t2i,128.0,mean_rank,72.07975769042969,coco_retrieval,convnext_tiny__all_minilm_l6_v2__baseline,development,cross_attention_bridge,,,,,,,,,,,
t2i,128.0,median_rank,74.0,coco_retrieval,convnext_tiny__all_minilm_l6_v2__baseline,development,cross_attention_bridge,,,,,,,,,,,
t2i,128.0,reranking_latency_ms,1.900081720539441,coco_retrieval,convnext_tiny__all_minilm_l6_v2__baseline,development,cross_attention_bridge,,,,,,,,,,,
t2i,128.0,pair_count,3201792.0,coco_retrieval,convnext_tiny__all_minilm_l6_v2__baseline,development,cross_attention_bridge,,,,,,,,,,,
,16.0,candidate_coverage,0.7091000080108643,cifar100_zeroshot,convnext_tiny__all_minilm_l6_v2__baseline,development,cross_attention_bridge,,,,,,,,,,,
,16.0,top1,0.4052000045776367,cifar100_zeroshot,convnext_tiny__all_minilm_l6_v2__baseline,development,cross_attention_bridge,,,,,,,,,,,
,16.0,top5,0.654699981212616,cifar100_zeroshot,convnext_tiny__all_minilm_l6_v2__baseline,development,cross_attention_bridge,,,,,,,,,,,
,16.0,additional_latency_ms,1.1837094186805188,cifar100_zeroshot,convnext_tiny__all_minilm_l6_v2__baseline,development,cross_attention_bridge,,,,,,,,,,,
,16.0,candidate_count,16.0,cifar100_zeroshot,convnext_tiny__all_minilm_l6_v2__baseline,development,cross_attention_bridge,,,,,,,,,,,
,32.0,candidate_coverage,0.8443999886512756,cifar100_zeroshot,convnext_tiny__all_minilm_l6_v2__baseline,development,cross_attention_bridge,,,,,,,,,,,
,32.0,top1,0.3481000065803528,cifar100_zeroshot,convnext_tiny__all_minilm_l6_v2__baseline,development,cross_attention_bridge,,,,,,,,,,,
,32.0,top5,0.6726999878883362,cifar100_zeroshot,convnext_tiny__all_minilm_l6_v2__baseline,development,cross_attention_bridge,,,,,,,,,,,
,32.0,additional_latency_ms,1.1837094186805188,cifar100_zeroshot,convnext_tiny__all_minilm_l6_v2__baseline,development,cross_attention_bridge,,,,,,,,,,,
,32.0,candidate_count,32.0,cifar100_zeroshot,convnext_tiny__all_minilm_l6_v2__baseline,development,cross_attention_bridge,,,,,,,,,,,
,64.0,candidate_coverage,0.9649999737739564,cifar100_zeroshot,convnext_tiny__all_minilm_l6_v2__baseline,development,cross_attention_bridge,,,,,,,,,,,
,64.0,top1,0.2565000057220459,cifar100_zeroshot,convnext_tiny__all_minilm_l6_v2__baseline,development,cross_attention_bridge,,,,,,,,,,,
,64.0,top5,0.5885999798774719,cifar100_zeroshot,convnext_tiny__all_minilm_l6_v2__baseline,development,cross_attention_bridge,,,,,,,,,,,
,64.0,additional_latency_ms,1.1837094186805188,cifar100_zeroshot,convnext_tiny__all_minilm_l6_v2__baseline,development,cross_attention_bridge,,,,,,,,,,,
,64.0,candidate_count,64.0,cifar100_zeroshot,convnext_tiny__all_minilm_l6_v2__baseline,development,cross_attention_bridge,,,,,,,,,,,
,128.0,candidate_coverage,1.0,cifar100_zeroshot,convnext_tiny__all_minilm_l6_v2__baseline,development,cross_attention_bridge,,,,,,,,,,,
,128.0,top1,0.1932999938726425,cifar100_zeroshot,convnext_tiny__all_minilm_l6_v2__baseline,development,cross_attention_bridge,,,,,,,,,,,
,128.0,top5,0.4841000139713287,cifar100_zeroshot,convnext_tiny__all_minilm_l6_v2__baseline,development,cross_attention_bridge,,,,,,,,,,,
,128.0,additional_latency_ms,1.1837094186805188,cifar100_zeroshot,convnext_tiny__all_minilm_l6_v2__baseline,development,cross_attention_bridge,,,,,,,,,,,
,128.0,candidate_count,100.0,cifar100_zeroshot,convnext_tiny__all_minilm_l6_v2__baseline,development,cross_attention_bridge,,,,,,,,,,,
,16.0,candidate_coverage,0.5652173757553101,pets_zeroshot,convnext_tiny__all_minilm_l6_v2__baseline,development,cross_attention_bridge,,,,,,,,,,,
,16.0,top1,0.2880434691905975,pets_zeroshot,convnext_tiny__all_minilm_l6_v2__baseline,development,cross_attention_bridge,,,,,,,,,,,
,16.0,top5,0.5448369383811951,pets_zeroshot,convnext_tiny__all_minilm_l6_v2__baseline,development,cross_attention_bridge,,,,,,,,,,,
,16.0,additional_latency_ms,0.5120947240831574,pets_zeroshot,convnext_tiny__all_minilm_l6_v2__baseline,development,cross_attention_bridge,,,,,,,,,,,
,16.0,candidate_count,16.0,pets_zeroshot,convnext_tiny__all_minilm_l6_v2__baseline,development,cross_attention_bridge,,,,,,,,,,,
,32.0,candidate_coverage,0.89673912525177,pets_zeroshot,convnext_tiny__all_minilm_l6_v2__baseline,development,cross_attention_bridge,,,,,,,,,,,
,32.0,top1,0.1684782654047012,pets_zeroshot,convnext_tiny__all_minilm_l6_v2__baseline,development,cross_attention_bridge,,,,,,,,,,,
,32.0,top5,0.5760869383811951,pets_zeroshot,convnext_tiny__all_minilm_l6_v2__baseline,development,cross_attention_bridge,,,,,,,,,,,
,32.0,additional_latency_ms,0.5120947240831574,pets_zeroshot,convnext_tiny__all_minilm_l6_v2__baseline,development,cross_attention_bridge,,,,,,,,,,,
,32.0,candidate_count,32.0,pets_zeroshot,convnext_tiny__all_minilm_l6_v2__baseline,development,cross_attention_bridge,,,,,,,,,,,
,64.0,candidate_coverage,1.0,pets_zeroshot,convnext_tiny__all_minilm_l6_v2__baseline,development,cross_attention_bridge,,,,,,,,,,,
,64.0,top1,0.1263587027788162,pets_zeroshot,convnext_tiny__all_minilm_l6_v2__baseline,development,cross_attention_bridge,,,,,,,,,,,
,64.0,top5,0.5665760636329651,pets_zeroshot,convnext_tiny__all_minilm_l6_v2__baseline,development,cross_attention_bridge,,,,,,,,,,,
,64.0,additional_latency_ms,0.5120947240831574,pets_zeroshot,convnext_tiny__all_minilm_l6_v2__baseline,development,cross_attention_bridge,,,,,,,,,,,
,64.0,candidate_count,37.0,pets_zeroshot,convnext_tiny__all_minilm_l6_v2__baseline,development,cross_attention_bridge,,,,,,,,,,,
,128.0,candidate_coverage,1.0,pets_zeroshot,convnext_tiny__all_minilm_l6_v2__baseline,development,cross_attention_bridge,,,,,,,,,,,
,128.0,top1,0.1263587027788162,pets_zeroshot,convnext_tiny__all_minilm_l6_v2__baseline,development,cross_attention_bridge,,,,,,,,,,,
,128.0,top5,0.5665760636329651,pets_zeroshot,convnext_tiny__all_minilm_l6_v2__baseline,development,cross_attention_bridge,,,,,,,,,,,
,128.0,additional_latency_ms,0.5120947240831574,pets_zeroshot,convnext_tiny__all_minilm_l6_v2__baseline,development,cross_attention_bridge,,,,,,,,,,,
,128.0,candidate_count,37.0,pets_zeroshot,convnext_tiny__all_minilm_l6_v2__baseline,development,cross_attention_bridge,,,,,,,,,,,
,16.0,candidate_coverage,1.0,eurosat_zeroshot,convnext_tiny__all_minilm_l6_v2__baseline,development,cross_attention_bridge,,,,,,,,,,,
,16.0,top1,0.8380246758460999,eurosat_zeroshot,convnext_tiny__all_minilm_l6_v2__baseline,development,cross_attention_bridge,,,,,,,,,,,
,16.0,top5,0.9953086376190186,eurosat_zeroshot,convnext_tiny__all_minilm_l6_v2__baseline,development,cross_attention_bridge,,,,,,,,,,,
,16.0,additional_latency_ms,0.3476297899068873,eurosat_zeroshot,convnext_tiny__all_minilm_l6_v2__baseline,development,cross_attention_bridge,,,,,,,,,,,
,16.0,candidate_count,10.0,eurosat_zeroshot,convnext_tiny__all_minilm_l6_v2__baseline,development,cross_attention_bridge,,,,,,,,,,,
,32.0,candidate_coverage,1.0,eurosat_zeroshot,convnext_tiny__all_minilm_l6_v2__baseline,development,cross_attention_bridge,,,,,,,,,,,
,32.0,top1,0.8380246758460999,eurosat_zeroshot,convnext_tiny__all_minilm_l6_v2__baseline,development,cross_attention_bridge,,,,,,,,,,,
,32.0,top5,0.9953086376190186,eurosat_zeroshot,convnext_tiny__all_minilm_l6_v2__baseline,development,cross_attention_bridge,,,,,,,,,,,
,32.0,additional_latency_ms,0.3476297899068873,eurosat_zeroshot,convnext_tiny__all_minilm_l6_v2__baseline,development,cross_attention_bridge,,,,,,,,,,,
,32.0,candidate_count,10.0,eurosat_zeroshot,convnext_tiny__all_minilm_l6_v2__baseline,development,cross_attention_bridge,,,,,,,,,,,
,64.0,candidate_coverage,1.0,eurosat_zeroshot,convnext_tiny__all_minilm_l6_v2__baseline,development,cross_attention_bridge,,,,,,,,,,,
,64.0,top1,0.8380246758460999,eurosat_zeroshot,convnext_tiny__all_minilm_l6_v2__baseline,development,cross_attention_bridge,,,,,,,,,,,
,64.0,top5,0.9953086376190186,eurosat_zeroshot,convnext_tiny__all_minilm_l6_v2__baseline,development,cross_attention_bridge,,,,,,,,,,,
,64.0,additional_latency_ms,0.3476297899068873,eurosat_zeroshot,convnext_tiny__all_minilm_l6_v2__baseline,development,cross_attention_bridge,,,,,,,,,,,
,64.0,candidate_count,10.0,eurosat_zeroshot,convnext_tiny__all_minilm_l6_v2__baseline,development,cross_attention_bridge,,,,,,,,,,,
,128.0,candidate_coverage,1.0,eurosat_zeroshot,convnext_tiny__all_minilm_l6_v2__baseline,development,cross_attention_bridge,,,,,,,,,,,
,128.0,top1,0.8380246758460999,eurosat_zeroshot,convnext_tiny__all_minilm_l6_v2__baseline,development,cross_attention_bridge,,,,,,,,,,,
,128.0,top5,0.9953086376190186,eurosat_zeroshot,convnext_tiny__all_minilm_l6_v2__baseline,development,cross_attention_bridge,,,,,,,,,,,
,128.0,additional_latency_ms,0.3476297899068873,eurosat_zeroshot,convnext_tiny__all_minilm_l6_v2__baseline,development,cross_attention_bridge,,,,,,,,,,,
,128.0,candidate_count,10.0,eurosat_zeroshot,convnext_tiny__all_minilm_l6_v2__baseline,development,cross_attention_bridge,,,,,,,,,,,
i2t,16.0,recall_at_1,0.1037999987602233,coco_retrieval,dinov2_vits14__all_minilm_l6_v2__baseline,development,cross_attention_bridge,,,,,,,,,,,
i2t,16.0,recall_at_5,0.3713999986648559,coco_retrieval,dinov2_vits14__all_minilm_l6_v2__baseline,development,cross_attention_bridge,,,,,,,,,,,
i2t,16.0,recall_at_10,0.5655999779701233,coco_retrieval,dinov2_vits14__all_minilm_l6_v2__baseline,development,cross_attention_bridge,,,,,,,,,,,
i2t,16.0,candidate_coverage,0.6863999962806702,coco_retrieval,dinov2_vits14__all_minilm_l6_v2__baseline,development,cross_attention_bridge,,,,,,,,,,,
i2t,16.0,mean_rank,9.42099952697754,coco_retrieval,dinov2_vits14__all_minilm_l6_v2__baseline,development,cross_attention_bridge,,,,,,,,,,,
i2t,16.0,median_rank,8.0,coco_retrieval,dinov2_vits14__all_minilm_l6_v2__baseline,development,cross_attention_bridge,,,,,,,,,,,
i2t,16.0,reranking_latency_ms,4.969777756929398,coco_retrieval,dinov2_vits14__all_minilm_l6_v2__baseline,development,cross_attention_bridge,,,,,,,,,,,
i2t,16.0,pair_count,80000.0,coco_retrieval,dinov2_vits14__all_minilm_l6_v2__baseline,development,cross_attention_bridge,,,,,,,,,,,
i2t,32.0,recall_at_1,0.0777999982237815,coco_retrieval,dinov2_vits14__all_minilm_l6_v2__baseline,development,cross_attention_bridge,,,,,,,,,,,
i2t,32.0,recall_at_5,0.290800005197525,coco_retrieval,dinov2_vits14__all_minilm_l6_v2__baseline,development,cross_attention_bridge,,,,,,,,,,,
i2t,32.0,recall_at_10,0.4726000130176544,coco_retrieval,dinov2_vits14__all_minilm_l6_v2__baseline,development,cross_attention_bridge,,,,,,,,,,,
i2t,32.0,candidate_coverage,0.8155999779701233,coco_retrieval,dinov2_vits14__all_minilm_l6_v2__baseline,development,cross_attention_bridge,,,,,,,,,,,
i2t,32.0,mean_rank,14.647600173950195,coco_retrieval,dinov2_vits14__all_minilm_l6_v2__baseline,development,cross_attention_bridge,,,,,,,,,,,
i2t,32.0,median_rank,11.0,coco_retrieval,dinov2_vits14__all_minilm_l6_v2__baseline,development,cross_attention_bridge,,,,,,,,,,,
i2t,32.0,reranking_latency_ms,4.969777756929398,coco_retrieval,dinov2_vits14__all_minilm_l6_v2__baseline,development,cross_attention_bridge,,,,,,,,,,,
i2t,32.0,pair_count,160000.0,coco_retrieval,dinov2_vits14__all_minilm_l6_v2__baseline,development,cross_attention_bridge,,,,,,,,,,,
i2t,64.0,recall_at_1,0.0452000014483928,coco_retrieval,dinov2_vits14__all_minilm_l6_v2__baseline,development,cross_attention_bridge,,,,,,,,,,,
i2t,64.0,recall_at_5,0.1995999962091446,coco_retrieval,dinov2_vits14__all_minilm_l6_v2__baseline,development,cross_attention_bridge,,,,,,,,,,,
i2t,64.0,recall_at_10,0.352400004863739,coco_retrieval,dinov2_vits14__all_minilm_l6_v2__baseline,development,cross_attention_bridge,,,,,,,,,,,
i2t,64.0,candidate_coverage,0.9120000004768372,coco_retrieval,dinov2_vits14__all_minilm_l6_v2__baseline,development,cross_attention_bridge,,,,,,,,,,,
i2t,64.0,mean_rank,22.90060043334961,coco_retrieval,dinov2_vits14__all_minilm_l6_v2__baseline,development,cross_attention_bridge,,,,,,,,,,,
i2t,64.0,median_rank,17.0,coco_retrieval,dinov2_vits14__all_minilm_l6_v2__baseline,development,cross_attention_bridge,,,,,,,,,,,
i2t,64.0,reranking_latency_ms,4.969777756929398,coco_retrieval,dinov2_vits14__all_minilm_l6_v2__baseline,development,cross_attention_bridge,,,,,,,,,,,
i2t,64.0,pair_count,320000.0,coco_retrieval,dinov2_vits14__all_minilm_l6_v2__baseline,development,cross_attention_bridge,,,,,,,,,,,
i2t,128.0,recall_at_1,0.0240000002086162,coco_retrieval,dinov2_vits14__all_minilm_l6_v2__baseline,development,cross_attention_bridge,,,,,,,,,,,
i2t,128.0,recall_at_5,0.1176000013947486,coco_retrieval,dinov2_vits14__all_minilm_l6_v2__baseline,development,cross_attention_bridge,,,,,,,,,,,
i2t,128.0,recall_at_10,0.2179999947547912,coco_retrieval,dinov2_vits14__all_minilm_l6_v2__baseline,development,cross_attention_bridge,,,,,,,,,,,
i2t,128.0,candidate_coverage,0.9629999995231628,coco_retrieval,dinov2_vits14__all_minilm_l6_v2__baseline,development,cross_attention_bridge,,,,,,,,,,,
i2t,128.0,mean_rank,38.2134017944336,coco_retrieval,dinov2_vits14__all_minilm_l6_v2__baseline,development,cross_attention_bridge,,,,,,,,,,,
i2t,128.0,median_rank,29.0,coco_retrieval,dinov2_vits14__all_minilm_l6_v2__baseline,development,cross_attention_bridge,,,,,,,,,,,
i2t,128.0,reranking_latency_ms,4.969777756929398,coco_retrieval,dinov2_vits14__all_minilm_l6_v2__baseline,development,cross_attention_bridge,,,,,,,,,,,
i2t,128.0,pair_count,640000.0,coco_retrieval,dinov2_vits14__all_minilm_l6_v2__baseline,development,cross_attention_bridge,,,,,,,,,,,
t2i,16.0,recall_at_1,0.0433357320725917,coco_retrieval,dinov2_vits14__all_minilm_l6_v2__baseline,development,cross_attention_bridge,,,,,,,,,,,
t2i,16.0,recall_at_5,0.2080035209655761,coco_retrieval,dinov2_vits14__all_minilm_l6_v2__baseline,development,cross_attention_bridge,,,,,,,,,,,
t2i,16.0,recall_at_10,0.4111697375774383,coco_retrieval,dinov2_vits14__all_minilm_l6_v2__baseline,development,cross_attention_bridge,,,,,,,,,,,
t2i,16.0,candidate_coverage,0.6470776200294495,coco_retrieval,dinov2_vits14__all_minilm_l6_v2__baseline,development,cross_attention_bridge,,,,,,,,,,,
t2i,16.0,mean_rank,11.42424201965332,coco_retrieval,dinov2_vits14__all_minilm_l6_v2__baseline,development,cross_attention_bridge,,,,,,,,,,,
t2i,16.0,median_rank,13.0,coco_retrieval,dinov2_vits14__all_minilm_l6_v2__baseline,development,cross_attention_bridge,,,,,,,,,,,
t2i,16.0,reranking_latency_ms,7.759578759465023,coco_retrieval,dinov2_vits14__all_minilm_l6_v2__baseline,development,cross_attention_bridge,,,,,,,,,,,
t2i,16.0,pair_count,400224.0,coco_retrieval,dinov2_vits14__all_minilm_l6_v2__baseline,development,cross_attention_bridge,,,,,,,,,,,
t2i,32.0,recall_at_1,0.0239865668118,coco_retrieval,dinov2_vits14__all_minilm_l6_v2__baseline,development,cross_attention_bridge,,,,,,,,,,,
t2i,32.0,recall_at_5,0.1198129057884216,coco_retrieval,dinov2_vits14__all_minilm_l6_v2__baseline,development,cross_attention_bridge,,,,,,,,,,,
t2i,32.0,recall_at_10,0.2391860485076904,coco_retrieval,dinov2_vits14__all_minilm_l6_v2__baseline,development,cross_attention_bridge,,,,,,,,,,,
t2i,32.0,candidate_coverage,0.7871991395950317,coco_retrieval,dinov2_vits14__all_minilm_l6_v2__baseline,development,cross_attention_bridge,,,,,,,,,,,
t2i,32.0,mean_rank,20.154993057250977,coco_retrieval,dinov2_vits14__all_minilm_l6_v2__baseline,development,cross_attention_bridge,,,,,,,,,,,
t2i,32.0,median_rank,21.0,coco_retrieval,dinov2_vits14__all_minilm_l6_v2__baseline,development,cross_attention_bridge,,,,,,,,,,,
t2i,32.0,reranking_latency_ms,7.759578759465023,coco_retrieval,dinov2_vits14__all_minilm_l6_v2__baseline,development,cross_attention_bridge,,,,,,,,,,,
t2i,32.0,pair_count,800448.0,coco_retrieval,dinov2_vits14__all_minilm_l6_v2__baseline,development,cross_attention_bridge,,,,,,,,,,,
t2i,64.0,recall_at_1,0.0116734625771641,coco_retrieval,dinov2_vits14__all_minilm_l6_v2__baseline,development,cross_attention_bridge,,,,,,,,,,,
t2i,64.0,recall_at_5,0.0587271116673946,coco_retrieval,dinov2_vits14__all_minilm_l6_v2__baseline,development,cross_attention_bridge,,,,,,,,,,,
t2i,64.0,recall_at_10,0.1219716966152191,coco_retrieval,dinov2_vits14__all_minilm_l6_v2__baseline,development,cross_attention_bridge,,,,,,,,,,,
t2i,64.0,candidate_coverage,0.9012153148651124,coco_retrieval,dinov2_vits14__all_minilm_l6_v2__baseline,development,cross_attention_bridge,,,,,,,,,,,
t2i,64.0,mean_rank,37.06608200073242,coco_retrieval,dinov2_vits14__all_minilm_l6_v2__baseline,development,cross_attention_bridge,,,,,,,,,,,
t2i,64.0,median_rank,38.0,coco_retrieval,dinov2_vits14__all_minilm_l6_v2__baseline,development,cross_attention_bridge,,,,,,,,,,,
t2i,64.0,reranking_latency_ms,7.759578759465023,coco_retrieval,dinov2_vits14__all_minilm_l6_v2__baseline,development,cross_attention_bridge,,,,,,,,,,,
t2i,64.0,pair_count,1600896.0,coco_retrieval,dinov2_vits14__all_minilm_l6_v2__baseline,development,cross_attention_bridge,,,,,,,,,,,
t2i,128.0,recall_at_1,0.0045174700208008,coco_retrieval,dinov2_vits14__all_minilm_l6_v2__baseline,development,cross_attention_bridge,,,,,,,,,,,
t2i,128.0,recall_at_5,0.0229071713984012,coco_retrieval,dinov2_vits14__all_minilm_l6_v2__baseline,development,cross_attention_bridge,,,,,,,,,,,
t2i,128.0,recall_at_10,0.0489725768566131,coco_retrieval,dinov2_vits14__all_minilm_l6_v2__baseline,development,cross_attention_bridge,,,,,,,,,,,
t2i,128.0,candidate_coverage,0.9617014527320862,coco_retrieval,dinov2_vits14__all_minilm_l6_v2__baseline,development,cross_attention_bridge,,,,,,,,,,,
t2i,128.0,mean_rank,73.01103210449219,coco_retrieval,dinov2_vits14__all_minilm_l6_v2__baseline,development,cross_attention_bridge,,,,,,,,,,,
t2i,128.0,median_rank,76.0,coco_retrieval,dinov2_vits14__all_minilm_l6_v2__baseline,development,cross_attention_bridge,,,,,,,,,,,
t2i,128.0,reranking_latency_ms,7.759578759465023,coco_retrieval,dinov2_vits14__all_minilm_l6_v2__baseline,development,cross_attention_bridge,,,,,,,,,,,
t2i,128.0,pair_count,3201792.0,coco_retrieval,dinov2_vits14__all_minilm_l6_v2__baseline,development,cross_attention_bridge,,,,,,,,,,,
,16.0,candidate_coverage,0.7096999883651733,cifar100_zeroshot,dinov2_vits14__all_minilm_l6_v2__baseline,development,cross_attention_bridge,,,,,,,,,,,
,16.0,top1,0.4289999902248382,cifar100_zeroshot,dinov2_vits14__all_minilm_l6_v2__baseline,development,cross_attention_bridge,,,,,,,,,,,
,16.0,top5,0.670799970626831,cifar100_zeroshot,dinov2_vits14__all_minilm_l6_v2__baseline,development,cross_attention_bridge,,,,,,,,,,,
,16.0,additional_latency_ms,4.789779564458877,cifar100_zeroshot,dinov2_vits14__all_minilm_l6_v2__baseline,development,cross_attention_bridge,,,,,,,,,,,
,16.0,candidate_count,16.0,cifar100_zeroshot,dinov2_vits14__all_minilm_l6_v2__baseline,development,cross_attention_bridge,,,,,,,,,,,
,32.0,candidate_coverage,0.8489000201225281,cifar100_zeroshot,dinov2_vits14__all_minilm_l6_v2__baseline,development,cross_attention_bridge,,,,,,,,,,,
,32.0,top1,0.3664000034332275,cifar100_zeroshot,dinov2_vits14__all_minilm_l6_v2__baseline,development,cross_attention_bridge,,,,,,,,,,,
,32.0,top5,0.6991999745368958,cifar100_zeroshot,dinov2_vits14__all_minilm_l6_v2__baseline,development,cross_attention_bridge,,,,,,,,,,,
,32.0,additional_latency_ms,4.789779564458877,cifar100_zeroshot,dinov2_vits14__all_minilm_l6_v2__baseline,development,cross_attention_bridge,,,,,,,,,,,
,32.0,candidate_count,32.0,cifar100_zeroshot,dinov2_vits14__all_minilm_l6_v2__baseline,development,cross_attention_bridge,,,,,,,,,,,
,64.0,candidate_coverage,0.9718000292778016,cifar100_zeroshot,dinov2_vits14__all_minilm_l6_v2__baseline,development,cross_attention_bridge,,,,,,,,,,,
,64.0,top1,0.245399996638298,cifar100_zeroshot,dinov2_vits14__all_minilm_l6_v2__baseline,development,cross_attention_bridge,,,,,,,,,,,
,64.0,top5,0.598800003528595,cifar100_zeroshot,dinov2_vits14__all_minilm_l6_v2__baseline,development,cross_attention_bridge,,,,,,,,,,,
,64.0,additional_latency_ms,4.789779564458877,cifar100_zeroshot,dinov2_vits14__all_minilm_l6_v2__baseline,development,cross_attention_bridge,,,,,,,,,,,
,64.0,candidate_count,64.0,cifar100_zeroshot,dinov2_vits14__all_minilm_l6_v2__baseline,development,cross_attention_bridge,,,,,,,,,,,
,128.0,candidate_coverage,1.0,cifar100_zeroshot,dinov2_vits14__all_minilm_l6_v2__baseline,development,cross_attention_bridge,,,,,,,,,,,
,128.0,top1,0.1851000040769577,cifar100_zeroshot,dinov2_vits14__all_minilm_l6_v2__baseline,development,cross_attention_bridge,,,,,,,,,,,
,128.0,top5,0.4950999915599823,cifar100_zeroshot,dinov2_vits14__all_minilm_l6_v2__baseline,development,cross_attention_bridge,,,,,,,,,,,
,128.0,additional_latency_ms,4.789779564458877,cifar100_zeroshot,dinov2_vits14__all_minilm_l6_v2__baseline,development,cross_attention_bridge,,,,,,,,,,,
,128.0,candidate_count,100.0,cifar100_zeroshot,dinov2_vits14__all_minilm_l6_v2__baseline,development,cross_attention_bridge,,,,,,,,,,,
,16.0,candidate_coverage,0.5597826242446899,pets_zeroshot,dinov2_vits14__all_minilm_l6_v2__baseline,development,cross_attention_bridge,,,,,,,,,,,
,16.0,top1,0.1698369532823562,pets_zeroshot,dinov2_vits14__all_minilm_l6_v2__baseline,development,cross_attention_bridge,,,,,,,,,,,
,16.0,top5,0.4972825944423675,pets_zeroshot,dinov2_vits14__all_minilm_l6_v2__baseline,development,cross_attention_bridge,,,,,,,,,,,
,16.0,additional_latency_ms,1.6373954498229306,pets_zeroshot,dinov2_vits14__all_minilm_l6_v2__baseline,development,cross_attention_bridge,,,,,,,,,,,
,16.0,candidate_count,16.0,pets_zeroshot,dinov2_vits14__all_minilm_l6_v2__baseline,development,cross_attention_bridge,,,,,,,,,,,
,32.0,candidate_coverage,0.907608687877655,pets_zeroshot,dinov2_vits14__all_minilm_l6_v2__baseline,development,cross_attention_bridge,,,,,,,,,,,
,32.0,top1,0.073369562625885,pets_zeroshot,dinov2_vits14__all_minilm_l6_v2__baseline,development,cross_attention_bridge,,,,,,,,,,,
,32.0,top5,0.32201087474823,pets_zeroshot,dinov2_vits14__all_minilm_l6_v2__baseline,development,cross_attention_bridge,,,,,,,,,,,
,32.0,additional_latency_ms,1.6373954498229306,pets_zeroshot,dinov2_vits14__all_minilm_l6_v2__baseline,development,cross_attention_bridge,,,,,,,,,,,
,32.0,candidate_count,32.0,pets_zeroshot,dinov2_vits14__all_minilm_l6_v2__baseline,development,cross_attention_bridge,,,,,,,,,,,
,64.0,candidate_coverage,1.0,pets_zeroshot,dinov2_vits14__all_minilm_l6_v2__baseline,development,cross_attention_bridge,,,,,,,,,,,
,64.0,top1,0.0557065233588218,pets_zeroshot,dinov2_vits14__all_minilm_l6_v2__baseline,development,cross_attention_bridge,,,,,,,,,,,
,64.0,top5,0.2785325944423675,pets_zeroshot,dinov2_vits14__all_minilm_l6_v2__baseline,development,cross_attention_bridge,,,,,,,,,,,
,64.0,additional_latency_ms,1.6373954498229306,pets_zeroshot,dinov2_vits14__all_minilm_l6_v2__baseline,development,cross_attention_bridge,,,,,,,,,,,
,64.0,candidate_count,37.0,pets_zeroshot,dinov2_vits14__all_minilm_l6_v2__baseline,development,cross_attention_bridge,,,,,,,,,,,
,128.0,candidate_coverage,1.0,pets_zeroshot,dinov2_vits14__all_minilm_l6_v2__baseline,development,cross_attention_bridge,,,,,,,,,,,
,128.0,top1,0.0557065233588218,pets_zeroshot,dinov2_vits14__all_minilm_l6_v2__baseline,development,cross_attention_bridge,,,,,,,,,,,
,128.0,top5,0.2785325944423675,pets_zeroshot,dinov2_vits14__all_minilm_l6_v2__baseline,development,cross_attention_bridge,,,,,,,,,,,
,128.0,additional_latency_ms,1.6373954498229306,pets_zeroshot,dinov2_vits14__all_minilm_l6_v2__baseline,development,cross_attention_bridge,,,,,,,,,,,
,128.0,candidate_count,37.0,pets_zeroshot,dinov2_vits14__all_minilm_l6_v2__baseline,development,cross_attention_bridge,,,,,,,,,,,
,16.0,candidate_coverage,1.0,eurosat_zeroshot,dinov2_vits14__all_minilm_l6_v2__baseline,development,cross_attention_bridge,,,,,,,,,,,
,16.0,top1,0.887901246547699,eurosat_zeroshot,dinov2_vits14__all_minilm_l6_v2__baseline,development,cross_attention_bridge,,,,,,,,,,,
,16.0,top5,0.9982715845108032,eurosat_zeroshot,dinov2_vits14__all_minilm_l6_v2__baseline,development,cross_attention_bridge,,,,,,,,,,,
,16.0,additional_latency_ms,0.4275330425136619,eurosat_zeroshot,dinov2_vits14__all_minilm_l6_v2__baseline,development,cross_attention_bridge,,,,,,,,,,,
,16.0,candidate_count,10.0,eurosat_zeroshot,dinov2_vits14__all_minilm_l6_v2__baseline,development,cross_attention_bridge,,,,,,,,,,,
,32.0,candidate_coverage,1.0,eurosat_zeroshot,dinov2_vits14__all_minilm_l6_v2__baseline,development,cross_attention_bridge,,,,,,,,,,,
,32.0,top1,0.887901246547699,eurosat_zeroshot,dinov2_vits14__all_minilm_l6_v2__baseline,development,cross_attention_bridge,,,,,,,,,,,
,32.0,top5,0.9982715845108032,eurosat_zeroshot,dinov2_vits14__all_minilm_l6_v2__baseline,development,cross_attention_bridge,,,,,,,,,,,
,32.0,additional_latency_ms,0.4275330425136619,eurosat_zeroshot,dinov2_vits14__all_minilm_l6_v2__baseline,development,cross_attention_bridge,,,,,,,,,,,
,32.0,candidate_count,10.0,eurosat_zeroshot,dinov2_vits14__all_minilm_l6_v2__baseline,development,cross_attention_bridge,,,,,,,,,,,
,64.0,candidate_coverage,1.0,eurosat_zeroshot,dinov2_vits14__all_minilm_l6_v2__baseline,development,cross_attention_bridge,,,,,,,,,,,
,64.0,top1,0.887901246547699,eurosat_zeroshot,dinov2_vits14__all_minilm_l6_v2__baseline,development,cross_attention_bridge,,,,,,,,,,,
,64.0,top5,0.9982715845108032,eurosat_zeroshot,dinov2_vits14__all_minilm_l6_v2__baseline,development,cross_attention_bridge,,,,,,,,,,,
,64.0,additional_latency_ms,0.4275330425136619,eurosat_zeroshot,dinov2_vits14__all_minilm_l6_v2__baseline,development,cross_attention_bridge,,,,,,,,,,,
,64.0,candidate_count,10.0,eurosat_zeroshot,dinov2_vits14__all_minilm_l6_v2__baseline,development,cross_attention_bridge,,,,,,,,,,,
,128.0,candidate_coverage,1.0,eurosat_zeroshot,dinov2_vits14__all_minilm_l6_v2__baseline,development,cross_attention_bridge,,,,,,,,,,,
,128.0,top1,0.887901246547699,eurosat_zeroshot,dinov2_vits14__all_minilm_l6_v2__baseline,development,cross_attention_bridge,,,,,,,,,,,
,128.0,top5,0.9982715845108032,eurosat_zeroshot,dinov2_vits14__all_minilm_l6_v2__baseline,development,cross_attention_bridge,,,,,,,,,,,
,128.0,additional_latency_ms,0.4275330425136619,eurosat_zeroshot,dinov2_vits14__all_minilm_l6_v2__baseline,development,cross_attention_bridge,,,,,,,,,,,
,128.0,candidate_count,10.0,eurosat_zeroshot,dinov2_vits14__all_minilm_l6_v2__baseline,development,cross_attention_bridge,,,,,,,,,,,
i2t,16.0,recall_at_1,0.0966000035405159,coco_retrieval,dinov2_vits14__bge_small_en__baseline,development,cross_attention_bridge,,,,,,,,,,,
i2t,16.0,recall_at_5,0.3461999893188476,coco_retrieval,dinov2_vits14__bge_small_en__baseline,development,cross_attention_bridge,,,,,,,,,,,
i2t,16.0,recall_at_10,0.5260000228881836,coco_retrieval,dinov2_vits14__bge_small_en__baseline,development,cross_attention_bridge,,,,,,,,,,,
i2t,16.0,candidate_coverage,0.6449999809265137,coco_retrieval,dinov2_vits14__bge_small_en__baseline,development,cross_attention_bridge,,,,,,,,,,,
i2t,16.0,mean_rank,9.914199829101562,coco_retrieval,dinov2_vits14__bge_small_en__baseline,development,cross_attention_bridge,,,,,,,,,,,
i2t,16.0,median_rank,10.0,coco_retrieval,dinov2_vits14__bge_small_en__baseline,development,cross_attention_bridge,,,,,,,,,,,
i2t,16.0,reranking_latency_ms,4.911567299254239,coco_retrieval,dinov2_vits14__bge_small_en__baseline,development,cross_attention_bridge,,,,,,,,,,,
i2t,16.0,pair_count,80000.0,coco_retrieval,dinov2_vits14__bge_small_en__baseline,development,cross_attention_bridge,,,,,,,,,,,
i2t,32.0,recall_at_1,0.0746000036597251,coco_retrieval,dinov2_vits14__bge_small_en__baseline,development,cross_attention_bridge,,,,,,,,,,,
i2t,32.0,recall_at_5,0.2712000012397766,coco_retrieval,dinov2_vits14__bge_small_en__baseline,development,cross_attention_bridge,,,,,,,,,,,
i2t,32.0,recall_at_10,0.4453999996185303,coco_retrieval,dinov2_vits14__bge_small_en__baseline,development,cross_attention_bridge,,,,,,,,,,,
i2t,32.0,candidate_coverage,0.784600019454956,coco_retrieval,dinov2_vits14__bge_small_en__baseline,development,cross_attention_bridge,,,,,,,,,,,
i2t,32.0,mean_rank,15.589599609375,coco_retrieval,dinov2_vits14__bge_small_en__baseline,development,cross_attention_bridge,,,,,,,,,,,
i2t,32.0,median_rank,13.0,coco_retrieval,dinov2_vits14__bge_small_en__baseline,development,cross_attention_bridge,,,,,,,,,,,
i2t,32.0,reranking_latency_ms,4.911567299254239,coco_retrieval,dinov2_vits14__bge_small_en__baseline,development,cross_attention_bridge,,,,,,,,,,,
i2t,32.0,pair_count,160000.0,coco_retrieval,dinov2_vits14__bge_small_en__baseline,development,cross_attention_bridge,,,,,,,,,,,
i2t,64.0,recall_at_1,0.0549999997019767,coco_retrieval,dinov2_vits14__bge_small_en__baseline,development,cross_attention_bridge,,,,,,,,,,,
i2t,64.0,recall_at_5,0.2016000002622604,coco_retrieval,dinov2_vits14__bge_small_en__baseline,development,cross_attention_bridge,,,,,,,,,,,
i2t,64.0,recall_at_10,0.3452000021934509,coco_retrieval,dinov2_vits14__bge_small_en__baseline,development,cross_attention_bridge,,,,,,,,,,,
i2t,64.0,candidate_coverage,0.8944000005722046,coco_retrieval,dinov2_vits14__bge_small_en__baseline,development,cross_attention_bridge,,,,,,,,,,,
i2t,64.0,mean_rank,24.03160095214844,coco_retrieval,dinov2_vits14__bge_small_en__baseline,development,cross_attention_bridge,,,,,,,,,,,
i2t,64.0,median_rank,18.0,coco_retrieval,dinov2_vits14__bge_small_en__baseline,development,cross_attention_bridge,,,,,,,,,,,
i2t,64.0,reranking_latency_ms,4.911567299254239,coco_retrieval,dinov2_vits14__bge_small_en__baseline,development,cross_attention_bridge,,,,,,,,,,,
i2t,64.0,pair_count,320000.0,coco_retrieval,dinov2_vits14__bge_small_en__baseline,development,cross_attention_bridge,,,,,,,,,,,
i2t,128.0,recall_at_1,0.0287999995052814,coco_retrieval,dinov2_vits14__bge_small_en__baseline,development,cross_attention_bridge,,,,,,,,,,,
i2t,128.0,recall_at_5,0.1377999931573867,coco_retrieval,dinov2_vits14__bge_small_en__baseline,development,cross_attention_bridge,,,,,,,,,,,
i2t,128.0,recall_at_10,0.2360000014305114,coco_retrieval,dinov2_vits14__bge_small_en__baseline,development,cross_attention_bridge,,,,,,,,,,,
i2t,128.0,candidate_coverage,0.95660001039505,coco_retrieval,dinov2_vits14__bge_small_en__baseline,development,cross_attention_bridge,,,,,,,,,,,
i2t,128.0,mean_rank,38.45920181274414,coco_retrieval,dinov2_vits14__bge_small_en__baseline,development,cross_attention_bridge,,,,,,,,,,,
i2t,128.0,median_rank,28.0,coco_retrieval,dinov2_vits14__bge_small_en__baseline,development,cross_attention_bridge,,,,,,,,,,,
i2t,128.0,reranking_latency_ms,4.911567299254239,coco_retrieval,dinov2_vits14__bge_small_en__baseline,development,cross_attention_bridge,,,,,,,,,,,
i2t,128.0,pair_count,640000.0,coco_retrieval,dinov2_vits14__bge_small_en__baseline,development,cross_attention_bridge,,,,,,,,,,,
t2i,16.0,recall_at_1,0.0423762686550617,coco_retrieval,dinov2_vits14__bge_small_en__baseline,development,cross_attention_bridge,,,,,,,,,,,
t2i,16.0,recall_at_5,0.2050451785326004,coco_retrieval,dinov2_vits14__bge_small_en__baseline,development,cross_attention_bridge,,,,,,,,,,,
t2i,16.0,recall_at_10,0.4023346900939941,coco_retrieval,dinov2_vits14__bge_small_en__baseline,development,cross_attention_bridge,,,,,,,,,,,
t2i,16.0,candidate_coverage,0.6290077567100525,coco_retrieval,dinov2_vits14__bge_small_en__baseline,development,cross_attention_bridge,,,,,,,,,,,
t2i,16.0,mean_rank,11.545894622802734,coco_retrieval,dinov2_vits14__bge_small_en__baseline,development,cross_attention_bridge,,,,,,,,,,,
t2i,16.0,median_rank,13.0,coco_retrieval,dinov2_vits14__bge_small_en__baseline,development,cross_attention_bridge,,,,,,,,,,,
t2i,16.0,reranking_latency_ms,5.2335093153739365,coco_retrieval,dinov2_vits14__bge_small_en__baseline,development,cross_attention_bridge,,,,,,,,,,,
t2i,16.0,pair_count,400224.0,coco_retrieval,dinov2_vits14__bge_small_en__baseline,development,cross_attention_bridge,,,,,,,,,,,
t2i,32.0,recall_at_1,0.0255057159811258,coco_retrieval,dinov2_vits14__bge_small_en__baseline,development,cross_attention_bridge,,,,,,,,,,,
t2i,32.0,recall_at_5,0.1221715807914733,coco_retrieval,dinov2_vits14__bge_small_en__baseline,development,cross_attention_bridge,,,,,,,,,,,
t2i,32.0,recall_at_10,0.2426641136407852,coco_retrieval,dinov2_vits14__bge_small_en__baseline,development,cross_attention_bridge,,,,,,,,,,,
t2i,32.0,candidate_coverage,0.7772447466850281,coco_retrieval,dinov2_vits14__bge_small_en__baseline,development,cross_attention_bridge,,,,,,,,,,,
t2i,32.0,mean_rank,20.176700592041016,coco_retrieval,dinov2_vits14__bge_small_en__baseline,development,cross_attention_bridge,,,,,,,,,,,
t2i,32.0,median_rank,21.0,coco_retrieval,dinov2_vits14__bge_small_en__baseline,development,cross_attention_bridge,,,,,,,,,,,
t2i,32.0,reranking_latency_ms,5.2335093153739365,coco_retrieval,dinov2_vits14__bge_small_en__baseline,development,cross_attention_bridge,,,,,,,,,,,
t2i,32.0,pair_count,800448.0,coco_retrieval,dinov2_vits14__bge_small_en__baseline,development,cross_attention_bridge,,,,,,,,,,,
t2i,64.0,recall_at_1,0.0121931722387671,coco_retrieval,dinov2_vits14__bge_small_en__baseline,development,cross_attention_bridge,,,,,,,,,,,
t2i,64.0,recall_at_5,0.0634044930338859,coco_retrieval,dinov2_vits14__bge_small_en__baseline,development,cross_attention_bridge,,,,,,,,,,,
t2i,64.0,recall_at_10,0.1280482858419418,coco_retrieval,dinov2_vits14__bge_small_en__baseline,development,cross_attention_bridge,,,,,,,,,,,
t2i,64.0,candidate_coverage,0.8951387405395508,coco_retrieval,dinov2_vits14__bge_small_en__baseline,development,cross_attention_bridge,,,,,,,,,,,
t2i,64.0,mean_rank,36.920684814453125,coco_retrieval,dinov2_vits14__bge_small_en__baseline,development,cross_attention_bridge,,,,,,,,,,,
t2i,64.0,median_rank,38.0,coco_retrieval,dinov2_vits14__bge_small_en__baseline,development,cross_attention_bridge,,,,,,,,,,,
t2i,64.0,reranking_latency_ms,5.2335093153739365,coco_retrieval,dinov2_vits14__bge_small_en__baseline,development,cross_attention_bridge,,,,,,,,,,,
t2i,64.0,pair_count,1600896.0,coco_retrieval,dinov2_vits14__bge_small_en__baseline,development,cross_attention_bridge,,,,,,,,,,,
t2i,128.0,recall_at_1,0.0049572237767279,coco_retrieval,dinov2_vits14__bge_small_en__baseline,development,cross_attention_bridge,,,,,,,,,,,
t2i,128.0,recall_at_5,0.0275045968592166,coco_retrieval,dinov2_vits14__bge_small_en__baseline,development,cross_attention_bridge,,,,,,,,,,,
t2i,128.0,recall_at_10,0.056168545037508,coco_retrieval,dinov2_vits14__bge_small_en__baseline,development,cross_attention_bridge,,,,,,,,,,,
t2i,128.0,candidate_coverage,0.9610617756843568,coco_retrieval,dinov2_vits14__bge_small_en__baseline,development,cross_attention_bridge,,,,,,,,,,,
t2i,128.0,mean_rank,72.33393096923828,coco_retrieval,dinov2_vits14__bge_small_en__baseline,development,cross_attention_bridge,,,,,,,,,,,
t2i,128.0,median_rank,75.0,coco_retrieval,dinov2_vits14__bge_small_en__baseline,development,cross_attention_bridge,,,,,,,,,,,
t2i,128.0,reranking_latency_ms,5.2335093153739365,coco_retrieval,dinov2_vits14__bge_small_en__baseline,development,cross_attention_bridge,,,,,,,,,,,
t2i,128.0,pair_count,3201792.0,coco_retrieval,dinov2_vits14__bge_small_en__baseline,development,cross_attention_bridge,,,,,,,,,,,
,16.0,candidate_coverage,0.6947000026702881,cifar100_zeroshot,dinov2_vits14__bge_small_en__baseline,development,cross_attention_bridge,,,,,,,,,,,
,16.0,top1,0.4291999936103821,cifar100_zeroshot,dinov2_vits14__bge_small_en__baseline,development,cross_attention_bridge,,,,,,,,,,,
,16.0,top5,0.6545000076293945,cifar100_zeroshot,dinov2_vits14__bge_small_en__baseline,development,cross_attention_bridge,,,,,,,,,,,
,16.0,additional_latency_ms,3.8885632854886354,cifar100_zeroshot,dinov2_vits14__bge_small_en__baseline,development,cross_attention_bridge,,,,,,,,,,,
,16.0,candidate_count,16.0,cifar100_zeroshot,dinov2_vits14__bge_small_en__baseline,development,cross_attention_bridge,,,,,,,,,,,
,32.0,candidate_coverage,0.8432000279426575,cifar100_zeroshot,dinov2_vits14__bge_small_en__baseline,development,cross_attention_bridge,,,,,,,,,,,
,32.0,top1,0.3707000017166137,cifar100_zeroshot,dinov2_vits14__bge_small_en__baseline,development,cross_attention_bridge,,,,,,,,,,,
,32.0,top5,0.6845999956130981,cifar100_zeroshot,dinov2_vits14__bge_small_en__baseline,development,cross_attention_bridge,,,,,,,,,,,
,32.0,additional_latency_ms,3.8885632854886354,cifar100_zeroshot,dinov2_vits14__bge_small_en__baseline,development,cross_attention_bridge,,,,,,,,,,,
,32.0,candidate_count,32.0,cifar100_zeroshot,dinov2_vits14__bge_small_en__baseline,development,cross_attention_bridge,,,,,,,,,,,
,64.0,candidate_coverage,0.9707000255584716,cifar100_zeroshot,dinov2_vits14__bge_small_en__baseline,development,cross_attention_bridge,,,,,,,,,,,
,64.0,top1,0.294400006532669,cifar100_zeroshot,dinov2_vits14__bge_small_en__baseline,development,cross_attention_bridge,,,,,,,,,,,
,64.0,top5,0.6004999876022339,cifar100_zeroshot,dinov2_vits14__bge_small_en__baseline,development,cross_attention_bridge,,,,,,,,,,,
,64.0,additional_latency_ms,3.8885632854886354,cifar100_zeroshot,dinov2_vits14__bge_small_en__baseline,development,cross_attention_bridge,,,,,,,,,,,
,64.0,candidate_count,64.0,cifar100_zeroshot,dinov2_vits14__bge_small_en__baseline,development,cross_attention_bridge,,,,,,,,,,,
,128.0,candidate_coverage,1.0,cifar100_zeroshot,dinov2_vits14__bge_small_en__baseline,development,cross_attention_bridge,,,,,,,,,,,
,128.0,top1,0.2304999977350235,cifar100_zeroshot,dinov2_vits14__bge_small_en__baseline,development,cross_attention_bridge,,,,,,,,,,,
,128.0,top5,0.5092999935150146,cifar100_zeroshot,dinov2_vits14__bge_small_en__baseline,development,cross_attention_bridge,,,,,,,,,,,
,128.0,additional_latency_ms,3.8885632854886354,cifar100_zeroshot,dinov2_vits14__bge_small_en__baseline,development,cross_attention_bridge,,,,,,,,,,,
,128.0,candidate_count,100.0,cifar100_zeroshot,dinov2_vits14__bge_small_en__baseline,development,cross_attention_bridge,,,,,,,,,,,
,16.0,candidate_coverage,0.57472825050354,pets_zeroshot,dinov2_vits14__bge_small_en__baseline,development,cross_attention_bridge,,,,,,,,,,,
,16.0,top1,0.1603260934352874,pets_zeroshot,dinov2_vits14__bge_small_en__baseline,development,cross_attention_bridge,,,,,,,,,,,
,16.0,top5,0.4755434691905975,pets_zeroshot,dinov2_vits14__bge_small_en__baseline,development,cross_attention_bridge,,,,,,,,,,,
,16.0,additional_latency_ms,0.971460628890149,pets_zeroshot,dinov2_vits14__bge_small_en__baseline,development,cross_attention_bridge,,,,,,,,,,,
,16.0,candidate_count,16.0,pets_zeroshot,dinov2_vits14__bge_small_en__baseline,development,cross_attention_bridge,,,,,,,,,,,
,32.0,candidate_coverage,0.8722826242446899,pets_zeroshot,dinov2_vits14__bge_small_en__baseline,development,cross_attention_bridge,,,,,,,,,,,
,32.0,top1,0.0448369570076465,pets_zeroshot,dinov2_vits14__bge_small_en__baseline,development,cross_attention_bridge,,,,,,,,,,,
,32.0,top5,0.2527174055576324,pets_zeroshot,dinov2_vits14__bge_small_en__baseline,development,cross_attention_bridge,,,,,,,,,,,
,32.0,additional_latency_ms,0.971460628890149,pets_zeroshot,dinov2_vits14__bge_small_en__baseline,development,cross_attention_bridge,,,,,,,,,,,
,32.0,candidate_count,32.0,pets_zeroshot,dinov2_vits14__bge_small_en__baseline,development,cross_attention_bridge,,,,,,,,,,,
,64.0,candidate_coverage,1.0,pets_zeroshot,dinov2_vits14__bge_small_en__baseline,development,cross_attention_bridge,,,,,,,,,,,
,64.0,top1,0.0461956523358821,pets_zeroshot,dinov2_vits14__bge_small_en__baseline,development,cross_attention_bridge,,,,,,,,,,,
,64.0,top5,0.2663043439388275,pets_zeroshot,dinov2_vits14__bge_small_en__baseline,development,cross_attention_bridge,,,,,,,,,,,
,64.0,additional_latency_ms,0.971460628890149,pets_zeroshot,dinov2_vits14__bge_small_en__baseline,development,cross_attention_bridge,,,,,,,,,,,
,64.0,candidate_count,37.0,pets_zeroshot,dinov2_vits14__bge_small_en__baseline,development,cross_attention_bridge,,,,,,,,,,,
,128.0,candidate_coverage,1.0,pets_zeroshot,dinov2_vits14__bge_small_en__baseline,development,cross_attention_bridge,,,,,,,,,,,
,128.0,top1,0.0461956523358821,pets_zeroshot,dinov2_vits14__bge_small_en__baseline,development,cross_attention_bridge,,,,,,,,,,,
,128.0,top5,0.2663043439388275,pets_zeroshot,dinov2_vits14__bge_small_en__baseline,development,cross_attention_bridge,,,,,,,,,,,
,128.0,additional_latency_ms,0.971460628890149,pets_zeroshot,dinov2_vits14__bge_small_en__baseline,development,cross_attention_bridge,,,,,,,,,,,
,128.0,candidate_count,37.0,pets_zeroshot,dinov2_vits14__bge_small_en__baseline,development,cross_attention_bridge,,,,,,,,,,,
,16.0,candidate_coverage,1.0,eurosat_zeroshot,dinov2_vits14__bge_small_en__baseline,development,cross_attention_bridge,,,,,,,,,,,
,16.0,top1,0.8802469372749329,eurosat_zeroshot,dinov2_vits14__bge_small_en__baseline,development,cross_attention_bridge,,,,,,,,,,,
,16.0,top5,0.997283935546875,eurosat_zeroshot,dinov2_vits14__bge_small_en__baseline,development,cross_attention_bridge,,,,,,,,,,,
,16.0,additional_latency_ms,0.2576238342365365,eurosat_zeroshot,dinov2_vits14__bge_small_en__baseline,development,cross_attention_bridge,,,,,,,,,,,
,16.0,candidate_count,10.0,eurosat_zeroshot,dinov2_vits14__bge_small_en__baseline,development,cross_attention_bridge,,,,,,,,,,,
,32.0,candidate_coverage,1.0,eurosat_zeroshot,dinov2_vits14__bge_small_en__baseline,development,cross_attention_bridge,,,,,,,,,,,
,32.0,top1,0.8802469372749329,eurosat_zeroshot,dinov2_vits14__bge_small_en__baseline,development,cross_attention_bridge,,,,,,,,,,,
,32.0,top5,0.997283935546875,eurosat_zeroshot,dinov2_vits14__bge_small_en__baseline,development,cross_attention_bridge,,,,,,,,,,,
,32.0,additional_latency_ms,0.2576238342365365,eurosat_zeroshot,dinov2_vits14__bge_small_en__baseline,development,cross_attention_bridge,,,,,,,,,,,
,32.0,candidate_count,10.0,eurosat_zeroshot,dinov2_vits14__bge_small_en__baseline,development,cross_attention_bridge,,,,,,,,,,,
,64.0,candidate_coverage,1.0,eurosat_zeroshot,dinov2_vits14__bge_small_en__baseline,development,cross_attention_bridge,,,,,,,,,,,
,64.0,top1,0.8802469372749329,eurosat_zeroshot,dinov2_vits14__bge_small_en__baseline,development,cross_attention_bridge,,,,,,,,,,,
,64.0,top5,0.997283935546875,eurosat_zeroshot,dinov2_vits14__bge_small_en__baseline,development,cross_attention_bridge,,,,,,,,,,,
,64.0,additional_latency_ms,0.2576238342365365,eurosat_zeroshot,dinov2_vits14__bge_small_en__baseline,development,cross_attention_bridge,,,,,,,,,,,
,64.0,candidate_count,10.0,eurosat_zeroshot,dinov2_vits14__bge_small_en__baseline,development,cross_attention_bridge,,,,,,,,,,,
,128.0,candidate_coverage,1.0,eurosat_zeroshot,dinov2_vits14__bge_small_en__baseline,development,cross_attention_bridge,,,,,,,,,,,
,128.0,top1,0.8802469372749329,eurosat_zeroshot,dinov2_vits14__bge_small_en__baseline,development,cross_attention_bridge,,,,,,,,,,,
,128.0,top5,0.997283935546875,eurosat_zeroshot,dinov2_vits14__bge_small_en__baseline,development,cross_attention_bridge,,,,,,,,,,,
,128.0,additional_latency_ms,0.2576238342365365,eurosat_zeroshot,dinov2_vits14__bge_small_en__baseline,development,cross_attention_bridge,,,,,,,,,,,
,128.0,candidate_count,10.0,eurosat_zeroshot,dinov2_vits14__bge_small_en__baseline,development,cross_attention_bridge,,,,,,,,,,,
i2t,16.0,recall_at_1,0.0644000023603439,coco_retrieval,efficientnet_b0__bge_small_en__baseline,development,cross_attention_bridge,,,,,,,,,,,
i2t,16.0,recall_at_5,0.2460000067949295,coco_retrieval,efficientnet_b0__bge_small_en__baseline,development,cross_attention_bridge,,,,,,,,,,,
i2t,16.0,recall_at_10,0.4016000032424927,coco_retrieval,efficientnet_b0__bge_small_en__baseline,development,cross_attention_bridge,,,,,,,,,,,
i2t,16.0,candidate_coverage,0.5148000121116638,coco_retrieval,efficientnet_b0__bge_small_en__baseline,development,cross_attention_bridge,,,,,,,,,,,
i2t,16.0,mean_rank,11.642999649047852,coco_retrieval,efficientnet_b0__bge_small_en__baseline,development,cross_attention_bridge,,,,,,,,,,,
i2t,16.0,median_rank,15.0,coco_retrieval,efficientnet_b0__bge_small_en__baseline,development,cross_attention_bridge,,,,,,,,,,,
i2t,16.0,reranking_latency_ms,1.4066759364679455,coco_retrieval,efficientnet_b0__bge_small_en__baseline,development,cross_attention_bridge,,,,,,,,,,,
i2t,16.0,pair_count,80000.0,coco_retrieval,efficientnet_b0__bge_small_en__baseline,development,cross_attention_bridge,,,,,,,,,,,
i2t,32.0,recall_at_1,0.0531999990344047,coco_retrieval,efficientnet_b0__bge_small_en__baseline,development,cross_attention_bridge,,,,,,,,,,,
i2t,32.0,recall_at_5,0.1933999955654144,coco_retrieval,efficientnet_b0__bge_small_en__baseline,development,cross_attention_bridge,,,,,,,,,,,
i2t,32.0,recall_at_10,0.335999995470047,coco_retrieval,efficientnet_b0__bge_small_en__baseline,development,cross_attention_bridge,,,,,,,,,,,
i2t,32.0,candidate_coverage,0.6607999801635742,coco_retrieval,efficientnet_b0__bge_small_en__baseline,development,cross_attention_bridge,,,,,,,,,,,
i2t,32.0,mean_rank,19.09779930114746,coco_retrieval,efficientnet_b0__bge_small_en__baseline,development,cross_attention_bridge,,,,,,,,,,,
i2t,32.0,median_rank,18.0,coco_retrieval,efficientnet_b0__bge_small_en__baseline,development,cross_attention_bridge,,,,,,,,,,,
i2t,32.0,reranking_latency_ms,1.4066759364679455,coco_retrieval,efficientnet_b0__bge_small_en__baseline,development,cross_attention_bridge,,,,,,,,,,,
i2t,32.0,pair_count,160000.0,coco_retrieval,efficientnet_b0__bge_small_en__baseline,development,cross_attention_bridge,,,,,,,,,,,
i2t,64.0,recall_at_1,0.0366000011563301,coco_retrieval,efficientnet_b0__bge_small_en__baseline,development,cross_attention_bridge,,,,,,,,,,,
i2t,64.0,recall_at_5,0.1503999978303909,coco_retrieval,efficientnet_b0__bge_small_en__baseline,development,cross_attention_bridge,,,,,,,,,,,
i2t,64.0,recall_at_10,0.2603999972343445,coco_retrieval,efficientnet_b0__bge_small_en__baseline,development,cross_attention_bridge,,,,,,,,,,,
i2t,64.0,candidate_coverage,0.7937999963760376,coco_retrieval,efficientnet_b0__bge_small_en__baseline,development,cross_attention_bridge,,,,,,,,,,,
i2t,64.0,mean_rank,30.41419982910156,coco_retrieval,efficientnet_b0__bge_small_en__baseline,development,cross_attention_bridge,,,,,,,,,,,
i2t,64.0,median_rank,24.0,coco_retrieval,efficientnet_b0__bge_small_en__baseline,development,cross_attention_bridge,,,,,,,,,,,
i2t,64.0,reranking_latency_ms,1.4066759364679455,coco_retrieval,efficientnet_b0__bge_small_en__baseline,development,cross_attention_bridge,,,,,,,,,,,
i2t,64.0,pair_count,320000.0,coco_retrieval,efficientnet_b0__bge_small_en__baseline,development,cross_attention_bridge,,,,,,,,,,,
i2t,128.0,recall_at_1,0.0245999991893768,coco_retrieval,efficientnet_b0__bge_small_en__baseline,development,cross_attention_bridge,,,,,,,,,,,
i2t,128.0,recall_at_5,0.099600002169609,coco_retrieval,efficientnet_b0__bge_small_en__baseline,development,cross_attention_bridge,,,,,,,,,,,
i2t,128.0,recall_at_10,0.1803999990224838,coco_retrieval,efficientnet_b0__bge_small_en__baseline,development,cross_attention_bridge,,,,,,,,,,,
i2t,128.0,candidate_coverage,0.8953999876976013,coco_retrieval,efficientnet_b0__bge_small_en__baseline,development,cross_attention_bridge,,,,,,,,,,,
i2t,128.0,mean_rank,49.03139877319336,coco_retrieval,efficientnet_b0__bge_small_en__baseline,development,cross_attention_bridge,,,,,,,,,,,
i2t,128.0,median_rank,37.0,coco_retrieval,efficientnet_b0__bge_small_en__baseline,development,cross_attention_bridge,,,,,,,,,,,
i2t,128.0,reranking_latency_ms,1.4066759364679455,coco_retrieval,efficientnet_b0__bge_small_en__baseline,development,cross_attention_bridge,,,,,,,,,,,
i2t,128.0,pair_count,640000.0,coco_retrieval,efficientnet_b0__bge_small_en__baseline,development,cross_attention_bridge,,,,,,,,,,,
t2i,16.0,recall_at_1,0.0313024707138538,coco_retrieval,efficientnet_b0__bge_small_en__baseline,development,cross_attention_bridge,,,,,,,,,,,
t2i,16.0,recall_at_5,0.1548332870006561,coco_retrieval,efficientnet_b0__bge_small_en__baseline,development,cross_attention_bridge,,,,,,,,,,,
t2i,16.0,recall_at_10,0.3053489923477173,coco_retrieval,efficientnet_b0__bge_small_en__baseline,development,cross_attention_bridge,,,,,,,,,,,
t2i,16.0,candidate_coverage,0.4933637082576751,coco_retrieval,efficientnet_b0__bge_small_en__baseline,development,cross_attention_bridge,,,,,,,,,,,
t2i,16.0,mean_rank,12.828335762023926,coco_retrieval,efficientnet_b0__bge_small_en__baseline,development,cross_attention_bridge,,,,,,,,,,,
t2i,16.0,median_rank,17.0,coco_retrieval,efficientnet_b0__bge_small_en__baseline,development,cross_attention_bridge,,,,,,,,,,,
t2i,16.0,reranking_latency_ms,1.9349202040773223,coco_retrieval,efficientnet_b0__bge_small_en__baseline,development,cross_attention_bridge,,,,,,,,,,,
t2i,16.0,pair_count,400224.0,coco_retrieval,efficientnet_b0__bge_small_en__baseline,development,cross_attention_bridge,,,,,,,,,,,
t2i,32.0,recall_at_1,0.0189893655478954,coco_retrieval,efficientnet_b0__bge_small_en__baseline,development,cross_attention_bridge,,,,,,,,,,,
t2i,32.0,recall_at_5,0.0953865870833396,coco_retrieval,efficientnet_b0__bge_small_en__baseline,development,cross_attention_bridge,,,,,,,,,,,
t2i,32.0,recall_at_10,0.1946909725666046,coco_retrieval,efficientnet_b0__bge_small_en__baseline,development,cross_attention_bridge,,,,,,,,,,,
t2i,32.0,candidate_coverage,0.6531542539596558,coco_retrieval,efficientnet_b0__bge_small_en__baseline,development,cross_attention_bridge,,,,,,,,,,,
t2i,32.0,mean_rank,22.520427703857425,coco_retrieval,efficientnet_b0__bge_small_en__baseline,development,cross_attention_bridge,,,,,,,,,,,
t2i,32.0,median_rank,26.0,coco_retrieval,efficientnet_b0__bge_small_en__baseline,development,cross_attention_bridge,,,,,,,,,,,
t2i,32.0,reranking_latency_ms,1.9349202040773223,coco_retrieval,efficientnet_b0__bge_small_en__baseline,development,cross_attention_bridge,,,,,,,,,,,
t2i,32.0,pair_count,800448.0,coco_retrieval,efficientnet_b0__bge_small_en__baseline,development,cross_attention_bridge,,,,,,,,,,,
t2i,64.0,recall_at_1,0.0113136647269129,coco_retrieval,efficientnet_b0__bge_small_en__baseline,development,cross_attention_bridge,,,,,,,,,,,
t2i,64.0,recall_at_5,0.0521308071911335,coco_retrieval,efficientnet_b0__bge_small_en__baseline,development,cross_attention_bridge,,,,,,,,,,,
t2i,64.0,recall_at_10,0.1088190600275993,coco_retrieval,efficientnet_b0__bge_small_en__baseline,development,cross_attention_bridge,,,,,,,,,,,
t2i,64.0,candidate_coverage,0.811345636844635,coco_retrieval,efficientnet_b0__bge_small_en__baseline,development,cross_attention_bridge,,,,,,,,,,,
t2i,64.0,mean_rank,40.19289016723633,coco_retrieval,efficientnet_b0__bge_small_en__baseline,development,cross_attention_bridge,,,,,,,,,,,
t2i,64.0,median_rank,43.0,coco_retrieval,efficientnet_b0__bge_small_en__baseline,development,cross_attention_bridge,,,,,,,,,,,
t2i,64.0,reranking_latency_ms,1.9349202040773223,coco_retrieval,efficientnet_b0__bge_small_en__baseline,development,cross_attention_bridge,,,,,,,,,,,
t2i,64.0,pair_count,1600896.0,coco_retrieval,efficientnet_b0__bge_small_en__baseline,development,cross_attention_bridge,,,,,,,,,,,
t2i,128.0,recall_at_1,0.0044774925336241,coco_retrieval,efficientnet_b0__bge_small_en__baseline,development,cross_attention_bridge,,,,,,,,,,,
t2i,128.0,recall_at_5,0.0233069472014904,coco_retrieval,efficientnet_b0__bge_small_en__baseline,development,cross_attention_bridge,,,,,,,,,,,
t2i,128.0,recall_at_10,0.0482130013406276,coco_retrieval,efficientnet_b0__bge_small_en__baseline,development,cross_attention_bridge,,,,,,,,,,,
t2i,128.0,candidate_coverage,0.9202046990394592,coco_retrieval,efficientnet_b0__bge_small_en__baseline,development,cross_attention_bridge,,,,,,,,,,,
t2i,128.0,mean_rank,76.57927703857422,coco_retrieval,efficientnet_b0__bge_small_en__baseline,development,cross_attention_bridge,,,,,,,,,,,
t2i,128.0,median_rank,80.0,coco_retrieval,efficientnet_b0__bge_small_en__baseline,development,cross_attention_bridge,,,,,,,,,,,
t2i,128.0,reranking_latency_ms,1.9349202040773223,coco_retrieval,efficientnet_b0__bge_small_en__baseline,development,cross_attention_bridge,,,,,,,,,,,
t2i,128.0,pair_count,3201792.0,coco_retrieval,efficientnet_b0__bge_small_en__baseline,development,cross_attention_bridge,,,,,,,,,,,
,16.0,candidate_coverage,0.6254000067710876,cifar100_zeroshot,efficientnet_b0__bge_small_en__baseline,development,cross_attention_bridge,,,,,,,,,,,
,16.0,top1,0.2750999927520752,cifar100_zeroshot,efficientnet_b0__bge_small_en__baseline,development,cross_attention_bridge,,,,,,,,,,,
,16.0,top5,0.5271000266075134,cifar100_zeroshot,efficientnet_b0__bge_small_en__baseline,development,cross_attention_bridge,,,,,,,,,,,
,16.0,additional_latency_ms,1.043017834238708,cifar100_zeroshot,efficientnet_b0__bge_small_en__baseline,development,cross_attention_bridge,,,,,,,,,,,
,16.0,candidate_count,16.0,cifar100_zeroshot,efficientnet_b0__bge_small_en__baseline,development,cross_attention_bridge,,,,,,,,,,,
,32.0,candidate_coverage,0.7968999743461609,cifar100_zeroshot,efficientnet_b0__bge_small_en__baseline,development,cross_attention_bridge,,,,,,,,,,,
,32.0,top1,0.2266000062227249,cifar100_zeroshot,efficientnet_b0__bge_small_en__baseline,development,cross_attention_bridge,,,,,,,,,,,
,32.0,top5,0.5249999761581421,cifar100_zeroshot,efficientnet_b0__bge_small_en__baseline,development,cross_attention_bridge,,,,,,,,,,,
,32.0,additional_latency_ms,1.043017834238708,cifar100_zeroshot,efficientnet_b0__bge_small_en__baseline,development,cross_attention_bridge,,,,,,,,,,,
,32.0,candidate_count,32.0,cifar100_zeroshot,efficientnet_b0__bge_small_en__baseline,development,cross_attention_bridge,,,,,,,,,,,
,64.0,candidate_coverage,0.955900013446808,cifar100_zeroshot,efficientnet_b0__bge_small_en__baseline,development,cross_attention_bridge,,,,,,,,,,,
,64.0,top1,0.1614000052213668,cifar100_zeroshot,efficientnet_b0__bge_small_en__baseline,development,cross_attention_bridge,,,,,,,,,,,
,64.0,top5,0.4381999969482422,cifar100_zeroshot,efficientnet_b0__bge_small_en__baseline,development,cross_attention_bridge,,,,,,,,,,,
,64.0,additional_latency_ms,1.043017834238708,cifar100_zeroshot,efficientnet_b0__bge_small_en__baseline,development,cross_attention_bridge,,,,,,,,,,,
,64.0,candidate_count,64.0,cifar100_zeroshot,efficientnet_b0__bge_small_en__baseline,development,cross_attention_bridge,,,,,,,,,,,
,128.0,candidate_coverage,1.0,cifar100_zeroshot,efficientnet_b0__bge_small_en__baseline,development,cross_attention_bridge,,,,,,,,,,,
,128.0,top1,0.1059999987483024,cifar100_zeroshot,efficientnet_b0__bge_small_en__baseline,development,cross_attention_bridge,,,,,,,,,,,
,128.0,top5,0.3143999874591827,cifar100_zeroshot,efficientnet_b0__bge_small_en__baseline,development,cross_attention_bridge,,,,,,,,,,,
,128.0,additional_latency_ms,1.043017834238708,cifar100_zeroshot,efficientnet_b0__bge_small_en__baseline,development,cross_attention_bridge,,,,,,,,,,,
,128.0,candidate_count,100.0,cifar100_zeroshot,efficientnet_b0__bge_small_en__baseline,development,cross_attention_bridge,,,,,,,,,,,
,16.0,candidate_coverage,0.5964673757553101,pets_zeroshot,efficientnet_b0__bge_small_en__baseline,development,cross_attention_bridge,,,,,,,,,,,
,16.0,top1,0.3423913121223449,pets_zeroshot,efficientnet_b0__bge_small_en__baseline,development,cross_attention_bridge,,,,,,,,,,,
,16.0,top5,0.542119562625885,pets_zeroshot,efficientnet_b0__bge_small_en__baseline,development,cross_attention_bridge,,,,,,,,,,,
,16.0,additional_latency_ms,0.4137786732905585,pets_zeroshot,efficientnet_b0__bge_small_en__baseline,development,cross_attention_bridge,,,,,,,,,,,
,16.0,candidate_count,16.0,pets_zeroshot,efficientnet_b0__bge_small_en__baseline,development,cross_attention_bridge,,,,,,,,,,,
,32.0,candidate_coverage,0.9116848111152648,pets_zeroshot,efficientnet_b0__bge_small_en__baseline,development,cross_attention_bridge,,,,,,,,,,,
,32.0,top1,0.1847826093435287,pets_zeroshot,efficientnet_b0__bge_small_en__baseline,development,cross_attention_bridge,,,,,,,,,,,
,32.0,top5,0.60326087474823,pets_zeroshot,efficientnet_b0__bge_small_en__baseline,development,cross_attention_bridge,,,,,,,,,,,
,32.0,additional_latency_ms,0.4137786732905585,pets_zeroshot,efficientnet_b0__bge_small_en__baseline,development,cross_attention_bridge,,,,,,,,,,,
,32.0,candidate_count,32.0,pets_zeroshot,efficientnet_b0__bge_small_en__baseline,development,cross_attention_bridge,,,,,,,,,,,
,64.0,candidate_coverage,1.0,pets_zeroshot,efficientnet_b0__bge_small_en__baseline,development,cross_attention_bridge,,,,,,,,,,,
,64.0,top1,0.1385869532823562,pets_zeroshot,efficientnet_b0__bge_small_en__baseline,development,cross_attention_bridge,,,,,,,,,,,
,64.0,top5,0.5258151888847351,pets_zeroshot,efficientnet_b0__bge_small_en__baseline,development,cross_attention_bridge,,,,,,,,,,,
,64.0,additional_latency_ms,0.4137786732905585,pets_zeroshot,efficientnet_b0__bge_small_en__baseline,development,cross_attention_bridge,,,,,,,,,,,
,64.0,candidate_count,37.0,pets_zeroshot,efficientnet_b0__bge_small_en__baseline,development,cross_attention_bridge,,,,,,,,,,,
,128.0,candidate_coverage,1.0,pets_zeroshot,efficientnet_b0__bge_small_en__baseline,development,cross_attention_bridge,,,,,,,,,,,
,128.0,top1,0.1385869532823562,pets_zeroshot,efficientnet_b0__bge_small_en__baseline,development,cross_attention_bridge,,,,,,,,,,,
,128.0,top5,0.5258151888847351,pets_zeroshot,efficientnet_b0__bge_small_en__baseline,development,cross_attention_bridge,,,,,,,,,,,
,128.0,additional_latency_ms,0.4137786732905585,pets_zeroshot,efficientnet_b0__bge_small_en__baseline,development,cross_attention_bridge,,,,,,,,,,,
,128.0,candidate_count,37.0,pets_zeroshot,efficientnet_b0__bge_small_en__baseline,development,cross_attention_bridge,,,,,,,,,,,
,16.0,candidate_coverage,1.0,eurosat_zeroshot,efficientnet_b0__bge_small_en__baseline,development,cross_attention_bridge,,,,,,,,,,,
,16.0,top1,0.8234567642211914,eurosat_zeroshot,efficientnet_b0__bge_small_en__baseline,development,cross_attention_bridge,,,,,,,,,,,
,16.0,top5,0.9911110997200012,eurosat_zeroshot,efficientnet_b0__bge_small_en__baseline,development,cross_attention_bridge,,,,,,,,,,,
,16.0,additional_latency_ms,0.0933411489758226,eurosat_zeroshot,efficientnet_b0__bge_small_en__baseline,development,cross_attention_bridge,,,,,,,,,,,
,16.0,candidate_count,10.0,eurosat_zeroshot,efficientnet_b0__bge_small_en__baseline,development,cross_attention_bridge,,,,,,,,,,,
,32.0,candidate_coverage,1.0,eurosat_zeroshot,efficientnet_b0__bge_small_en__baseline,development,cross_attention_bridge,,,,,,,,,,,
,32.0,top1,0.8234567642211914,eurosat_zeroshot,efficientnet_b0__bge_small_en__baseline,development,cross_attention_bridge,,,,,,,,,,,
,32.0,top5,0.9911110997200012,eurosat_zeroshot,efficientnet_b0__bge_small_en__baseline,development,cross_attention_bridge,,,,,,,,,,,
,32.0,additional_latency_ms,0.0933411489758226,eurosat_zeroshot,efficientnet_b0__bge_small_en__baseline,development,cross_attention_bridge,,,,,,,,,,,
,32.0,candidate_count,10.0,eurosat_zeroshot,efficientnet_b0__bge_small_en__baseline,development,cross_attention_bridge,,,,,,,,,,,
,64.0,candidate_coverage,1.0,eurosat_zeroshot,efficientnet_b0__bge_small_en__baseline,development,cross_attention_bridge,,,,,,,,,,,
,64.0,top1,0.8234567642211914,eurosat_zeroshot,efficientnet_b0__bge_small_en__baseline,development,cross_attention_bridge,,,,,,,,,,,
,64.0,top5,0.9911110997200012,eurosat_zeroshot,efficientnet_b0__bge_small_en__baseline,development,cross_attention_bridge,,,,,,,,,,,
,64.0,additional_latency_ms,0.0933411489758226,eurosat_zeroshot,efficientnet_b0__bge_small_en__baseline,development,cross_attention_bridge,,,,,,,,,,,
,64.0,candidate_count,10.0,eurosat_zeroshot,efficientnet_b0__bge_small_en__baseline,development,cross_attention_bridge,,,,,,,,,,,
,128.0,candidate_coverage,1.0,eurosat_zeroshot,efficientnet_b0__bge_small_en__baseline,development,cross_attention_bridge,,,,,,,,,,,
,128.0,top1,0.8234567642211914,eurosat_zeroshot,efficientnet_b0__bge_small_en__baseline,development,cross_attention_bridge,,,,,,,,,,,
,128.0,top5,0.9911110997200012,eurosat_zeroshot,efficientnet_b0__bge_small_en__baseline,development,cross_attention_bridge,,,,,,,,,,,
,128.0,additional_latency_ms,0.0933411489758226,eurosat_zeroshot,efficientnet_b0__bge_small_en__baseline,development,cross_attention_bridge,,,,,,,,,,,
,128.0,candidate_count,10.0,eurosat_zeroshot,efficientnet_b0__bge_small_en__baseline,development,cross_attention_bridge,,,,,,,,,,,
,,enabled,0.0,optional,bidirectional_optional,,ablation,bidirectional_optional,,,,,,,,,,
i2t,16.0,recall_at_1,0.1037999987602233,coco_retrieval,canonical_cross_attention,development,ablation,canonical_cross_attention,,,,,,,,,,
i2t,16.0,recall_at_5,0.3713999986648559,coco_retrieval,canonical_cross_attention,development,ablation,canonical_cross_attention,,,,,,,,,,
i2t,16.0,recall_at_10,0.5655999779701233,coco_retrieval,canonical_cross_attention,development,ablation,canonical_cross_attention,,,,,,,,,,
i2t,16.0,candidate_coverage,0.6863999962806702,coco_retrieval,canonical_cross_attention,development,ablation,canonical_cross_attention,,,,,,,,,,
i2t,16.0,mean_rank,9.42099952697754,coco_retrieval,canonical_cross_attention,development,ablation,canonical_cross_attention,,,,,,,,,,
i2t,16.0,median_rank,8.0,coco_retrieval,canonical_cross_attention,development,ablation,canonical_cross_attention,,,,,,,,,,
i2t,16.0,reranking_latency_ms,8.939609876833856,coco_retrieval,canonical_cross_attention,development,ablation,canonical_cross_attention,,,,,,,,,,
i2t,16.0,pair_count,80000.0,coco_retrieval,canonical_cross_attention,development,ablation,canonical_cross_attention,,,,,,,,,,
i2t,32.0,recall_at_1,0.0777999982237815,coco_retrieval,canonical_cross_attention,development,ablation,canonical_cross_attention,,,,,,,,,,
i2t,32.0,recall_at_5,0.290800005197525,coco_retrieval,canonical_cross_attention,development,ablation,canonical_cross_attention,,,,,,,,,,
i2t,32.0,recall_at_10,0.4726000130176544,coco_retrieval,canonical_cross_attention,development,ablation,canonical_cross_attention,,,,,,,,,,
i2t,32.0,candidate_coverage,0.8155999779701233,coco_retrieval,canonical_cross_attention,development,ablation,canonical_cross_attention,,,,,,,,,,
i2t,32.0,mean_rank,14.647600173950195,coco_retrieval,canonical_cross_attention,development,ablation,canonical_cross_attention,,,,,,,,,,
i2t,32.0,median_rank,11.0,coco_retrieval,canonical_cross_attention,development,ablation,canonical_cross_attention,,,,,,,,,,
i2t,32.0,reranking_latency_ms,8.939609876833856,coco_retrieval,canonical_cross_attention,development,ablation,canonical_cross_attention,,,,,,,,,,
i2t,32.0,pair_count,160000.0,coco_retrieval,canonical_cross_attention,development,ablation,canonical_cross_attention,,,,,,,,,,
i2t,64.0,recall_at_1,0.0452000014483928,coco_retrieval,canonical_cross_attention,development,ablation,canonical_cross_attention,,,,,,,,,,
i2t,64.0,recall_at_5,0.1995999962091446,coco_retrieval,canonical_cross_attention,development,ablation,canonical_cross_attention,,,,,,,,,,
i2t,64.0,recall_at_10,0.352400004863739,coco_retrieval,canonical_cross_attention,development,ablation,canonical_cross_attention,,,,,,,,,,
i2t,64.0,candidate_coverage,0.9120000004768372,coco_retrieval,canonical_cross_attention,development,ablation,canonical_cross_attention,,,,,,,,,,
i2t,64.0,mean_rank,22.90060043334961,coco_retrieval,canonical_cross_attention,development,ablation,canonical_cross_attention,,,,,,,,,,
i2t,64.0,median_rank,17.0,coco_retrieval,canonical_cross_attention,development,ablation,canonical_cross_attention,,,,,,,,,,
i2t,64.0,reranking_latency_ms,8.939609876833856,coco_retrieval,canonical_cross_attention,development,ablation,canonical_cross_attention,,,,,,,,,,
i2t,64.0,pair_count,320000.0,coco_retrieval,canonical_cross_attention,development,ablation,canonical_cross_attention,,,,,,,,,,
i2t,128.0,recall_at_1,0.0240000002086162,coco_retrieval,canonical_cross_attention,development,ablation,canonical_cross_attention,,,,,,,,,,
i2t,128.0,recall_at_5,0.1176000013947486,coco_retrieval,canonical_cross_attention,development,ablation,canonical_cross_attention,,,,,,,,,,
i2t,128.0,recall_at_10,0.2179999947547912,coco_retrieval,canonical_cross_attention,development,ablation,canonical_cross_attention,,,,,,,,,,
i2t,128.0,candidate_coverage,0.9629999995231628,coco_retrieval,canonical_cross_attention,development,ablation,canonical_cross_attention,,,,,,,,,,
i2t,128.0,mean_rank,38.2134017944336,coco_retrieval,canonical_cross_attention,development,ablation,canonical_cross_attention,,,,,,,,,,
i2t,128.0,median_rank,29.0,coco_retrieval,canonical_cross_attention,development,ablation,canonical_cross_attention,,,,,,,,,,
i2t,128.0,reranking_latency_ms,8.939609876833856,coco_retrieval,canonical_cross_attention,development,ablation,canonical_cross_attention,,,,,,,,,,
i2t,128.0,pair_count,640000.0,coco_retrieval,canonical_cross_attention,development,ablation,canonical_cross_attention,,,,,,,,,,
t2i,16.0,recall_at_1,0.0433357320725917,coco_retrieval,canonical_cross_attention,development,ablation,canonical_cross_attention,,,,,,,,,,
t2i,16.0,recall_at_5,0.2080035209655761,coco_retrieval,canonical_cross_attention,development,ablation,canonical_cross_attention,,,,,,,,,,
t2i,16.0,recall_at_10,0.4111697375774383,coco_retrieval,canonical_cross_attention,development,ablation,canonical_cross_attention,,,,,,,,,,
t2i,16.0,candidate_coverage,0.6470776200294495,coco_retrieval,canonical_cross_attention,development,ablation,canonical_cross_attention,,,,,,,,,,
t2i,16.0,mean_rank,11.42424201965332,coco_retrieval,canonical_cross_attention,development,ablation,canonical_cross_attention,,,,,,,,,,
t2i,16.0,median_rank,13.0,coco_retrieval,canonical_cross_attention,development,ablation,canonical_cross_attention,,,,,,,,,,
t2i,16.0,reranking_latency_ms,7.448044483692641,coco_retrieval,canonical_cross_attention,development,ablation,canonical_cross_attention,,,,,,,,,,
t2i,16.0,pair_count,400224.0,coco_retrieval,canonical_cross_attention,development,ablation,canonical_cross_attention,,,,,,,,,,
t2i,32.0,recall_at_1,0.0239865668118,coco_retrieval,canonical_cross_attention,development,ablation,canonical_cross_attention,,,,,,,,,,
t2i,32.0,recall_at_5,0.1198129057884216,coco_retrieval,canonical_cross_attention,development,ablation,canonical_cross_attention,,,,,,,,,,
t2i,32.0,recall_at_10,0.2391860485076904,coco_retrieval,canonical_cross_attention,development,ablation,canonical_cross_attention,,,,,,,,,,
t2i,32.0,candidate_coverage,0.7871991395950317,coco_retrieval,canonical_cross_attention,development,ablation,canonical_cross_attention,,,,,,,,,,
t2i,32.0,mean_rank,20.154993057250977,coco_retrieval,canonical_cross_attention,development,ablation,canonical_cross_attention,,,,,,,,,,
t2i,32.0,median_rank,21.0,coco_retrieval,canonical_cross_attention,development,ablation,canonical_cross_attention,,,,,,,,,,
t2i,32.0,reranking_latency_ms,7.448044483692641,coco_retrieval,canonical_cross_attention,development,ablation,canonical_cross_attention,,,,,,,,,,
t2i,32.0,pair_count,800448.0,coco_retrieval,canonical_cross_attention,development,ablation,canonical_cross_attention,,,,,,,,,,
t2i,64.0,recall_at_1,0.0116734625771641,coco_retrieval,canonical_cross_attention,development,ablation,canonical_cross_attention,,,,,,,,,,
t2i,64.0,recall_at_5,0.0587271116673946,coco_retrieval,canonical_cross_attention,development,ablation,canonical_cross_attention,,,,,,,,,,
t2i,64.0,recall_at_10,0.1219716966152191,coco_retrieval,canonical_cross_attention,development,ablation,canonical_cross_attention,,,,,,,,,,
t2i,64.0,candidate_coverage,0.9012153148651124,coco_retrieval,canonical_cross_attention,development,ablation,canonical_cross_attention,,,,,,,,,,
t2i,64.0,mean_rank,37.06608200073242,coco_retrieval,canonical_cross_attention,development,ablation,canonical_cross_attention,,,,,,,,,,
t2i,64.0,median_rank,38.0,coco_retrieval,canonical_cross_attention,development,ablation,canonical_cross_attention,,,,,,,,,,
t2i,64.0,reranking_latency_ms,7.448044483692641,coco_retrieval,canonical_cross_attention,development,ablation,canonical_cross_attention,,,,,,,,,,
t2i,64.0,pair_count,1600896.0,coco_retrieval,canonical_cross_attention,development,ablation,canonical_cross_attention,,,,,,,,,,
t2i,128.0,recall_at_1,0.0045174700208008,coco_retrieval,canonical_cross_attention,development,ablation,canonical_cross_attention,,,,,,,,,,
t2i,128.0,recall_at_5,0.0229071713984012,coco_retrieval,canonical_cross_attention,development,ablation,canonical_cross_attention,,,,,,,,,,
t2i,128.0,recall_at_10,0.0489725768566131,coco_retrieval,canonical_cross_attention,development,ablation,canonical_cross_attention,,,,,,,,,,
t2i,128.0,candidate_coverage,0.9617014527320862,coco_retrieval,canonical_cross_attention,development,ablation,canonical_cross_attention,,,,,,,,,,
t2i,128.0,mean_rank,73.01103210449219,coco_retrieval,canonical_cross_attention,development,ablation,canonical_cross_attention,,,,,,,,,,
t2i,128.0,median_rank,76.0,coco_retrieval,canonical_cross_attention,development,ablation,canonical_cross_attention,,,,,,,,,,
t2i,128.0,reranking_latency_ms,7.448044483692641,coco_retrieval,canonical_cross_attention,development,ablation,canonical_cross_attention,,,,,,,,,,
t2i,128.0,pair_count,3201792.0,coco_retrieval,canonical_cross_attention,development,ablation,canonical_cross_attention,,,,,,,,,,
,16.0,candidate_coverage,0.7096999883651733,cifar100_zeroshot,canonical_cross_attention,development,ablation,canonical_cross_attention,,,,,,,,,,
,16.0,top1,0.4289999902248382,cifar100_zeroshot,canonical_cross_attention,development,ablation,canonical_cross_attention,,,,,,,,,,
,16.0,top5,0.670799970626831,cifar100_zeroshot,canonical_cross_attention,development,ablation,canonical_cross_attention,,,,,,,,,,
,16.0,additional_latency_ms,5.22125400500372,cifar100_zeroshot,canonical_cross_attention,development,ablation,canonical_cross_attention,,,,,,,,,,
,16.0,candidate_count,16.0,cifar100_zeroshot,canonical_cross_attention,development,ablation,canonical_cross_attention,,,,,,,,,,
,32.0,candidate_coverage,0.8489000201225281,cifar100_zeroshot,canonical_cross_attention,development,ablation,canonical_cross_attention,,,,,,,,,,
,32.0,top1,0.3664000034332275,cifar100_zeroshot,canonical_cross_attention,development,ablation,canonical_cross_attention,,,,,,,,,,
,32.0,top5,0.6991999745368958,cifar100_zeroshot,canonical_cross_attention,development,ablation,canonical_cross_attention,,,,,,,,,,
,32.0,additional_latency_ms,5.22125400500372,cifar100_zeroshot,canonical_cross_attention,development,ablation,canonical_cross_attention,,,,,,,,,,
,32.0,candidate_count,32.0,cifar100_zeroshot,canonical_cross_attention,development,ablation,canonical_cross_attention,,,,,,,,,,
,64.0,candidate_coverage,0.9718000292778016,cifar100_zeroshot,canonical_cross_attention,development,ablation,canonical_cross_attention,,,,,,,,,,
,64.0,top1,0.245399996638298,cifar100_zeroshot,canonical_cross_attention,development,ablation,canonical_cross_attention,,,,,,,,,,
,64.0,top5,0.598800003528595,cifar100_zeroshot,canonical_cross_attention,development,ablation,canonical_cross_attention,,,,,,,,,,
,64.0,additional_latency_ms,5.22125400500372,cifar100_zeroshot,canonical_cross_attention,development,ablation,canonical_cross_attention,,,,,,,,,,
,64.0,candidate_count,64.0,cifar100_zeroshot,canonical_cross_attention,development,ablation,canonical_cross_attention,,,,,,,,,,
,128.0,candidate_coverage,1.0,cifar100_zeroshot,canonical_cross_attention,development,ablation,canonical_cross_attention,,,,,,,,,,
,128.0,top1,0.1851000040769577,cifar100_zeroshot,canonical_cross_attention,development,ablation,canonical_cross_attention,,,,,,,,,,
,128.0,top5,0.4950999915599823,cifar100_zeroshot,canonical_cross_attention,development,ablation,canonical_cross_attention,,,,,,,,,,
,128.0,additional_latency_ms,5.22125400500372,cifar100_zeroshot,canonical_cross_attention,development,ablation,canonical_cross_attention,,,,,,,,,,
,128.0,candidate_count,100.0,cifar100_zeroshot,canonical_cross_attention,development,ablation,canonical_cross_attention,,,,,,,,,,
,16.0,candidate_coverage,0.5597826242446899,pets_zeroshot,canonical_cross_attention,development,ablation,canonical_cross_attention,,,,,,,,,,
,16.0,top1,0.1698369532823562,pets_zeroshot,canonical_cross_attention,development,ablation,canonical_cross_attention,,,,,,,,,,
,16.0,top5,0.4972825944423675,pets_zeroshot,canonical_cross_attention,development,ablation,canonical_cross_attention,,,,,,,,,,
,16.0,additional_latency_ms,1.5014654617635128,pets_zeroshot,canonical_cross_attention,development,ablation,canonical_cross_attention,,,,,,,,,,
,16.0,candidate_count,16.0,pets_zeroshot,canonical_cross_attention,development,ablation,canonical_cross_attention,,,,,,,,,,
,32.0,candidate_coverage,0.907608687877655,pets_zeroshot,canonical_cross_attention,development,ablation,canonical_cross_attention,,,,,,,,,,
,32.0,top1,0.073369562625885,pets_zeroshot,canonical_cross_attention,development,ablation,canonical_cross_attention,,,,,,,,,,
,32.0,top5,0.32201087474823,pets_zeroshot,canonical_cross_attention,development,ablation,canonical_cross_attention,,,,,,,,,,
,32.0,additional_latency_ms,1.5014654617635128,pets_zeroshot,canonical_cross_attention,development,ablation,canonical_cross_attention,,,,,,,,,,
,32.0,candidate_count,32.0,pets_zeroshot,canonical_cross_attention,development,ablation,canonical_cross_attention,,,,,,,,,,
,64.0,candidate_coverage,1.0,pets_zeroshot,canonical_cross_attention,development,ablation,canonical_cross_attention,,,,,,,,,,
,64.0,top1,0.0557065233588218,pets_zeroshot,canonical_cross_attention,development,ablation,canonical_cross_attention,,,,,,,,,,
,64.0,top5,0.2785325944423675,pets_zeroshot,canonical_cross_attention,development,ablation,canonical_cross_attention,,,,,,,,,,
,64.0,additional_latency_ms,1.5014654617635128,pets_zeroshot,canonical_cross_attention,development,ablation,canonical_cross_attention,,,,,,,,,,
,64.0,candidate_count,37.0,pets_zeroshot,canonical_cross_attention,development,ablation,canonical_cross_attention,,,,,,,,,,
,128.0,candidate_coverage,1.0,pets_zeroshot,canonical_cross_attention,development,ablation,canonical_cross_attention,,,,,,,,,,
,128.0,top1,0.0557065233588218,pets_zeroshot,canonical_cross_attention,development,ablation,canonical_cross_attention,,,,,,,,,,
,128.0,top5,0.2785325944423675,pets_zeroshot,canonical_cross_attention,development,ablation,canonical_cross_attention,,,,,,,,,,
,128.0,additional_latency_ms,1.5014654617635128,pets_zeroshot,canonical_cross_attention,development,ablation,canonical_cross_attention,,,,,,,,,,
,128.0,candidate_count,37.0,pets_zeroshot,canonical_cross_attention,development,ablation,canonical_cross_attention,,,,,,,,,,
,16.0,candidate_coverage,1.0,eurosat_zeroshot,canonical_cross_attention,development,ablation,canonical_cross_attention,,,,,,,,,,
,16.0,top1,0.887901246547699,eurosat_zeroshot,canonical_cross_attention,development,ablation,canonical_cross_attention,,,,,,,,,,
,16.0,top5,0.9982715845108032,eurosat_zeroshot,canonical_cross_attention,development,ablation,canonical_cross_attention,,,,,,,,,,
,16.0,additional_latency_ms,0.3768894780013296,eurosat_zeroshot,canonical_cross_attention,development,ablation,canonical_cross_attention,,,,,,,,,,
,16.0,candidate_count,10.0,eurosat_zeroshot,canonical_cross_attention,development,ablation,canonical_cross_attention,,,,,,,,,,
,32.0,candidate_coverage,1.0,eurosat_zeroshot,canonical_cross_attention,development,ablation,canonical_cross_attention,,,,,,,,,,
,32.0,top1,0.887901246547699,eurosat_zeroshot,canonical_cross_attention,development,ablation,canonical_cross_attention,,,,,,,,,,
,32.0,top5,0.9982715845108032,eurosat_zeroshot,canonical_cross_attention,development,ablation,canonical_cross_attention,,,,,,,,,,
,32.0,additional_latency_ms,0.3768894780013296,eurosat_zeroshot,canonical_cross_attention,development,ablation,canonical_cross_attention,,,,,,,,,,
,32.0,candidate_count,10.0,eurosat_zeroshot,canonical_cross_attention,development,ablation,canonical_cross_attention,,,,,,,,,,
,64.0,candidate_coverage,1.0,eurosat_zeroshot,canonical_cross_attention,development,ablation,canonical_cross_attention,,,,,,,,,,
,64.0,top1,0.887901246547699,eurosat_zeroshot,canonical_cross_attention,development,ablation,canonical_cross_attention,,,,,,,,,,
,64.0,top5,0.9982715845108032,eurosat_zeroshot,canonical_cross_attention,development,ablation,canonical_cross_attention,,,,,,,,,,
,64.0,additional_latency_ms,0.3768894780013296,eurosat_zeroshot,canonical_cross_attention,development,ablation,canonical_cross_attention,,,,,,,,,,
,64.0,candidate_count,10.0,eurosat_zeroshot,canonical_cross_attention,development,ablation,canonical_cross_attention,,,,,,,,,,
,128.0,candidate_coverage,1.0,eurosat_zeroshot,canonical_cross_attention,development,ablation,canonical_cross_attention,,,,,,,,,,
,128.0,top1,0.887901246547699,eurosat_zeroshot,canonical_cross_attention,development,ablation,canonical_cross_attention,,,,,,,,,,
,128.0,top5,0.9982715845108032,eurosat_zeroshot,canonical_cross_attention,development,ablation,canonical_cross_attention,,,,,,,,,,
,128.0,additional_latency_ms,0.3768894780013296,eurosat_zeroshot,canonical_cross_attention,development,ablation,canonical_cross_attention,,,,,,,,,,
,128.0,candidate_count,10.0,eurosat_zeroshot,canonical_cross_attention,development,ablation,canonical_cross_attention,,,,,,,,,,
i2t,128.0,recall_at_1,0.0240000002086162,coco_retrieval,depth_128,development,ablation,depth_128,,,,,,,,,,
i2t,128.0,recall_at_5,0.1176000013947486,coco_retrieval,depth_128,development,ablation,depth_128,,,,,,,,,,
i2t,128.0,recall_at_10,0.2179999947547912,coco_retrieval,depth_128,development,ablation,depth_128,,,,,,,,,,
i2t,128.0,candidate_coverage,0.9629999995231628,coco_retrieval,depth_128,development,ablation,depth_128,,,,,,,,,,
i2t,128.0,mean_rank,38.2134017944336,coco_retrieval,depth_128,development,ablation,depth_128,,,,,,,,,,
i2t,128.0,median_rank,29.0,coco_retrieval,depth_128,development,ablation,depth_128,,,,,,,,,,
i2t,128.0,reranking_latency_ms,8.939609876833856,coco_retrieval,depth_128,development,ablation,depth_128,,,,,,,,,,
i2t,128.0,pair_count,640000.0,coco_retrieval,depth_128,development,ablation,depth_128,,,,,,,,,,
t2i,128.0,recall_at_1,0.0045174700208008,coco_retrieval,depth_128,development,ablation,depth_128,,,,,,,,,,
t2i,128.0,recall_at_5,0.0229071713984012,coco_retrieval,depth_128,development,ablation,depth_128,,,,,,,,,,
t2i,128.0,recall_at_10,0.0489725768566131,coco_retrieval,depth_128,development,ablation,depth_128,,,,,,,,,,
t2i,128.0,candidate_coverage,0.9617014527320862,coco_retrieval,depth_128,development,ablation,depth_128,,,,,,,,,,
t2i,128.0,mean_rank,73.01103210449219,coco_retrieval,depth_128,development,ablation,depth_128,,,,,,,,,,
t2i,128.0,median_rank,76.0,coco_retrieval,depth_128,development,ablation,depth_128,,,,,,,,,,
t2i,128.0,reranking_latency_ms,7.448044483692641,coco_retrieval,depth_128,development,ablation,depth_128,,,,,,,,,,
t2i,128.0,pair_count,3201792.0,coco_retrieval,depth_128,development,ablation,depth_128,,,,,,,,,,
,128.0,candidate_coverage,1.0,cifar100_zeroshot,depth_128,development,ablation,depth_128,,,,,,,,,,
,128.0,top1,0.1851000040769577,cifar100_zeroshot,depth_128,development,ablation,depth_128,,,,,,,,,,
,128.0,top5,0.4950999915599823,cifar100_zeroshot,depth_128,development,ablation,depth_128,,,,,,,,,,
,128.0,additional_latency_ms,5.22125400500372,cifar100_zeroshot,depth_128,development,ablation,depth_128,,,,,,,,,,
,128.0,candidate_count,100.0,cifar100_zeroshot,depth_128,development,ablation,depth_128,,,,,,,,,,
,128.0,candidate_coverage,1.0,pets_zeroshot,depth_128,development,ablation,depth_128,,,,,,,,,,
,128.0,top1,0.0557065233588218,pets_zeroshot,depth_128,development,ablation,depth_128,,,,,,,,,,
,128.0,top5,0.2785325944423675,pets_zeroshot,depth_128,development,ablation,depth_128,,,,,,,,,,
,128.0,additional_latency_ms,1.5014654617635128,pets_zeroshot,depth_128,development,ablation,depth_128,,,,,,,,,,
,128.0,candidate_count,37.0,pets_zeroshot,depth_128,development,ablation,depth_128,,,,,,,,,,
,128.0,candidate_coverage,1.0,eurosat_zeroshot,depth_128,development,ablation,depth_128,,,,,,,,,,
,128.0,top1,0.887901246547699,eurosat_zeroshot,depth_128,development,ablation,depth_128,,,,,,,,,,
,128.0,top5,0.9982715845108032,eurosat_zeroshot,depth_128,development,ablation,depth_128,,,,,,,,,,
,128.0,additional_latency_ms,0.3768894780013296,eurosat_zeroshot,depth_128,development,ablation,depth_128,,,,,,,,,,
,128.0,candidate_count,10.0,eurosat_zeroshot,depth_128,development,ablation,depth_128,,,,,,,,,,
i2t,16.0,recall_at_1,0.1037999987602233,coco_retrieval,depth_16,development,ablation,depth_16,,,,,,,,,,
i2t,16.0,recall_at_5,0.3713999986648559,coco_retrieval,depth_16,development,ablation,depth_16,,,,,,,,,,
i2t,16.0,recall_at_10,0.5655999779701233,coco_retrieval,depth_16,development,ablation,depth_16,,,,,,,,,,
i2t,16.0,candidate_coverage,0.6863999962806702,coco_retrieval,depth_16,development,ablation,depth_16,,,,,,,,,,
i2t,16.0,mean_rank,9.42099952697754,coco_retrieval,depth_16,development,ablation,depth_16,,,,,,,,,,
i2t,16.0,median_rank,8.0,coco_retrieval,depth_16,development,ablation,depth_16,,,,,,,,,,
i2t,16.0,reranking_latency_ms,8.939609876833856,coco_retrieval,depth_16,development,ablation,depth_16,,,,,,,,,,
i2t,16.0,pair_count,80000.0,coco_retrieval,depth_16,development,ablation,depth_16,,,,,,,,,,
t2i,16.0,recall_at_1,0.0433357320725917,coco_retrieval,depth_16,development,ablation,depth_16,,,,,,,,,,
t2i,16.0,recall_at_5,0.2080035209655761,coco_retrieval,depth_16,development,ablation,depth_16,,,,,,,,,,
t2i,16.0,recall_at_10,0.4111697375774383,coco_retrieval,depth_16,development,ablation,depth_16,,,,,,,,,,
t2i,16.0,candidate_coverage,0.6470776200294495,coco_retrieval,depth_16,development,ablation,depth_16,,,,,,,,,,
t2i,16.0,mean_rank,11.42424201965332,coco_retrieval,depth_16,development,ablation,depth_16,,,,,,,,,,
t2i,16.0,median_rank,13.0,coco_retrieval,depth_16,development,ablation,depth_16,,,,,,,,,,
t2i,16.0,reranking_latency_ms,7.448044483692641,coco_retrieval,depth_16,development,ablation,depth_16,,,,,,,,,,
t2i,16.0,pair_count,400224.0,coco_retrieval,depth_16,development,ablation,depth_16,,,,,,,,,,
,16.0,candidate_coverage,0.7096999883651733,cifar100_zeroshot,depth_16,development,ablation,depth_16,,,,,,,,,,
,16.0,top1,0.4289999902248382,cifar100_zeroshot,depth_16,development,ablation,depth_16,,,,,,,,,,
,16.0,top5,0.670799970626831,cifar100_zeroshot,depth_16,development,ablation,depth_16,,,,,,,,,,
,16.0,additional_latency_ms,5.22125400500372,cifar100_zeroshot,depth_16,development,ablation,depth_16,,,,,,,,,,
,16.0,candidate_count,16.0,cifar100_zeroshot,depth_16,development,ablation,depth_16,,,,,,,,,,
,16.0,candidate_coverage,0.5597826242446899,pets_zeroshot,depth_16,development,ablation,depth_16,,,,,,,,,,
,16.0,top1,0.1698369532823562,pets_zeroshot,depth_16,development,ablation,depth_16,,,,,,,,,,
,16.0,top5,0.4972825944423675,pets_zeroshot,depth_16,development,ablation,depth_16,,,,,,,,,,
,16.0,additional_latency_ms,1.5014654617635128,pets_zeroshot,depth_16,development,ablation,depth_16,,,,,,,,,,
,16.0,candidate_count,16.0,pets_zeroshot,depth_16,development,ablation,depth_16,,,,,,,,,,
,16.0,candidate_coverage,1.0,eurosat_zeroshot,depth_16,development,ablation,depth_16,,,,,,,,,,
,16.0,top1,0.887901246547699,eurosat_zeroshot,depth_16,development,ablation,depth_16,,,,,,,,,,
,16.0,top5,0.9982715845108032,eurosat_zeroshot,depth_16,development,ablation,depth_16,,,,,,,,,,
,16.0,additional_latency_ms,0.3768894780013296,eurosat_zeroshot,depth_16,development,ablation,depth_16,,,,,,,,,,
,16.0,candidate_count,10.0,eurosat_zeroshot,depth_16,development,ablation,depth_16,,,,,,,,,,
i2t,32.0,recall_at_1,0.0777999982237815,coco_retrieval,depth_32,development,ablation,depth_32,,,,,,,,,,
i2t,32.0,recall_at_5,0.290800005197525,coco_retrieval,depth_32,development,ablation,depth_32,,,,,,,,,,
i2t,32.0,recall_at_10,0.4726000130176544,coco_retrieval,depth_32,development,ablation,depth_32,,,,,,,,,,
i2t,32.0,candidate_coverage,0.8155999779701233,coco_retrieval,depth_32,development,ablation,depth_32,,,,,,,,,,
i2t,32.0,mean_rank,14.647600173950195,coco_retrieval,depth_32,development,ablation,depth_32,,,,,,,,,,
i2t,32.0,median_rank,11.0,coco_retrieval,depth_32,development,ablation,depth_32,,,,,,,,,,
i2t,32.0,reranking_latency_ms,8.939609876833856,coco_retrieval,depth_32,development,ablation,depth_32,,,,,,,,,,
i2t,32.0,pair_count,160000.0,coco_retrieval,depth_32,development,ablation,depth_32,,,,,,,,,,
t2i,32.0,recall_at_1,0.0239865668118,coco_retrieval,depth_32,development,ablation,depth_32,,,,,,,,,,
t2i,32.0,recall_at_5,0.1198129057884216,coco_retrieval,depth_32,development,ablation,depth_32,,,,,,,,,,
t2i,32.0,recall_at_10,0.2391860485076904,coco_retrieval,depth_32,development,ablation,depth_32,,,,,,,,,,
t2i,32.0,candidate_coverage,0.7871991395950317,coco_retrieval,depth_32,development,ablation,depth_32,,,,,,,,,,
t2i,32.0,mean_rank,20.154993057250977,coco_retrieval,depth_32,development,ablation,depth_32,,,,,,,,,,
t2i,32.0,median_rank,21.0,coco_retrieval,depth_32,development,ablation,depth_32,,,,,,,,,,
t2i,32.0,reranking_latency_ms,7.448044483692641,coco_retrieval,depth_32,development,ablation,depth_32,,,,,,,,,,
t2i,32.0,pair_count,800448.0,coco_retrieval,depth_32,development,ablation,depth_32,,,,,,,,,,
,32.0,candidate_coverage,0.8489000201225281,cifar100_zeroshot,depth_32,development,ablation,depth_32,,,,,,,,,,
,32.0,top1,0.3664000034332275,cifar100_zeroshot,depth_32,development,ablation,depth_32,,,,,,,,,,
,32.0,top5,0.6991999745368958,cifar100_zeroshot,depth_32,development,ablation,depth_32,,,,,,,,,,
,32.0,additional_latency_ms,5.22125400500372,cifar100_zeroshot,depth_32,development,ablation,depth_32,,,,,,,,,,
,32.0,candidate_count,32.0,cifar100_zeroshot,depth_32,development,ablation,depth_32,,,,,,,,,,
,32.0,candidate_coverage,0.907608687877655,pets_zeroshot,depth_32,development,ablation,depth_32,,,,,,,,,,
,32.0,top1,0.073369562625885,pets_zeroshot,depth_32,development,ablation,depth_32,,,,,,,,,,
,32.0,top5,0.32201087474823,pets_zeroshot,depth_32,development,ablation,depth_32,,,,,,,,,,
,32.0,additional_latency_ms,1.5014654617635128,pets_zeroshot,depth_32,development,ablation,depth_32,,,,,,,,,,
,32.0,candidate_count,32.0,pets_zeroshot,depth_32,development,ablation,depth_32,,,,,,,,,,
,32.0,candidate_coverage,1.0,eurosat_zeroshot,depth_32,development,ablation,depth_32,,,,,,,,,,
,32.0,top1,0.887901246547699,eurosat_zeroshot,depth_32,development,ablation,depth_32,,,,,,,,,,
,32.0,top5,0.9982715845108032,eurosat_zeroshot,depth_32,development,ablation,depth_32,,,,,,,,,,
,32.0,additional_latency_ms,0.3768894780013296,eurosat_zeroshot,depth_32,development,ablation,depth_32,,,,,,,,,,
,32.0,candidate_count,10.0,eurosat_zeroshot,depth_32,development,ablation,depth_32,,,,,,,,,,
i2t,64.0,recall_at_1,0.0452000014483928,coco_retrieval,depth_64,development,ablation,depth_64,,,,,,,,,,
i2t,64.0,recall_at_5,0.1995999962091446,coco_retrieval,depth_64,development,ablation,depth_64,,,,,,,,,,
i2t,64.0,recall_at_10,0.352400004863739,coco_retrieval,depth_64,development,ablation,depth_64,,,,,,,,,,
i2t,64.0,candidate_coverage,0.9120000004768372,coco_retrieval,depth_64,development,ablation,depth_64,,,,,,,,,,
i2t,64.0,mean_rank,22.90060043334961,coco_retrieval,depth_64,development,ablation,depth_64,,,,,,,,,,
i2t,64.0,median_rank,17.0,coco_retrieval,depth_64,development,ablation,depth_64,,,,,,,,,,
i2t,64.0,reranking_latency_ms,8.939609876833856,coco_retrieval,depth_64,development,ablation,depth_64,,,,,,,,,,
i2t,64.0,pair_count,320000.0,coco_retrieval,depth_64,development,ablation,depth_64,,,,,,,,,,
t2i,64.0,recall_at_1,0.0116734625771641,coco_retrieval,depth_64,development,ablation,depth_64,,,,,,,,,,
t2i,64.0,recall_at_5,0.0587271116673946,coco_retrieval,depth_64,development,ablation,depth_64,,,,,,,,,,
t2i,64.0,recall_at_10,0.1219716966152191,coco_retrieval,depth_64,development,ablation,depth_64,,,,,,,,,,
t2i,64.0,candidate_coverage,0.9012153148651124,coco_retrieval,depth_64,development,ablation,depth_64,,,,,,,,,,
t2i,64.0,mean_rank,37.06608200073242,coco_retrieval,depth_64,development,ablation,depth_64,,,,,,,,,,
t2i,64.0,median_rank,38.0,coco_retrieval,depth_64,development,ablation,depth_64,,,,,,,,,,
t2i,64.0,reranking_latency_ms,7.448044483692641,coco_retrieval,depth_64,development,ablation,depth_64,,,,,,,,,,
t2i,64.0,pair_count,1600896.0,coco_retrieval,depth_64,development,ablation,depth_64,,,,,,,,,,
,64.0,candidate_coverage,0.9718000292778016,cifar100_zeroshot,depth_64,development,ablation,depth_64,,,,,,,,,,
,64.0,top1,0.245399996638298,cifar100_zeroshot,depth_64,development,ablation,depth_64,,,,,,,,,,
,64.0,top5,0.598800003528595,cifar100_zeroshot,depth_64,development,ablation,depth_64,,,,,,,,,,
,64.0,additional_latency_ms,5.22125400500372,cifar100_zeroshot,depth_64,development,ablation,depth_64,,,,,,,,,,
,64.0,candidate_count,64.0,cifar100_zeroshot,depth_64,development,ablation,depth_64,,,,,,,,,,
,64.0,candidate_coverage,1.0,pets_zeroshot,depth_64,development,ablation,depth_64,,,,,,,,,,
,64.0,top1,0.0557065233588218,pets_zeroshot,depth_64,development,ablation,depth_64,,,,,,,,,,
,64.0,top5,0.2785325944423675,pets_zeroshot,depth_64,development,ablation,depth_64,,,,,,,,,,
,64.0,additional_latency_ms,1.5014654617635128,pets_zeroshot,depth_64,development,ablation,depth_64,,,,,,,,,,
,64.0,candidate_count,37.0,pets_zeroshot,depth_64,development,ablation,depth_64,,,,,,,,,,
,64.0,candidate_coverage,1.0,eurosat_zeroshot,depth_64,development,ablation,depth_64,,,,,,,,,,
,64.0,top1,0.887901246547699,eurosat_zeroshot,depth_64,development,ablation,depth_64,,,,,,,,,,
,64.0,top5,0.9982715845108032,eurosat_zeroshot,depth_64,development,ablation,depth_64,,,,,,,,,,
,64.0,additional_latency_ms,0.3768894780013296,eurosat_zeroshot,depth_64,development,ablation,depth_64,,,,,,,,,,
,64.0,candidate_count,10.0,eurosat_zeroshot,depth_64,development,ablation,depth_64,,,,,,,,,,
i2t,64.0,recall_at_1,0.0456000007688999,coco_retrieval,dim_256,development,ablation,,,,,,,,,,,
i2t,64.0,recall_at_5,0.2036000043153762,coco_retrieval,dim_256,development,ablation,,,,,,,,,,,
i2t,64.0,recall_at_10,0.3490000069141388,coco_retrieval,dim_256,development,ablation,,,,,,,,,,,
i2t,64.0,candidate_coverage,0.9120000004768372,coco_retrieval,dim_256,development,ablation,,,,,,,,,,,
i2t,64.0,mean_rank,23.04019927978516,coco_retrieval,dim_256,development,ablation,,,,,,,,,,,
i2t,64.0,median_rank,17.0,coco_retrieval,dim_256,development,ablation,,,,,,,,,,,
i2t,64.0,reranking_latency_ms,4.05777880512178,coco_retrieval,dim_256,development,ablation,,,,,,,,,,,
i2t,64.0,pair_count,320000.0,coco_retrieval,dim_256,development,ablation,,,,,,,,,,,
t2i,64.0,recall_at_1,0.0115135526284575,coco_retrieval,dim_256,development,ablation,,,,,,,,,,,
t2i,64.0,recall_at_5,0.0596465989947319,coco_retrieval,dim_256,development,ablation,,,,,,,,,,,
t2i,64.0,recall_at_10,0.1206924095749855,coco_retrieval,dim_256,development,ablation,,,,,,,,,,,
t2i,64.0,candidate_coverage,0.9012153148651124,coco_retrieval,dim_256,development,ablation,,,,,,,,,,,
t2i,64.0,mean_rank,37.1673469543457,coco_retrieval,dim_256,development,ablation,,,,,,,,,,,
t2i,64.0,median_rank,38.0,coco_retrieval,dim_256,development,ablation,,,,,,,,,,,
t2i,64.0,reranking_latency_ms,6.009411581615383,coco_retrieval,dim_256,development,ablation,,,,,,,,,,,
t2i,64.0,pair_count,1600896.0,coco_retrieval,dim_256,development,ablation,,,,,,,,,,,
,64.0,candidate_coverage,0.9718000292778016,cifar100_zeroshot,dim_256,development,ablation,,,,,,,,,,,
,64.0,top1,0.2354999929666519,cifar100_zeroshot,dim_256,development,ablation,,,,,,,,,,,
,64.0,top5,0.597100019454956,cifar100_zeroshot,dim_256,development,ablation,,,,,,,,,,,
,64.0,additional_latency_ms,2.4788678447715937,cifar100_zeroshot,dim_256,development,ablation,,,,,,,,,,,
,64.0,candidate_count,64.0,cifar100_zeroshot,dim_256,development,ablation,,,,,,,,,,,
,64.0,candidate_coverage,1.0,pets_zeroshot,dim_256,development,ablation,,,,,,,,,,,
,64.0,top1,0.0692934766411781,pets_zeroshot,dim_256,development,ablation,,,,,,,,,,,
,64.0,top5,0.2894021868705749,pets_zeroshot,dim_256,development,ablation,,,,,,,,,,,
,64.0,additional_latency_ms,1.377210773922422,pets_zeroshot,dim_256,development,ablation,,,,,,,,,,,
,64.0,candidate_count,37.0,pets_zeroshot,dim_256,development,ablation,,,,,,,,,,,
,64.0,candidate_coverage,1.0,eurosat_zeroshot,dim_256,development,ablation,,,,,,,,,,,
,64.0,top1,0.8990123271942139,eurosat_zeroshot,dim_256,development,ablation,,,,,,,,,,,
,64.0,top5,0.9980247020721436,eurosat_zeroshot,dim_256,development,ablation,,,,,,,,,,,
,64.0,additional_latency_ms,0.3558084920600609,eurosat_zeroshot,dim_256,development,ablation,,,,,,,,,,,
,64.0,candidate_count,10.0,eurosat_zeroshot,dim_256,development,ablation,,,,,,,,,,,
i2t,64.0,recall_at_1,0.0465999990701675,coco_retrieval,dim_512,development,ablation,,,,,,,,,,,
i2t,64.0,recall_at_5,0.1972000002861023,coco_retrieval,dim_512,development,ablation,,,,,,,,,,,
i2t,64.0,recall_at_10,0.3456000089645386,coco_retrieval,dim_512,development,ablation,,,,,,,,,,,
i2t,64.0,candidate_coverage,0.9120000004768372,coco_retrieval,dim_512,development,ablation,,,,,,,,,,,
i2t,64.0,mean_rank,23.070199966430664,coco_retrieval,dim_512,development,ablation,,,,,,,,,,,
i2t,64.0,median_rank,17.0,coco_retrieval,dim_512,development,ablation,,,,,,,,,,,
i2t,64.0,reranking_latency_ms,20.41714992504567,coco_retrieval,dim_512,development,ablation,,,,,,,,,,,
i2t,64.0,pair_count,320000.0,coco_retrieval,dim_512,development,ablation,,,,,,,,,,,
t2i,64.0,recall_at_1,0.0103941792622208,coco_retrieval,dim_512,development,ablation,,,,,,,,,,,
t2i,64.0,recall_at_5,0.0583673156797885,coco_retrieval,dim_512,development,ablation,,,,,,,,,,,
t2i,64.0,recall_at_10,0.1190933063626289,coco_retrieval,dim_512,development,ablation,,,,,,,,,,,
t2i,64.0,candidate_coverage,0.9012153148651124,coco_retrieval,dim_512,development,ablation,,,,,,,,,,,
t2i,64.0,mean_rank,37.18993377685547,coco_retrieval,dim_512,development,ablation,,,,,,,,,,,
t2i,64.0,median_rank,38.0,coco_retrieval,dim_512,development,ablation,,,,,,,,,,,
t2i,64.0,reranking_latency_ms,6.748629558482664,coco_retrieval,dim_512,development,ablation,,,,,,,,,,,
t2i,64.0,pair_count,1600896.0,coco_retrieval,dim_512,development,ablation,,,,,,,,,,,
,64.0,candidate_coverage,0.9718000292778016,cifar100_zeroshot,dim_512,development,ablation,,,,,,,,,,,
,64.0,top1,0.2775999903678894,cifar100_zeroshot,dim_512,development,ablation,,,,,,,,,,,
,64.0,top5,0.6294999718666077,cifar100_zeroshot,dim_512,development,ablation,,,,,,,,,,,
,64.0,additional_latency_ms,4.391996362898499,cifar100_zeroshot,dim_512,development,ablation,,,,,,,,,,,
,64.0,candidate_count,64.0,cifar100_zeroshot,dim_512,development,ablation,,,,,,,,,,,
,64.0,candidate_coverage,1.0,pets_zeroshot,dim_512,development,ablation,,,,,,,,,,,
,64.0,top1,0.0747282579541206,pets_zeroshot,dim_512,development,ablation,,,,,,,,,,,
,64.0,top5,0.3315217494964599,pets_zeroshot,dim_512,development,ablation,,,,,,,,,,,
,64.0,additional_latency_ms,2.6115199814186147,pets_zeroshot,dim_512,development,ablation,,,,,,,,,,,
,64.0,candidate_count,37.0,pets_zeroshot,dim_512,development,ablation,,,,,,,,,,,
,64.0,candidate_coverage,1.0,eurosat_zeroshot,dim_512,development,ablation,,,,,,,,,,,
,64.0,top1,0.8948147892951965,eurosat_zeroshot,dim_512,development,ablation,,,,,,,,,,,
,64.0,top5,0.9982715845108032,eurosat_zeroshot,dim_512,development,ablation,,,,,,,,,,,
,64.0,additional_latency_ms,0.9179689955932124,eurosat_zeroshot,dim_512,development,ablation,,,,,,,,,,,
,64.0,candidate_count,10.0,eurosat_zeroshot,dim_512,development,ablation,,,,,,,,,,,
,,coco5_i2t_R@1,0.179199993610382,coco_retrieval,dual_encoder,development,ablation,dual_encoder_only,dinov2_vits14__all_minilm_l6_v2__baseline,dinov2_vits14,all_minilm_l6_v2,baseline,2.0,/mnt/fast/nobackup/scratch4weeks/pp01184/alignment_vlm/checkpoints/dinov2_vits14_all_minilm_l6_v2_baseline/best.pt,full,coco_val2017_development,,
,,coco5_i2t_R@5,0.4469999969005584,coco_retrieval,dual_encoder,development,ablation,dual_encoder_only,dinov2_vits14__all_minilm_l6_v2__baseline,dinov2_vits14,all_minilm_l6_v2,baseline,2.0,/mnt/fast/nobackup/scratch4weeks/pp01184/alignment_vlm/checkpoints/dinov2_vits14_all_minilm_l6_v2_baseline/best.pt,full,coco_val2017_development,,
,,coco5_i2t_R@10,0.5885999798774719,coco_retrieval,dual_encoder,development,ablation,dual_encoder_only,dinov2_vits14__all_minilm_l6_v2__baseline,dinov2_vits14,all_minilm_l6_v2,baseline,2.0,/mnt/fast/nobackup/scratch4weeks/pp01184/alignment_vlm/checkpoints/dinov2_vits14_all_minilm_l6_v2_baseline/best.pt,full,coco_val2017_development,,
,,coco5_mean_rank_i2t,27.20940017700196,coco_retrieval,dual_encoder,development,ablation,dual_encoder_only,dinov2_vits14__all_minilm_l6_v2__baseline,dinov2_vits14,all_minilm_l6_v2,baseline,2.0,/mnt/fast/nobackup/scratch4weeks/pp01184/alignment_vlm/checkpoints/dinov2_vits14_all_minilm_l6_v2_baseline/best.pt,full,coco_val2017_development,,
,,coco5_median_rank_i2t,7.0,coco_retrieval,dual_encoder,development,ablation,dual_encoder_only,dinov2_vits14__all_minilm_l6_v2__baseline,dinov2_vits14,all_minilm_l6_v2,baseline,2.0,/mnt/fast/nobackup/scratch4weeks/pp01184/alignment_vlm/checkpoints/dinov2_vits14_all_minilm_l6_v2_baseline/best.pt,full,coco_val2017_development,,
,,coco5_t2i_R@1,0.1543535590171814,coco_retrieval,dual_encoder,development,ablation,dual_encoder_only,dinov2_vits14__all_minilm_l6_v2__baseline,dinov2_vits14,all_minilm_l6_v2,baseline,2.0,/mnt/fast/nobackup/scratch4weeks/pp01184/alignment_vlm/checkpoints/dinov2_vits14_all_minilm_l6_v2_baseline/best.pt,full,coco_val2017_development,,
,,coco5_t2i_R@5,0.4019748866558075,coco_retrieval,dual_encoder,development,ablation,dual_encoder_only,dinov2_vits14__all_minilm_l6_v2__baseline,dinov2_vits14,all_minilm_l6_v2,baseline,2.0,/mnt/fast/nobackup/scratch4weeks/pp01184/alignment_vlm/checkpoints/dinov2_vits14_all_minilm_l6_v2_baseline/best.pt,full,coco_val2017_development,,
,,coco5_t2i_R@10,0.5470536351203918,coco_retrieval,dual_encoder,development,ablation,dual_encoder_only,dinov2_vits14__all_minilm_l6_v2__baseline,dinov2_vits14,all_minilm_l6_v2,baseline,2.0,/mnt/fast/nobackup/scratch4weeks/pp01184/alignment_vlm/checkpoints/dinov2_vits14_all_minilm_l6_v2_baseline/best.pt,full,coco_val2017_development,,
,,coco5_mean_rank_t2i,33.23926544189453,coco_retrieval,dual_encoder,development,ablation,dual_encoder_only,dinov2_vits14__all_minilm_l6_v2__baseline,dinov2_vits14,all_minilm_l6_v2,baseline,2.0,/mnt/fast/nobackup/scratch4weeks/pp01184/alignment_vlm/checkpoints/dinov2_vits14_all_minilm_l6_v2_baseline/best.pt,full,coco_val2017_development,,
,,coco5_median_rank_t2i,9.0,coco_retrieval,dual_encoder,development,ablation,dual_encoder_only,dinov2_vits14__all_minilm_l6_v2__baseline,dinov2_vits14,all_minilm_l6_v2,baseline,2.0,/mnt/fast/nobackup/scratch4weeks/pp01184/alignment_vlm/checkpoints/dinov2_vits14_all_minilm_l6_v2_baseline/best.pt,full,coco_val2017_development,,
,,coco5_num_image_queries,5000.0,coco_retrieval,dual_encoder,development,ablation,dual_encoder_only,dinov2_vits14__all_minilm_l6_v2__baseline,dinov2_vits14,all_minilm_l6_v2,baseline,2.0,/mnt/fast/nobackup/scratch4weeks/pp01184/alignment_vlm/checkpoints/dinov2_vits14_all_minilm_l6_v2_baseline/best.pt,full,coco_val2017_development,,
,,coco5_num_text_queries,25014.0,coco_retrieval,dual_encoder,development,ablation,dual_encoder_only,dinov2_vits14__all_minilm_l6_v2__baseline,dinov2_vits14,all_minilm_l6_v2,baseline,2.0,/mnt/fast/nobackup/scratch4weeks/pp01184/alignment_vlm/checkpoints/dinov2_vits14_all_minilm_l6_v2_baseline/best.pt,full,coco_val2017_development,,
,,top1_accuracy,0.2610000073909759,cifar100_zeroshot,dual_encoder,development,ablation,dual_encoder_only,dinov2_vits14__all_minilm_l6_v2__baseline,dinov2_vits14,all_minilm_l6_v2,baseline,2.0,/mnt/fast/nobackup/scratch4weeks/pp01184/alignment_vlm/checkpoints/dinov2_vits14_all_minilm_l6_v2_baseline/best.pt,full,cifar100_official_train_development,,
,,top5_accuracy,0.5078999996185303,cifar100_zeroshot,dual_encoder,development,ablation,dual_encoder_only,dinov2_vits14__all_minilm_l6_v2__baseline,dinov2_vits14,all_minilm_l6_v2,baseline,2.0,/mnt/fast/nobackup/scratch4weeks/pp01184/alignment_vlm/checkpoints/dinov2_vits14_all_minilm_l6_v2_baseline/best.pt,full,cifar100_official_train_development,,
,,macro_f1,0.23107947816194,cifar100_zeroshot,dual_encoder,development,ablation,dual_encoder_only,dinov2_vits14__all_minilm_l6_v2__baseline,dinov2_vits14,all_minilm_l6_v2,baseline,2.0,/mnt/fast/nobackup/scratch4weeks/pp01184/alignment_vlm/checkpoints/dinov2_vits14_all_minilm_l6_v2_baseline/best.pt,full,cifar100_official_train_development,,
,,balanced_accuracy,0.261,cifar100_zeroshot,dual_encoder,development,ablation,dual_encoder_only,dinov2_vits14__all_minilm_l6_v2__baseline,dinov2_vits14,all_minilm_l6_v2,baseline,2.0,/mnt/fast/nobackup/scratch4weeks/pp01184/alignment_vlm/checkpoints/dinov2_vits14_all_minilm_l6_v2_baseline/best.pt,full,cifar100_official_train_development,,
,,mean_confidence,0.397945761680603,cifar100_zeroshot,dual_encoder,development,ablation,dual_encoder_only,dinov2_vits14__all_minilm_l6_v2__baseline,dinov2_vits14,all_minilm_l6_v2,baseline,2.0,/mnt/fast/nobackup/scratch4weeks/pp01184/alignment_vlm/checkpoints/dinov2_vits14_all_minilm_l6_v2_baseline/best.pt,full,cifar100_official_train_development,,
,,classification_margin,-0.0705372169613838,cifar100_zeroshot,dual_encoder,development,ablation,dual_encoder_only,dinov2_vits14__all_minilm_l6_v2__baseline,dinov2_vits14,all_minilm_l6_v2,baseline,2.0,/mnt/fast/nobackup/scratch4weeks/pp01184/alignment_vlm/checkpoints/dinov2_vits14_all_minilm_l6_v2_baseline/best.pt,full,cifar100_official_train_development,,
,,top1_margin,0.2576015889644623,cifar100_zeroshot,dual_encoder,development,ablation,dual_encoder_only,dinov2_vits14__all_minilm_l6_v2__baseline,dinov2_vits14,all_minilm_l6_v2,baseline,2.0,/mnt/fast/nobackup/scratch4weeks/pp01184/alignment_vlm/checkpoints/dinov2_vits14_all_minilm_l6_v2_baseline/best.pt,full,cifar100_official_train_development,,
,,top1_accuracy,0.0706521719694137,pets_zeroshot,dual_encoder,development,ablation,dual_encoder_only,dinov2_vits14__all_minilm_l6_v2__baseline,dinov2_vits14,all_minilm_l6_v2,baseline,2.0,/mnt/fast/nobackup/scratch4weeks/pp01184/alignment_vlm/checkpoints/dinov2_vits14_all_minilm_l6_v2_baseline/best.pt,full,oxford_iiit_pet_trainval_development,,
,,top5_accuracy,0.2486412972211837,pets_zeroshot,dual_encoder,development,ablation,dual_encoder_only,dinov2_vits14__all_minilm_l6_v2__baseline,dinov2_vits14,all_minilm_l6_v2,baseline,2.0,/mnt/fast/nobackup/scratch4weeks/pp01184/alignment_vlm/checkpoints/dinov2_vits14_all_minilm_l6_v2_baseline/best.pt,full,oxford_iiit_pet_trainval_development,,
,,macro_f1,0.031738558720697,pets_zeroshot,dual_encoder,development,ablation,dual_encoder_only,dinov2_vits14__all_minilm_l6_v2__baseline,dinov2_vits14,all_minilm_l6_v2,baseline,2.0,/mnt/fast/nobackup/scratch4weeks/pp01184/alignment_vlm/checkpoints/dinov2_vits14_all_minilm_l6_v2_baseline/best.pt,full,oxford_iiit_pet_trainval_development,,
,,balanced_accuracy,0.0712660028449502,pets_zeroshot,dual_encoder,development,ablation,dual_encoder_only,dinov2_vits14__all_minilm_l6_v2__baseline,dinov2_vits14,all_minilm_l6_v2,baseline,2.0,/mnt/fast/nobackup/scratch4weeks/pp01184/alignment_vlm/checkpoints/dinov2_vits14_all_minilm_l6_v2_baseline/best.pt,full,oxford_iiit_pet_trainval_development,,
,,mean_confidence,0.303814560174942,pets_zeroshot,dual_encoder,development,ablation,dual_encoder_only,dinov2_vits14__all_minilm_l6_v2__baseline,dinov2_vits14,all_minilm_l6_v2,baseline,2.0,/mnt/fast/nobackup/scratch4weeks/pp01184/alignment_vlm/checkpoints/dinov2_vits14_all_minilm_l6_v2_baseline/best.pt,full,oxford_iiit_pet_trainval_development,,
,,classification_margin,-0.2420772910118103,pets_zeroshot,dual_encoder,development,ablation,dual_encoder_only,dinov2_vits14__all_minilm_l6_v2__baseline,dinov2_vits14,all_minilm_l6_v2,baseline,2.0,/mnt/fast/nobackup/scratch4weeks/pp01184/alignment_vlm/checkpoints/dinov2_vits14_all_minilm_l6_v2_baseline/best.pt,full,oxford_iiit_pet_trainval_development,,
,,top1_margin,0.1419352889060974,pets_zeroshot,dual_encoder,development,ablation,dual_encoder_only,dinov2_vits14__all_minilm_l6_v2__baseline,dinov2_vits14,all_minilm_l6_v2,baseline,2.0,/mnt/fast/nobackup/scratch4weeks/pp01184/alignment_vlm/checkpoints/dinov2_vits14_all_minilm_l6_v2_baseline/best.pt,full,oxford_iiit_pet_trainval_development,,
,,top1_accuracy,0.1930864155292511,eurosat_zeroshot,dual_encoder,development,ablation,dual_encoder_only,dinov2_vits14__all_minilm_l6_v2__baseline,dinov2_vits14,all_minilm_l6_v2,baseline,2.0,/mnt/fast/nobackup/scratch4weeks/pp01184/alignment_vlm/checkpoints/dinov2_vits14_all_minilm_l6_v2_baseline/best.pt,full,eurosat_deterministic_stratified_development,,
,,top5_accuracy,0.6469135880470276,eurosat_zeroshot,dual_encoder,development,ablation,dual_encoder_only,dinov2_vits14__all_minilm_l6_v2__baseline,dinov2_vits14,all_minilm_l6_v2,baseline,2.0,/mnt/fast/nobackup/scratch4weeks/pp01184/alignment_vlm/checkpoints/dinov2_vits14_all_minilm_l6_v2_baseline/best.pt,full,eurosat_deterministic_stratified_development,,
,,macro_f1,0.1665901045166984,eurosat_zeroshot,dual_encoder,development,ablation,dual_encoder_only,dinov2_vits14__all_minilm_l6_v2__baseline,dinov2_vits14,all_minilm_l6_v2,baseline,2.0,/mnt/fast/nobackup/scratch4weeks/pp01184/alignment_vlm/checkpoints/dinov2_vits14_all_minilm_l6_v2_baseline/best.pt,full,eurosat_deterministic_stratified_development,,
,,balanced_accuracy,0.1992444444444444,eurosat_zeroshot,dual_encoder,development,ablation,dual_encoder_only,dinov2_vits14__all_minilm_l6_v2__baseline,dinov2_vits14,all_minilm_l6_v2,baseline,2.0,/mnt/fast/nobackup/scratch4weeks/pp01184/alignment_vlm/checkpoints/dinov2_vits14_all_minilm_l6_v2_baseline/best.pt,full,eurosat_deterministic_stratified_development,,
,,mean_confidence,0.4974256157875061,eurosat_zeroshot,dual_encoder,development,ablation,dual_encoder_only,dinov2_vits14__all_minilm_l6_v2__baseline,dinov2_vits14,all_minilm_l6_v2,baseline,2.0,/mnt/fast/nobackup/scratch4weeks/pp01184/alignment_vlm/checkpoints/dinov2_vits14_all_minilm_l6_v2_baseline/best.pt,full,eurosat_deterministic_stratified_development,,
,,classification_margin,-0.2551185488700866,eurosat_zeroshot,dual_encoder,development,ablation,dual_encoder_only,dinov2_vits14__all_minilm_l6_v2__baseline,dinov2_vits14,all_minilm_l6_v2,baseline,2.0,/mnt/fast/nobackup/scratch4weeks/pp01184/alignment_vlm/checkpoints/dinov2_vits14_all_minilm_l6_v2_baseline/best.pt,full,eurosat_deterministic_stratified_development,,
,,top1_margin,0.2897841036319732,eurosat_zeroshot,dual_encoder,development,ablation,dual_encoder_only,dinov2_vits14__all_minilm_l6_v2__baseline,dinov2_vits14,all_minilm_l6_v2,baseline,2.0,/mnt/fast/nobackup/scratch4weeks/pp01184/alignment_vlm/checkpoints/dinov2_vits14_all_minilm_l6_v2_baseline/best.pt,full,eurosat_deterministic_stratified_development,,
i2t,64.0,recall_at_1,0.0452000014483928,coco_retrieval,hard_negatives,development,ablation,,,,,,,,,,,
i2t,64.0,recall_at_5,0.2080000042915344,coco_retrieval,hard_negatives,development,ablation,,,,,,,,,,,
i2t,64.0,recall_at_10,0.3510000109672546,coco_retrieval,hard_negatives,development,ablation,,,,,,,,,,,
i2t,64.0,candidate_coverage,0.9120000004768372,coco_retrieval,hard_negatives,development,ablation,,,,,,,,,,,
i2t,64.0,mean_rank,22.975799560546875,coco_retrieval,hard_negatives,development,ablation,,,,,,,,,,,
i2t,64.0,median_rank,17.0,coco_retrieval,hard_negatives,development,ablation,,,,,,,,,,,
i2t,64.0,reranking_latency_ms,3.785461450740695,coco_retrieval,hard_negatives,development,ablation,,,,,,,,,,,
i2t,64.0,pair_count,320000.0,coco_retrieval,hard_negatives,development,ablation,,,,,,,,,,,
t2i,64.0,recall_at_1,0.0107539780437946,coco_retrieval,hard_negatives,development,ablation,,,,,,,,,,,
t2i,64.0,recall_at_5,0.0580874718725681,coco_retrieval,hard_negatives,development,ablation,,,,,,,,,,,
t2i,64.0,recall_at_10,0.1186535507440567,coco_retrieval,hard_negatives,development,ablation,,,,,,,,,,,
t2i,64.0,candidate_coverage,0.9012153148651124,coco_retrieval,hard_negatives,development,ablation,,,,,,,,,,,
t2i,64.0,mean_rank,37.1461181640625,coco_retrieval,hard_negatives,development,ablation,,,,,,,,,,,
t2i,64.0,median_rank,38.0,coco_retrieval,hard_negatives,development,ablation,,,,,,,,,,,
t2i,64.0,reranking_latency_ms,4.933757177292181,coco_retrieval,hard_negatives,development,ablation,,,,,,,,,,,
t2i,64.0,pair_count,1600896.0,coco_retrieval,hard_negatives,development,ablation,,,,,,,,,,,
,64.0,candidate_coverage,0.9718000292778016,cifar100_zeroshot,hard_negatives,development,ablation,,,,,,,,,,,
,64.0,top1,0.198400005698204,cifar100_zeroshot,hard_negatives,development,ablation,,,,,,,,,,,
,64.0,top5,0.5770000219345093,cifar100_zeroshot,hard_negatives,development,ablation,,,,,,,,,,,
,64.0,additional_latency_ms,3.142602952476591,cifar100_zeroshot,hard_negatives,development,ablation,,,,,,,,,,,
,64.0,candidate_count,64.0,cifar100_zeroshot,hard_negatives,development,ablation,,,,,,,,,,,
,64.0,candidate_coverage,1.0,pets_zeroshot,hard_negatives,development,ablation,,,,,,,,,,,
,64.0,top1,0.0570652186870574,pets_zeroshot,hard_negatives,development,ablation,,,,,,,,,,,
,64.0,top5,0.3084239065647125,pets_zeroshot,hard_negatives,development,ablation,,,,,,,,,,,
,64.0,additional_latency_ms,1.4600939466618,pets_zeroshot,hard_negatives,development,ablation,,,,,,,,,,,
,64.0,candidate_count,37.0,pets_zeroshot,hard_negatives,development,ablation,,,,,,,,,,,
,64.0,candidate_coverage,1.0,eurosat_zeroshot,hard_negatives,development,ablation,,,,,,,,,,,
,64.0,top1,0.8832098841667175,eurosat_zeroshot,hard_negatives,development,ablation,,,,,,,,,,,
,64.0,top5,0.9982715845108032,eurosat_zeroshot,hard_negatives,development,ablation,,,,,,,,,,,
,64.0,additional_latency_ms,0.3617720034571342,eurosat_zeroshot,hard_negatives,development,ablation,,,,,,,,,,,
,64.0,candidate_count,10.0,eurosat_zeroshot,hard_negatives,development,ablation,,,,,,,,,,,
i2t,64.0,recall_at_1,0.0494000017642974,coco_retrieval,heads_2,development,ablation,,,,,,,,,,,
i2t,64.0,recall_at_5,0.200200006365776,coco_retrieval,heads_2,development,ablation,,,,,,,,,,,
i2t,64.0,recall_at_10,0.350600004196167,coco_retrieval,heads_2,development,ablation,,,,,,,,,,,
i2t,64.0,candidate_coverage,0.9120000004768372,coco_retrieval,heads_2,development,ablation,,,,,,,,,,,
i2t,64.0,mean_rank,22.869199752807617,coco_retrieval,heads_2,development,ablation,,,,,,,,,,,
i2t,64.0,median_rank,17.0,coco_retrieval,heads_2,development,ablation,,,,,,,,,,,
i2t,64.0,reranking_latency_ms,3.900791005045176,coco_retrieval,heads_2,development,ablation,,,,,,,,,,,
i2t,64.0,pair_count,320000.0,coco_retrieval,heads_2,development,ablation,,,,,,,,,,,
t2i,64.0,recall_at_1,0.0102742463350296,coco_retrieval,heads_2,development,ablation,,,,,,,,,,,
t2i,64.0,recall_at_5,0.05756776034832,coco_retrieval,heads_2,development,ablation,,,,,,,,,,,
t2i,64.0,recall_at_10,0.1202126815915107,coco_retrieval,heads_2,development,ablation,,,,,,,,,,,
t2i,64.0,candidate_coverage,0.9012153148651124,coco_retrieval,heads_2,development,ablation,,,,,,,,,,,
t2i,64.0,mean_rank,37.01683044433594,coco_retrieval,heads_2,development,ablation,,,,,,,,,,,
t2i,64.0,median_rank,38.0,coco_retrieval,heads_2,development,ablation,,,,,,,,,,,
t2i,64.0,reranking_latency_ms,3.854098260330301,coco_retrieval,heads_2,development,ablation,,,,,,,,,,,
t2i,64.0,pair_count,1600896.0,coco_retrieval,heads_2,development,ablation,,,,,,,,,,,
,64.0,candidate_coverage,0.9718000292778016,cifar100_zeroshot,heads_2,development,ablation,,,,,,,,,,,
,64.0,top1,0.2452999949455261,cifar100_zeroshot,heads_2,development,ablation,,,,,,,,,,,
,64.0,top5,0.5943999886512756,cifar100_zeroshot,heads_2,development,ablation,,,,,,,,,,,
,64.0,additional_latency_ms,4.296275760605932,cifar100_zeroshot,heads_2,development,ablation,,,,,,,,,,,
,64.0,candidate_count,64.0,cifar100_zeroshot,heads_2,development,ablation,,,,,,,,,,,
,64.0,candidate_coverage,1.0,pets_zeroshot,heads_2,development,ablation,,,,,,,,,,,
,64.0,top1,0.0774456486105918,pets_zeroshot,heads_2,development,ablation,,,,,,,,,,,
,64.0,top5,0.354619562625885,pets_zeroshot,heads_2,development,ablation,,,,,,,,,,,
,64.0,additional_latency_ms,2.063257688069311,pets_zeroshot,heads_2,development,ablation,,,,,,,,,,,
,64.0,candidate_count,37.0,pets_zeroshot,heads_2,development,ablation,,,,,,,,,,,
,64.0,candidate_coverage,1.0,eurosat_zeroshot,heads_2,development,ablation,,,,,,,,,,,
,64.0,top1,0.8861728310585022,eurosat_zeroshot,heads_2,development,ablation,,,,,,,,,,,
,64.0,top5,0.9982715845108032,eurosat_zeroshot,heads_2,development,ablation,,,,,,,,,,,
,64.0,additional_latency_ms,0.3563036516676714,eurosat_zeroshot,heads_2,development,ablation,,,,,,,,,,,
,64.0,candidate_count,10.0,eurosat_zeroshot,heads_2,development,ablation,,,,,,,,,,,
i2t,64.0,recall_at_1,0.0491999983787536,coco_retrieval,heads_4,development,ablation,,,,,,,,,,,
i2t,64.0,recall_at_5,0.2003999948501587,coco_retrieval,heads_4,development,ablation,,,,,,,,,,,
i2t,64.0,recall_at_10,0.3477999866008758,coco_retrieval,heads_4,development,ablation,,,,,,,,,,,
i2t,64.0,candidate_coverage,0.9120000004768372,coco_retrieval,heads_4,development,ablation,,,,,,,,,,,
i2t,64.0,mean_rank,23.04680061340332,coco_retrieval,heads_4,development,ablation,,,,,,,,,,,
i2t,64.0,median_rank,17.0,coco_retrieval,heads_4,development,ablation,,,,,,,,,,,
i2t,64.0,reranking_latency_ms,13.454740941897034,coco_retrieval,heads_4,development,ablation,,,,,,,,,,,
i2t,64.0,pair_count,320000.0,coco_retrieval,heads_4,development,ablation,,,,,,,,,,,
t2i,64.0,recall_at_1,0.0105940671637654,coco_retrieval,heads_4,development,ablation,,,,,,,,,,,
t2i,64.0,recall_at_5,0.0583673156797885,coco_retrieval,heads_4,development,ablation,,,,,,,,,,,
t2i,64.0,recall_at_10,0.120092749595642,coco_retrieval,heads_4,development,ablation,,,,,,,,,,,
t2i,64.0,candidate_coverage,0.9012153148651124,coco_retrieval,heads_4,development,ablation,,,,,,,,,,,
t2i,64.0,mean_rank,36.96574020385742,coco_retrieval,heads_4,development,ablation,,,,,,,,,,,
t2i,64.0,median_rank,38.0,coco_retrieval,heads_4,development,ablation,,,,,,,,,,,
t2i,64.0,reranking_latency_ms,32.167404531739145,coco_retrieval,heads_4,development,ablation,,,,,,,,,,,
t2i,64.0,pair_count,1600896.0,coco_retrieval,heads_4,development,ablation,,,,,,,,,,,
,64.0,candidate_coverage,0.9718000292778016,cifar100_zeroshot,heads_4,development,ablation,,,,,,,,,,,
,64.0,top1,0.1897000074386596,cifar100_zeroshot,heads_4,development,ablation,,,,,,,,,,,
,64.0,top5,0.5738999843597412,cifar100_zeroshot,heads_4,development,ablation,,,,,,,,,,,
,64.0,additional_latency_ms,23.13210246609524,cifar100_zeroshot,heads_4,development,ablation,,,,,,,,,,,
,64.0,candidate_count,64.0,cifar100_zeroshot,heads_4,development,ablation,,,,,,,,,,,
,64.0,candidate_coverage,1.0,pets_zeroshot,heads_4,development,ablation,,,,,,,,,,,
,64.0,top1,0.0434782616794109,pets_zeroshot,heads_4,development,ablation,,,,,,,,,,,
,64.0,top5,0.2961956560611725,pets_zeroshot,heads_4,development,ablation,,,,,,,,,,,
,64.0,additional_latency_ms,18.17438111554467,pets_zeroshot,heads_4,development,ablation,,,,,,,,,,,
,64.0,candidate_count,37.0,pets_zeroshot,heads_4,development,ablation,,,,,,,,,,,
,64.0,candidate_coverage,1.0,eurosat_zeroshot,heads_4,development,ablation,,,,,,,,,,,
,64.0,top1,0.8758024573326111,eurosat_zeroshot,heads_4,development,ablation,,,,,,,,,,,
,64.0,top5,0.9982715845108032,eurosat_zeroshot,heads_4,development,ablation,,,,,,,,,,,
,64.0,additional_latency_ms,2.9986530351510017,eurosat_zeroshot,heads_4,development,ablation,,,,,,,,,,,
,64.0,candidate_count,10.0,eurosat_zeroshot,heads_4,development,ablation,,,,,,,,,,,
i2t,64.0,recall_at_1,0.0460000000894069,coco_retrieval,layers_1,development,ablation,,,,,,,,,,,
i2t,64.0,recall_at_5,0.2021999955177307,coco_retrieval,layers_1,development,ablation,,,,,,,,,,,
i2t,64.0,recall_at_10,0.341399997472763,coco_retrieval,layers_1,development,ablation,,,,,,,,,,,
i2t,64.0,candidate_coverage,0.9120000004768372,coco_retrieval,layers_1,development,ablation,,,,,,,,,,,
i2t,64.0,mean_rank,23.22620010375977,coco_retrieval,layers_1,development,ablation,,,,,,,,,,,
i2t,64.0,median_rank,17.0,coco_retrieval,layers_1,development,ablation,,,,,,,,,,,
i2t,64.0,reranking_latency_ms,2.7412557739764454,coco_retrieval,layers_1,development,ablation,,,,,,,,,,,
i2t,64.0,pair_count,320000.0,coco_retrieval,layers_1,development,ablation,,,,,,,,,,,
t2i,64.0,recall_at_1,0.01175341848284,coco_retrieval,layers_1,development,ablation,,,,,,,,,,,
t2i,64.0,recall_at_5,0.0574878081679344,coco_retrieval,layers_1,development,ablation,,,,,,,,,,,
t2i,64.0,recall_at_10,0.1218917369842529,coco_retrieval,layers_1,development,ablation,,,,,,,,,,,
t2i,64.0,candidate_coverage,0.9012153148651124,coco_retrieval,layers_1,development,ablation,,,,,,,,,,,
t2i,64.0,mean_rank,37.174583435058594,coco_retrieval,layers_1,development,ablation,,,,,,,,,,,
t2i,64.0,median_rank,38.0,coco_retrieval,layers_1,development,ablation,,,,,,,,,,,
t2i,64.0,reranking_latency_ms,2.940210117211983,coco_retrieval,layers_1,development,ablation,,,,,,,,,,,
t2i,64.0,pair_count,1600896.0,coco_retrieval,layers_1,development,ablation,,,,,,,,,,,
,64.0,candidate_coverage,0.9718000292778016,cifar100_zeroshot,layers_1,development,ablation,,,,,,,,,,,
,64.0,top1,0.2287999987602234,cifar100_zeroshot,layers_1,development,ablation,,,,,,,,,,,
,64.0,top5,0.5945000052452087,cifar100_zeroshot,layers_1,development,ablation,,,,,,,,,,,
,64.0,additional_latency_ms,2.869855465460569,cifar100_zeroshot,layers_1,development,ablation,,,,,,,,,,,
,64.0,candidate_count,64.0,cifar100_zeroshot,layers_1,development,ablation,,,,,,,,,,,
,64.0,candidate_coverage,1.0,pets_zeroshot,layers_1,development,ablation,,,,,,,,,,,
,64.0,top1,0.0448369570076465,pets_zeroshot,layers_1,development,ablation,,,,,,,,,,,
,64.0,top5,0.33423912525177,pets_zeroshot,layers_1,development,ablation,,,,,,,,,,,
,64.0,additional_latency_ms,1.4533422591225449,pets_zeroshot,layers_1,development,ablation,,,,,,,,,,,
,64.0,candidate_count,37.0,pets_zeroshot,layers_1,development,ablation,,,,,,,,,,,
,64.0,candidate_coverage,1.0,eurosat_zeroshot,layers_1,development,ablation,,,,,,,,,,,
,64.0,top1,0.9113579988479614,eurosat_zeroshot,layers_1,development,ablation,,,,,,,,,,,
,64.0,top5,0.999506175518036,eurosat_zeroshot,layers_1,development,ablation,,,,,,,,,,,
,64.0,additional_latency_ms,0.2992225840779734,eurosat_zeroshot,layers_1,development,ablation,,,,,,,,,,,
,64.0,candidate_count,10.0,eurosat_zeroshot,layers_1,development,ablation,,,,,,,,,,,
i2t,64.0,recall_at_1,0.0465999990701675,coco_retrieval,layers_2,development,ablation,,,,,,,,,,,
i2t,64.0,recall_at_5,0.2013999968767166,coco_retrieval,layers_2,development,ablation,,,,,,,,,,,
i2t,64.0,recall_at_10,0.3522000014781952,coco_retrieval,layers_2,development,ablation,,,,,,,,,,,
i2t,64.0,candidate_coverage,0.9120000004768372,coco_retrieval,layers_2,development,ablation,,,,,,,,,,,
i2t,64.0,mean_rank,23.19820022583008,coco_retrieval,layers_2,development,ablation,,,,,,,,,,,
i2t,64.0,median_rank,17.0,coco_retrieval,layers_2,development,ablation,,,,,,,,,,,
i2t,64.0,reranking_latency_ms,3.2352687522768973,coco_retrieval,layers_2,development,ablation,,,,,,,,,,,
i2t,64.0,pair_count,320000.0,coco_retrieval,layers_2,development,ablation,,,,,,,,,,,
t2i,64.0,recall_at_1,0.0108739109709858,coco_retrieval,layers_2,development,ablation,,,,,,,,,,,
t2i,64.0,recall_at_5,0.0549692176282405,coco_retrieval,layers_2,development,ablation,,,,,,,,,,,
t2i,64.0,recall_at_10,0.1192931979894638,coco_retrieval,layers_2,development,ablation,,,,,,,,,,,
t2i,64.0,candidate_coverage,0.9012153148651124,coco_retrieval,layers_2,development,ablation,,,,,,,,,,,
t2i,64.0,mean_rank,37.14967727661133,coco_retrieval,layers_2,development,ablation,,,,,,,,,,,
t2i,64.0,median_rank,38.0,coco_retrieval,layers_2,development,ablation,,,,,,,,,,,
t2i,64.0,reranking_latency_ms,3.6517285407223934,coco_retrieval,layers_2,development,ablation,,,,,,,,,,,
t2i,64.0,pair_count,1600896.0,coco_retrieval,layers_2,development,ablation,,,,,,,,,,,
,64.0,candidate_coverage,0.9718000292778016,cifar100_zeroshot,layers_2,development,ablation,,,,,,,,,,,
,64.0,top1,0.2791000008583069,cifar100_zeroshot,layers_2,development,ablation,,,,,,,,,,,
,64.0,top5,0.6194999814033508,cifar100_zeroshot,layers_2,development,ablation,,,,,,,,,,,
,64.0,additional_latency_ms,3.1488384149968622,cifar100_zeroshot,layers_2,development,ablation,,,,,,,,,,,
,64.0,candidate_count,64.0,cifar100_zeroshot,layers_2,development,ablation,,,,,,,,,,,
,64.0,candidate_coverage,1.0,pets_zeroshot,layers_2,development,ablation,,,,,,,,,,,
,64.0,top1,0.0842391327023506,pets_zeroshot,layers_2,development,ablation,,,,,,,,,,,
,64.0,top5,0.3084239065647125,pets_zeroshot,layers_2,development,ablation,,,,,,,,,,,
,64.0,additional_latency_ms,1.7874038616276309,pets_zeroshot,layers_2,development,ablation,,,,,,,,,,,
,64.0,candidate_count,37.0,pets_zeroshot,layers_2,development,ablation,,,,,,,,,,,
,64.0,candidate_coverage,1.0,eurosat_zeroshot,layers_2,development,ablation,,,,,,,,,,,
,64.0,top1,0.8864197731018066,eurosat_zeroshot,layers_2,development,ablation,,,,,,,,,,,
,64.0,top5,0.9982715845108032,eurosat_zeroshot,layers_2,development,ablation,,,,,,,,,,,
,64.0,additional_latency_ms,0.376440732061495,eurosat_zeroshot,layers_2,development,ablation,,,,,,,,,,,
,64.0,candidate_count,10.0,eurosat_zeroshot,layers_2,development,ablation,,,,,,,,,,,
,,enabled,0.0,optional,learned_query_optional,,ablation,learned_query_optional,,,,,,,,,,
i2t,64.0,recall_at_1,0.0450000017881393,coco_retrieval,optional_path__convnext_tiny__e5_small_v2__baseline,development,ablation,,,,,,,,,,,
i2t,64.0,recall_at_5,0.1757999956607818,coco_retrieval,optional_path__convnext_tiny__e5_small_v2__baseline,development,ablation,,,,,,,,,,,
i2t,64.0,recall_at_10,0.3050000071525574,coco_retrieval,optional_path__convnext_tiny__e5_small_v2__baseline,development,ablation,,,,,,,,,,,
i2t,64.0,candidate_coverage,0.8697999715805054,coco_retrieval,optional_path__convnext_tiny__e5_small_v2__baseline,development,ablation,,,,,,,,,,,
i2t,64.0,mean_rank,26.701400756835938,coco_retrieval,optional_path__convnext_tiny__e5_small_v2__baseline,development,ablation,,,,,,,,,,,
i2t,64.0,median_rank,21.0,coco_retrieval,optional_path__convnext_tiny__e5_small_v2__baseline,development,ablation,,,,,,,,,,,
i2t,64.0,reranking_latency_ms,0.8157229648903013,coco_retrieval,optional_path__convnext_tiny__e5_small_v2__baseline,development,ablation,,,,,,,,,,,
i2t,64.0,pair_count,320000.0,coco_retrieval,optional_path__convnext_tiny__e5_small_v2__baseline,development,ablation,,,,,,,,,,,
t2i,64.0,recall_at_1,0.0149116497486829,coco_retrieval,optional_path__convnext_tiny__e5_small_v2__baseline,development,ablation,,,,,,,,,,,
t2i,64.0,recall_at_5,0.0704805329442024,coco_retrieval,optional_path__convnext_tiny__e5_small_v2__baseline,development,ablation,,,,,,,,,,,
t2i,64.0,recall_at_10,0.1394019275903701,coco_retrieval,optional_path__convnext_tiny__e5_small_v2__baseline,development,ablation,,,,,,,,,,,
t2i,64.0,candidate_coverage,0.8861837387084961,coco_retrieval,optional_path__convnext_tiny__e5_small_v2__baseline,development,ablation,,,,,,,,,,,
t2i,64.0,mean_rank,36.090309143066406,coco_retrieval,optional_path__convnext_tiny__e5_small_v2__baseline,development,ablation,,,,,,,,,,,
t2i,64.0,median_rank,36.0,coco_retrieval,optional_path__convnext_tiny__e5_small_v2__baseline,development,ablation,,,,,,,,,,,
t2i,64.0,reranking_latency_ms,0.9040552454071192,coco_retrieval,optional_path__convnext_tiny__e5_small_v2__baseline,development,ablation,,,,,,,,,,,
t2i,64.0,pair_count,1600896.0,coco_retrieval,optional_path__convnext_tiny__e5_small_v2__baseline,development,ablation,,,,,,,,,,,
,64.0,candidate_coverage,0.9710999727249146,cifar100_zeroshot,optional_path__convnext_tiny__e5_small_v2__baseline,development,ablation,,,,,,,,,,,
,64.0,top1,0.3217999935150146,cifar100_zeroshot,optional_path__convnext_tiny__e5_small_v2__baseline,development,ablation,,,,,,,,,,,
,64.0,top5,0.6723999977111816,cifar100_zeroshot,optional_path__convnext_tiny__e5_small_v2__baseline,development,ablation,,,,,,,,,,,
,64.0,additional_latency_ms,0.5583572163246572,cifar100_zeroshot,optional_path__convnext_tiny__e5_small_v2__baseline,development,ablation,,,,,,,,,,,
,64.0,candidate_count,64.0,cifar100_zeroshot,optional_path__convnext_tiny__e5_small_v2__baseline,development,ablation,,,,,,,,,,,
,64.0,candidate_coverage,1.0,pets_zeroshot,optional_path__convnext_tiny__e5_small_v2__baseline,development,ablation,,,,,,,,,,,
,64.0,top1,0.1644021719694137,pets_zeroshot,optional_path__convnext_tiny__e5_small_v2__baseline,development,ablation,,,,,,,,,,,
,64.0,top5,0.64402174949646,pets_zeroshot,optional_path__convnext_tiny__e5_small_v2__baseline,development,ablation,,,,,,,,,,,
,64.0,additional_latency_ms,0.324577142474363,pets_zeroshot,optional_path__convnext_tiny__e5_small_v2__baseline,development,ablation,,,,,,,,,,,
,64.0,candidate_count,37.0,pets_zeroshot,optional_path__convnext_tiny__e5_small_v2__baseline,development,ablation,,,,,,,,,,,
,64.0,candidate_coverage,1.0,eurosat_zeroshot,optional_path__convnext_tiny__e5_small_v2__baseline,development,ablation,,,,,,,,,,,
,64.0,top1,0.8748148083686829,eurosat_zeroshot,optional_path__convnext_tiny__e5_small_v2__baseline,development,ablation,,,,,,,,,,,
,64.0,top5,0.9985185265541076,eurosat_zeroshot,optional_path__convnext_tiny__e5_small_v2__baseline,development,ablation,,,,,,,,,,,
,64.0,additional_latency_ms,0.0850324725939167,eurosat_zeroshot,optional_path__convnext_tiny__e5_small_v2__baseline,development,ablation,,,,,,,,,,,
,64.0,candidate_count,10.0,eurosat_zeroshot,optional_path__convnext_tiny__e5_small_v2__baseline,development,ablation,,,,,,,,,,,
i2t,64.0,recall_at_1,0.0381999984383583,coco_retrieval,optional_path__swin_tiny__e5_small_v2__baseline,development,ablation,,,,,,,,,,,
i2t,64.0,recall_at_5,0.161200001835823,coco_retrieval,optional_path__swin_tiny__e5_small_v2__baseline,development,ablation,,,,,,,,,,,
i2t,64.0,recall_at_10,0.2750000059604645,coco_retrieval,optional_path__swin_tiny__e5_small_v2__baseline,development,ablation,,,,,,,,,,,
i2t,64.0,candidate_coverage,0.8270000219345093,coco_retrieval,optional_path__swin_tiny__e5_small_v2__baseline,development,ablation,,,,,,,,,,,
i2t,64.0,mean_rank,29.36039924621582,coco_retrieval,optional_path__swin_tiny__e5_small_v2__baseline,development,ablation,,,,,,,,,,,
i2t,64.0,median_rank,24.0,coco_retrieval,optional_path__swin_tiny__e5_small_v2__baseline,development,ablation,,,,,,,,,,,
i2t,64.0,reranking_latency_ms,1.2594617698341608,coco_retrieval,optional_path__swin_tiny__e5_small_v2__baseline,development,ablation,,,,,,,,,,,
i2t,64.0,pair_count,320000.0,coco_retrieval,optional_path__swin_tiny__e5_small_v2__baseline,development,ablation,,,,,,,,,,,
t2i,64.0,recall_at_1,0.0113936197012662,coco_retrieval,optional_path__swin_tiny__e5_small_v2__baseline,development,ablation,,,,,,,,,,,
t2i,64.0,recall_at_5,0.0611657463014125,coco_retrieval,optional_path__swin_tiny__e5_small_v2__baseline,development,ablation,,,,,,,,,,,
t2i,64.0,recall_at_10,0.1258894950151443,coco_retrieval,optional_path__swin_tiny__e5_small_v2__baseline,development,ablation,,,,,,,,,,,
t2i,64.0,candidate_coverage,0.8344127535820007,coco_retrieval,optional_path__swin_tiny__e5_small_v2__baseline,development,ablation,,,,,,,,,,,
t2i,64.0,mean_rank,38.1673469543457,coco_retrieval,optional_path__swin_tiny__e5_small_v2__baseline,development,ablation,,,,,,,,,,,
t2i,64.0,median_rank,39.0,coco_retrieval,optional_path__swin_tiny__e5_small_v2__baseline,development,ablation,,,,,,,,,,,
t2i,64.0,reranking_latency_ms,1.135494444583916,coco_retrieval,optional_path__swin_tiny__e5_small_v2__baseline,development,ablation,,,,,,,,,,,
t2i,64.0,pair_count,1600896.0,coco_retrieval,optional_path__swin_tiny__e5_small_v2__baseline,development,ablation,,,,,,,,,,,
,64.0,candidate_coverage,0.9595999717712402,cifar100_zeroshot,optional_path__swin_tiny__e5_small_v2__baseline,development,ablation,,,,,,,,,,,
,64.0,top1,0.1961999982595443,cifar100_zeroshot,optional_path__swin_tiny__e5_small_v2__baseline,development,ablation,,,,,,,,,,,
,64.0,top5,0.5310999751091003,cifar100_zeroshot,optional_path__swin_tiny__e5_small_v2__baseline,development,ablation,,,,,,,,,,,
,64.0,additional_latency_ms,0.8209851812571287,cifar100_zeroshot,optional_path__swin_tiny__e5_small_v2__baseline,development,ablation,,,,,,,,,,,
,64.0,candidate_count,64.0,cifar100_zeroshot,optional_path__swin_tiny__e5_small_v2__baseline,development,ablation,,,,,,,,,,,
,64.0,candidate_coverage,1.0,pets_zeroshot,optional_path__swin_tiny__e5_small_v2__baseline,development,ablation,,,,,,,,,,,
,64.0,top1,0.1630434840917587,pets_zeroshot,optional_path__swin_tiny__e5_small_v2__baseline,development,ablation,,,,,,,,,,,
,64.0,top5,0.6086956262588501,pets_zeroshot,optional_path__swin_tiny__e5_small_v2__baseline,development,ablation,,,,,,,,,,,
,64.0,additional_latency_ms,0.4425445513334125,pets_zeroshot,optional_path__swin_tiny__e5_small_v2__baseline,development,ablation,,,,,,,,,,,
,64.0,candidate_count,37.0,pets_zeroshot,optional_path__swin_tiny__e5_small_v2__baseline,development,ablation,,,,,,,,,,,
,64.0,candidate_coverage,1.0,eurosat_zeroshot,optional_path__swin_tiny__e5_small_v2__baseline,development,ablation,,,,,,,,,,,
,64.0,top1,0.8911111354827881,eurosat_zeroshot,optional_path__swin_tiny__e5_small_v2__baseline,development,ablation,,,,,,,,,,,
,64.0,top5,0.9990123510360718,eurosat_zeroshot,optional_path__swin_tiny__e5_small_v2__baseline,development,ablation,,,,,,,,,,,
,64.0,additional_latency_ms,0.1147744956391829,eurosat_zeroshot,optional_path__swin_tiny__e5_small_v2__baseline,development,ablation,,,,,,,,,,,
,64.0,candidate_count,10.0,eurosat_zeroshot,optional_path__swin_tiny__e5_small_v2__baseline,development,ablation,,,,,,,,,,,
i2t,64.0,recall_at_1,0.0434000007808208,coco_retrieval,pool_cls,development,ablation,,,,,,,,,,,
i2t,64.0,recall_at_5,0.1873999983072281,coco_retrieval,pool_cls,development,ablation,,,,,,,,,,,
i2t,64.0,recall_at_10,0.3416000008583069,coco_retrieval,pool_cls,development,ablation,,,,,,,,,,,
i2t,64.0,candidate_coverage,0.9120000004768372,coco_retrieval,pool_cls,development,ablation,,,,,,,,,,,
i2t,64.0,mean_rank,23.60639953613281,coco_retrieval,pool_cls,development,ablation,,,,,,,,,,,
i2t,64.0,median_rank,18.0,coco_retrieval,pool_cls,development,ablation,,,,,,,,,,,
i2t,64.0,reranking_latency_ms,7.99013828355819,coco_retrieval,pool_cls,development,ablation,,,,,,,,,,,
i2t,64.0,pair_count,320000.0,coco_retrieval,pool_cls,development,ablation,,,,,,,,,,,
t2i,64.0,recall_at_1,0.0116734625771641,coco_retrieval,pool_cls,development,ablation,,,,,,,,,,,
t2i,64.0,recall_at_5,0.0578476041555404,coco_retrieval,pool_cls,development,ablation,,,,,,,,,,,
t2i,64.0,recall_at_10,0.1226912960410118,coco_retrieval,pool_cls,development,ablation,,,,,,,,,,,
t2i,64.0,candidate_coverage,0.9012153148651124,coco_retrieval,pool_cls,development,ablation,,,,,,,,,,,
t2i,64.0,mean_rank,36.71548080444336,coco_retrieval,pool_cls,development,ablation,,,,,,,,,,,
t2i,64.0,median_rank,38.0,coco_retrieval,pool_cls,development,ablation,,,,,,,,,,,
t2i,64.0,reranking_latency_ms,9.505616674661228,coco_retrieval,pool_cls,development,ablation,,,,,,,,,,,
t2i,64.0,pair_count,1600896.0,coco_retrieval,pool_cls,development,ablation,,,,,,,,,,,
,64.0,candidate_coverage,0.9718000292778016,cifar100_zeroshot,pool_cls,development,ablation,,,,,,,,,,,
,64.0,top1,0.2718000113964081,cifar100_zeroshot,pool_cls,development,ablation,,,,,,,,,,,
,64.0,top5,0.6110000014305115,cifar100_zeroshot,pool_cls,development,ablation,,,,,,,,,,,
,64.0,additional_latency_ms,11.88537172889337,cifar100_zeroshot,pool_cls,development,ablation,,,,,,,,,,,
,64.0,candidate_count,64.0,cifar100_zeroshot,pool_cls,development,ablation,,,,,,,,,,,
,64.0,candidate_coverage,1.0,pets_zeroshot,pool_cls,development,ablation,,,,,,,,,,,
,64.0,top1,0.1032608672976493,pets_zeroshot,pool_cls,development,ablation,,,,,,,,,,,
,64.0,top5,0.313858687877655,pets_zeroshot,pool_cls,development,ablation,,,,,,,,,,,
,64.0,additional_latency_ms,7.449423057867376,pets_zeroshot,pool_cls,development,ablation,,,,,,,,,,,
,64.0,candidate_count,37.0,pets_zeroshot,pool_cls,development,ablation,,,,,,,,,,,
,64.0,candidate_coverage,1.0,eurosat_zeroshot,pool_cls,development,ablation,,,,,,,,,,,
,64.0,top1,0.8945679068565369,eurosat_zeroshot,pool_cls,development,ablation,,,,,,,,,,,
,64.0,top5,0.9987654089927672,eurosat_zeroshot,pool_cls,development,ablation,,,,,,,,,,,
,64.0,additional_latency_ms,1.787729842795266,eurosat_zeroshot,pool_cls,development,ablation,,,,,,,,,,,
,64.0,candidate_count,10.0,eurosat_zeroshot,pool_cls,development,ablation,,,,,,,,,,,
i2t,64.0,recall_at_1,0.0498000010848045,coco_retrieval,pool_learned,development,ablation,,,,,,,,,,,
i2t,64.0,recall_at_5,0.2029999941587448,coco_retrieval,pool_learned,development,ablation,,,,,,,,,,,
i2t,64.0,recall_at_10,0.3535999953746795,coco_retrieval,pool_learned,development,ablation,,,,,,,,,,,
i2t,64.0,candidate_coverage,0.9120000004768372,coco_retrieval,pool_learned,development,ablation,,,,,,,,,,,
i2t,64.0,mean_rank,23.033599853515625,coco_retrieval,pool_learned,development,ablation,,,,,,,,,,,
i2t,64.0,median_rank,17.0,coco_retrieval,pool_learned,development,ablation,,,,,,,,,,,
i2t,64.0,reranking_latency_ms,1.978525876440108,coco_retrieval,pool_learned,development,ablation,,,,,,,,,,,
i2t,64.0,pair_count,320000.0,coco_retrieval,pool_learned,development,ablation,,,,,,,,,,,
t2i,64.0,recall_at_1,0.0113136647269129,coco_retrieval,pool_learned,development,ablation,,,,,,,,,,,
t2i,64.0,recall_at_5,0.0559286810457706,coco_retrieval,pool_learned,development,ablation,,,,,,,,,,,
t2i,64.0,recall_at_10,0.1188534423708915,coco_retrieval,pool_learned,development,ablation,,,,,,,,,,,
t2i,64.0,candidate_coverage,0.9012153148651124,coco_retrieval,pool_learned,development,ablation,,,,,,,,,,,
t2i,64.0,mean_rank,37.01311111450195,coco_retrieval,pool_learned,development,ablation,,,,,,,,,,,
t2i,64.0,median_rank,38.0,coco_retrieval,pool_learned,development,ablation,,,,,,,,,,,
t2i,64.0,reranking_latency_ms,3.001033984725735,coco_retrieval,pool_learned,development,ablation,,,,,,,,,,,
t2i,64.0,pair_count,1600896.0,coco_retrieval,pool_learned,development,ablation,,,,,,,,,,,
,64.0,candidate_coverage,0.9718000292778016,cifar100_zeroshot,pool_learned,development,ablation,,,,,,,,,,,
,64.0,top1,0.2268999963998794,cifar100_zeroshot,pool_learned,development,ablation,,,,,,,,,,,
,64.0,top5,0.597000002861023,cifar100_zeroshot,pool_learned,development,ablation,,,,,,,,,,,
,64.0,additional_latency_ms,1.6024466780014337,cifar100_zeroshot,pool_learned,development,ablation,,,,,,,,,,,
,64.0,candidate_count,64.0,cifar100_zeroshot,pool_learned,development,ablation,,,,,,,,,,,
,64.0,candidate_coverage,1.0,pets_zeroshot,pool_learned,development,ablation,,,,,,,,,,,
,64.0,top1,0.0557065233588218,pets_zeroshot,pool_learned,development,ablation,,,,,,,,,,,
,64.0,top5,0.2989130318164825,pets_zeroshot,pool_learned,development,ablation,,,,,,,,,,,
,64.0,additional_latency_ms,1.0956291896392307,pets_zeroshot,pool_learned,development,ablation,,,,,,,,,,,
,64.0,candidate_count,37.0,pets_zeroshot,pool_learned,development,ablation,,,,,,,,,,,
,64.0,candidate_coverage,1.0,eurosat_zeroshot,pool_learned,development,ablation,,,,,,,,,,,
,64.0,top1,0.8775308728218079,eurosat_zeroshot,pool_learned,development,ablation,,,,,,,,,,,
,64.0,top5,0.9985185265541076,eurosat_zeroshot,pool_learned,development,ablation,,,,,,,,,,,
,64.0,additional_latency_ms,0.2745743406315644,eurosat_zeroshot,pool_learned,development,ablation,,,,,,,,,,,
,64.0,candidate_count,10.0,eurosat_zeroshot,pool_learned,development,ablation,,,,,,,,,,,
i2t,64.0,recall_at_1,0.05180000141263,coco_retrieval,pool_masked_mean,development,ablation,,,,,,,,,,,
i2t,64.0,recall_at_5,0.2034000009298324,coco_retrieval,pool_masked_mean,development,ablation,,,,,,,,,,,
i2t,64.0,recall_at_10,0.3465999960899353,coco_retrieval,pool_masked_mean,development,ablation,,,,,,,,,,,
i2t,64.0,candidate_coverage,0.9120000004768372,coco_retrieval,pool_masked_mean,development,ablation,,,,,,,,,,,
i2t,64.0,mean_rank,23.166200637817383,coco_retrieval,pool_masked_mean,development,ablation,,,,,,,,,,,
i2t,64.0,median_rank,17.0,coco_retrieval,pool_masked_mean,development,ablation,,,,,,,,,,,
i2t,64.0,reranking_latency_ms,2.9022808680310845,coco_retrieval,pool_masked_mean,development,ablation,,,,,,,,,,,
i2t,64.0,pair_count,320000.0,coco_retrieval,pool_masked_mean,development,ablation,,,,,,,,,,,
t2i,64.0,recall_at_1,0.01055409014225,coco_retrieval,pool_masked_mean,development,ablation,,,,,,,,,,,
t2i,64.0,recall_at_5,0.0586871355772018,coco_retrieval,pool_masked_mean,development,ablation,,,,,,,,,,,
t2i,64.0,recall_at_10,0.1196529939770698,coco_retrieval,pool_masked_mean,development,ablation,,,,,,,,,,,
t2i,64.0,candidate_coverage,0.9012153148651124,coco_retrieval,pool_masked_mean,development,ablation,,,,,,,,,,,
t2i,64.0,mean_rank,37.076637268066406,coco_retrieval,pool_masked_mean,development,ablation,,,,,,,,,,,
t2i,64.0,median_rank,38.0,coco_retrieval,pool_masked_mean,development,ablation,,,,,,,,,,,
t2i,64.0,reranking_latency_ms,2.652127432448597,coco_retrieval,pool_masked_mean,development,ablation,,,,,,,,,,,
t2i,64.0,pair_count,1600896.0,coco_retrieval,pool_masked_mean,development,ablation,,,,,,,,,,,
,64.0,candidate_coverage,0.9718000292778016,cifar100_zeroshot,pool_masked_mean,development,ablation,,,,,,,,,,,
,64.0,top1,0.2384999990463256,cifar100_zeroshot,pool_masked_mean,development,ablation,,,,,,,,,,,
,64.0,top5,0.6110000014305115,cifar100_zeroshot,pool_masked_mean,development,ablation,,,,,,,,,,,
,64.0,additional_latency_ms,2.1058572955429558,cifar100_zeroshot,pool_masked_mean,development,ablation,,,,,,,,,,,
,64.0,candidate_count,64.0,cifar100_zeroshot,pool_masked_mean,development,ablation,,,,,,,,,,,
,64.0,candidate_coverage,1.0,pets_zeroshot,pool_masked_mean,development,ablation,,,,,,,,,,,
,64.0,top1,0.0611413046717643,pets_zeroshot,pool_masked_mean,development,ablation,,,,,,,,,,,
,64.0,top5,0.3274456560611725,pets_zeroshot,pool_masked_mean,development,ablation,,,,,,,,,,,
,64.0,additional_latency_ms,1.2471973896026611,pets_zeroshot,pool_masked_mean,development,ablation,,,,,,,,,,,
,64.0,candidate_count,37.0,pets_zeroshot,pool_masked_mean,development,ablation,,,,,,,,,,,
,64.0,candidate_coverage,1.0,eurosat_zeroshot,pool_masked_mean,development,ablation,,,,,,,,,,,
,64.0,top1,0.8960493803024292,eurosat_zeroshot,pool_masked_mean,development,ablation,,,,,,,,,,,
,64.0,top5,0.9987654089927672,eurosat_zeroshot,pool_masked_mean,development,ablation,,,,,,,,,,,
,64.0,additional_latency_ms,0.4108301460467003,eurosat_zeroshot,pool_masked_mean,development,ablation,,,,,,,,,,,
,64.0,candidate_count,10.0,eurosat_zeroshot,pool_masked_mean,development,ablation,,,,,,,,,,,
i2t,64.0,recall_at_1,0.1033999994397163,coco_retrieval,random_negatives,development,ablation,,,,,,,,,,,
i2t,64.0,recall_at_5,0.3319999873638153,coco_retrieval,random_negatives,development,ablation,,,,,,,,,,,
i2t,64.0,recall_at_10,0.501800000667572,coco_retrieval,random_negatives,development,ablation,,,,,,,,,,,
i2t,64.0,candidate_coverage,0.9120000004768372,coco_retrieval,random_negatives,development,ablation,,,,,,,,,,,
i2t,64.0,mean_rank,18.56559944152832,coco_retrieval,random_negatives,development,ablation,,,,,,,,,,,
i2t,64.0,median_rank,10.0,coco_retrieval,random_negatives,development,ablation,,,,,,,,,,,
i2t,64.0,reranking_latency_ms,2.785177806206048,coco_retrieval,random_negatives,development,ablation,,,,,,,,,,,
i2t,64.0,pair_count,320000.0,coco_retrieval,random_negatives,development,ablation,,,,,,,,,,,
t2i,64.0,recall_at_1,0.0570080764591693,coco_retrieval,random_negatives,development,ablation,,,,,,,,,,,
t2i,64.0,recall_at_5,0.2113616317510604,coco_retrieval,random_negatives,development,ablation,,,,,,,,,,,
t2i,64.0,recall_at_10,0.3424881994724273,coco_retrieval,random_negatives,development,ablation,,,,,,,,,,,
t2i,64.0,candidate_coverage,0.9012153148651124,coco_retrieval,random_negatives,development,ablation,,,,,,,,,,,
t2i,64.0,mean_rank,25.21991729736328,coco_retrieval,random_negatives,development,ablation,,,,,,,,,,,
t2i,64.0,median_rank,19.0,coco_retrieval,random_negatives,development,ablation,,,,,,,,,,,
t2i,64.0,reranking_latency_ms,6.049946645072067,coco_retrieval,random_negatives,development,ablation,,,,,,,,,,,
t2i,64.0,pair_count,1600896.0,coco_retrieval,random_negatives,development,ablation,,,,,,,,,,,
,64.0,candidate_coverage,0.9718000292778016,cifar100_zeroshot,random_negatives,development,ablation,,,,,,,,,,,
,64.0,top1,0.3716000020503998,cifar100_zeroshot,random_negatives,development,ablation,,,,,,,,,,,
,64.0,top5,0.7426000237464905,cifar100_zeroshot,random_negatives,development,ablation,,,,,,,,,,,
,64.0,additional_latency_ms,3.086680236086249,cifar100_zeroshot,random_negatives,development,ablation,,,,,,,,,,,
,64.0,candidate_count,64.0,cifar100_zeroshot,random_negatives,development,ablation,,,,,,,,,,,
,64.0,candidate_coverage,1.0,pets_zeroshot,random_negatives,development,ablation,,,,,,,,,,,
,64.0,top1,0.0896739140152931,pets_zeroshot,random_negatives,development,ablation,,,,,,,,,,,
,64.0,top5,0.4239130318164825,pets_zeroshot,random_negatives,development,ablation,,,,,,,,,,,
,64.0,additional_latency_ms,1.8782363356718712,pets_zeroshot,random_negatives,development,ablation,,,,,,,,,,,
,64.0,candidate_count,37.0,pets_zeroshot,random_negatives,development,ablation,,,,,,,,,,,
,64.0,candidate_coverage,1.0,eurosat_zeroshot,random_negatives,development,ablation,,,,,,,,,,,
,64.0,top1,0.924197554588318,eurosat_zeroshot,random_negatives,development,ablation,,,,,,,,,,,
,64.0,top5,1.0,eurosat_zeroshot,random_negatives,development,ablation,,,,,,,,,,,
,64.0,additional_latency_ms,0.3250953591900107,eurosat_zeroshot,random_negatives,development,ablation,,,,,,,,,,,
,64.0,candidate_count,10.0,eurosat_zeroshot,random_negatives,development,ablation,,,,,,,,,,,
,,coco5_i2t_R@1,0.1951999962329864,coco_retrieval,blf,development,ablation,reliable_blf,dinov2_vits14__all_minilm_l6_v2__local,dinov2_vits14,all_minilm_l6_v2,local,3.0,/mnt/fast/nobackup/scratch4weeks/pp01184/alignment_vlm/checkpoints/dinov2_vits14_all_minilm_l6_v2_local/best.pt,full,coco_val2017_development,inconclusive_or_not_tested,local BLF is inconclusive; prefer baseline and prohibit a redundant primary path
,,coco5_i2t_R@5,0.4555999934673309,coco_retrieval,blf,development,ablation,reliable_blf,dinov2_vits14__all_minilm_l6_v2__local,dinov2_vits14,all_minilm_l6_v2,local,3.0,/mnt/fast/nobackup/scratch4weeks/pp01184/alignment_vlm/checkpoints/dinov2_vits14_all_minilm_l6_v2_local/best.pt,full,coco_val2017_development,inconclusive_or_not_tested,local BLF is inconclusive; prefer baseline and prohibit a redundant primary path
,,coco5_i2t_R@10,0.5950000286102295,coco_retrieval,blf,development,ablation,reliable_blf,dinov2_vits14__all_minilm_l6_v2__local,dinov2_vits14,all_minilm_l6_v2,local,3.0,/mnt/fast/nobackup/scratch4weeks/pp01184/alignment_vlm/checkpoints/dinov2_vits14_all_minilm_l6_v2_local/best.pt,full,coco_val2017_development,inconclusive_or_not_tested,local BLF is inconclusive; prefer baseline and prohibit a redundant primary path
,,coco5_mean_rank_i2t,25.08699989318848,coco_retrieval,blf,development,ablation,reliable_blf,dinov2_vits14__all_minilm_l6_v2__local,dinov2_vits14,all_minilm_l6_v2,local,3.0,/mnt/fast/nobackup/scratch4weeks/pp01184/alignment_vlm/checkpoints/dinov2_vits14_all_minilm_l6_v2_local/best.pt,full,coco_val2017_development,inconclusive_or_not_tested,local BLF is inconclusive; prefer baseline and prohibit a redundant primary path
,,coco5_median_rank_i2t,7.0,coco_retrieval,blf,development,ablation,reliable_blf,dinov2_vits14__all_minilm_l6_v2__local,dinov2_vits14,all_minilm_l6_v2,local,3.0,/mnt/fast/nobackup/scratch4weeks/pp01184/alignment_vlm/checkpoints/dinov2_vits14_all_minilm_l6_v2_local/best.pt,full,coco_val2017_development,inconclusive_or_not_tested,local BLF is inconclusive; prefer baseline and prohibit a redundant primary path
,,coco5_t2i_R@1,0.1604701429605484,coco_retrieval,blf,development,ablation,reliable_blf,dinov2_vits14__all_minilm_l6_v2__local,dinov2_vits14,all_minilm_l6_v2,local,3.0,/mnt/fast/nobackup/scratch4weeks/pp01184/alignment_vlm/checkpoints/dinov2_vits14_all_minilm_l6_v2_local/best.pt,full,coco_val2017_development,inconclusive_or_not_tested,local BLF is inconclusive; prefer baseline and prohibit a redundant primary path
,,coco5_t2i_R@5,0.4093307852745056,coco_retrieval,blf,development,ablation,reliable_blf,dinov2_vits14__all_minilm_l6_v2__local,dinov2_vits14,all_minilm_l6_v2,local,3.0,/mnt/fast/nobackup/scratch4weeks/pp01184/alignment_vlm/checkpoints/dinov2_vits14_all_minilm_l6_v2_local/best.pt,full,coco_val2017_development,inconclusive_or_not_tested,local BLF is inconclusive; prefer baseline and prohibit a redundant primary path
,,coco5_t2i_R@10,0.5450947284698486,coco_retrieval,blf,development,ablation,reliable_blf,dinov2_vits14__all_minilm_l6_v2__local,dinov2_vits14,all_minilm_l6_v2,local,3.0,/mnt/fast/nobackup/scratch4weeks/pp01184/alignment_vlm/checkpoints/dinov2_vits14_all_minilm_l6_v2_local/best.pt,full,coco_val2017_development,inconclusive_or_not_tested,local BLF is inconclusive; prefer baseline and prohibit a redundant primary path
,,coco5_mean_rank_t2i,30.959861755371094,coco_retrieval,blf,development,ablation,reliable_blf,dinov2_vits14__all_minilm_l6_v2__local,dinov2_vits14,all_minilm_l6_v2,local,3.0,/mnt/fast/nobackup/scratch4weeks/pp01184/alignment_vlm/checkpoints/dinov2_vits14_all_minilm_l6_v2_local/best.pt,full,coco_val2017_development,inconclusive_or_not_tested,local BLF is inconclusive; prefer baseline and prohibit a redundant primary path
,,coco5_median_rank_t2i,8.0,coco_retrieval,blf,development,ablation,reliable_blf,dinov2_vits14__all_minilm_l6_v2__local,dinov2_vits14,all_minilm_l6_v2,local,3.0,/mnt/fast/nobackup/scratch4weeks/pp01184/alignment_vlm/checkpoints/dinov2_vits14_all_minilm_l6_v2_local/best.pt,full,coco_val2017_development,inconclusive_or_not_tested,local BLF is inconclusive; prefer baseline and prohibit a redundant primary path
,,coco5_num_image_queries,5000.0,coco_retrieval,blf,development,ablation,reliable_blf,dinov2_vits14__all_minilm_l6_v2__local,dinov2_vits14,all_minilm_l6_v2,local,3.0,/mnt/fast/nobackup/scratch4weeks/pp01184/alignment_vlm/checkpoints/dinov2_vits14_all_minilm_l6_v2_local/best.pt,full,coco_val2017_development,inconclusive_or_not_tested,local BLF is inconclusive; prefer baseline and prohibit a redundant primary path
,,coco5_num_text_queries,25014.0,coco_retrieval,blf,development,ablation,reliable_blf,dinov2_vits14__all_minilm_l6_v2__local,dinov2_vits14,all_minilm_l6_v2,local,3.0,/mnt/fast/nobackup/scratch4weeks/pp01184/alignment_vlm/checkpoints/dinov2_vits14_all_minilm_l6_v2_local/best.pt,full,coco_val2017_development,inconclusive_or_not_tested,local BLF is inconclusive; prefer baseline and prohibit a redundant primary path
,,top1_accuracy,0.26460000872612,cifar100_zeroshot,blf,development,ablation,reliable_blf,dinov2_vits14__all_minilm_l6_v2__local,dinov2_vits14,all_minilm_l6_v2,local,3.0,/mnt/fast/nobackup/scratch4weeks/pp01184/alignment_vlm/checkpoints/dinov2_vits14_all_minilm_l6_v2_local/best.pt,full,cifar100_official_train_development,inconclusive_or_not_tested,local BLF is inconclusive; prefer baseline and prohibit a redundant primary path
,,top5_accuracy,0.5196999907493591,cifar100_zeroshot,blf,development,ablation,reliable_blf,dinov2_vits14__all_minilm_l6_v2__local,dinov2_vits14,all_minilm_l6_v2,local,3.0,/mnt/fast/nobackup/scratch4weeks/pp01184/alignment_vlm/checkpoints/dinov2_vits14_all_minilm_l6_v2_local/best.pt,full,cifar100_official_train_development,inconclusive_or_not_tested,local BLF is inconclusive; prefer baseline and prohibit a redundant primary path
,,macro_f1,0.2292760033578377,cifar100_zeroshot,blf,development,ablation,reliable_blf,dinov2_vits14__all_minilm_l6_v2__local,dinov2_vits14,all_minilm_l6_v2,local,3.0,/mnt/fast/nobackup/scratch4weeks/pp01184/alignment_vlm/checkpoints/dinov2_vits14_all_minilm_l6_v2_local/best.pt,full,cifar100_official_train_development,inconclusive_or_not_tested,local BLF is inconclusive; prefer baseline and prohibit a redundant primary path
,,balanced_accuracy,0.2645999999999999,cifar100_zeroshot,blf,development,ablation,reliable_blf,dinov2_vits14__all_minilm_l6_v2__local,dinov2_vits14,all_minilm_l6_v2,local,3.0,/mnt/fast/nobackup/scratch4weeks/pp01184/alignment_vlm/checkpoints/dinov2_vits14_all_minilm_l6_v2_local/best.pt,full,cifar100_official_train_development,inconclusive_or_not_tested,local BLF is inconclusive; prefer baseline and prohibit a redundant primary path
,,mean_confidence,0.4243253767490387,cifar100_zeroshot,blf,development,ablation,reliable_blf,dinov2_vits14__all_minilm_l6_v2__local,dinov2_vits14,all_minilm_l6_v2,local,3.0,/mnt/fast/nobackup/scratch4weeks/pp01184/alignment_vlm/checkpoints/dinov2_vits14_all_minilm_l6_v2_local/best.pt,full,cifar100_official_train_development,inconclusive_or_not_tested,local BLF is inconclusive; prefer baseline and prohibit a redundant primary path
,,classification_margin,-0.0768716186285018,cifar100_zeroshot,blf,development,ablation,reliable_blf,dinov2_vits14__all_minilm_l6_v2__local,dinov2_vits14,all_minilm_l6_v2,local,3.0,/mnt/fast/nobackup/scratch4weeks/pp01184/alignment_vlm/checkpoints/dinov2_vits14_all_minilm_l6_v2_local/best.pt,full,cifar100_official_train_development,inconclusive_or_not_tested,local BLF is inconclusive; prefer baseline and prohibit a redundant primary path
,,top1_margin,0.2759110927581787,cifar100_zeroshot,blf,development,ablation,reliable_blf,dinov2_vits14__all_minilm_l6_v2__local,dinov2_vits14,all_minilm_l6_v2,local,3.0,/mnt/fast/nobackup/scratch4weeks/pp01184/alignment_vlm/checkpoints/dinov2_vits14_all_minilm_l6_v2_local/best.pt,full,cifar100_official_train_development,inconclusive_or_not_tested,local BLF is inconclusive; prefer baseline and prohibit a redundant primary path
,,top1_accuracy,0.0421195663511753,pets_zeroshot,blf,development,ablation,reliable_blf,dinov2_vits14__all_minilm_l6_v2__local,dinov2_vits14,all_minilm_l6_v2,local,3.0,/mnt/fast/nobackup/scratch4weeks/pp01184/alignment_vlm/checkpoints/dinov2_vits14_all_minilm_l6_v2_local/best.pt,full,oxford_iiit_pet_trainval_development,inconclusive_or_not_tested,local BLF is inconclusive; prefer baseline and prohibit a redundant primary path
,,top5_accuracy,0.2323369532823562,pets_zeroshot,blf,development,ablation,reliable_blf,dinov2_vits14__all_minilm_l6_v2__local,dinov2_vits14,all_minilm_l6_v2,local,3.0,/mnt/fast/nobackup/scratch4weeks/pp01184/alignment_vlm/checkpoints/dinov2_vits14_all_minilm_l6_v2_local/best.pt,full,oxford_iiit_pet_trainval_development,inconclusive_or_not_tested,local BLF is inconclusive; prefer baseline and prohibit a redundant primary path
,,macro_f1,0.0271973279844129,pets_zeroshot,blf,development,ablation,reliable_blf,dinov2_vits14__all_minilm_l6_v2__local,dinov2_vits14,all_minilm_l6_v2,local,3.0,/mnt/fast/nobackup/scratch4weeks/pp01184/alignment_vlm/checkpoints/dinov2_vits14_all_minilm_l6_v2_local/best.pt,full,oxford_iiit_pet_trainval_development,inconclusive_or_not_tested,local BLF is inconclusive; prefer baseline and prohibit a redundant primary path
,,balanced_accuracy,0.0423186344238975,pets_zeroshot,blf,development,ablation,reliable_blf,dinov2_vits14__all_minilm_l6_v2__local,dinov2_vits14,all_minilm_l6_v2,local,3.0,/mnt/fast/nobackup/scratch4weeks/pp01184/alignment_vlm/checkpoints/dinov2_vits14_all_minilm_l6_v2_local/best.pt,full,oxford_iiit_pet_trainval_development,inconclusive_or_not_tested,local BLF is inconclusive; prefer baseline and prohibit a redundant primary path
,,mean_confidence,0.278694599866867,pets_zeroshot,blf,development,ablation,reliable_blf,dinov2_vits14__all_minilm_l6_v2__local,dinov2_vits14,all_minilm_l6_v2,local,3.0,/mnt/fast/nobackup/scratch4weeks/pp01184/alignment_vlm/checkpoints/dinov2_vits14_all_minilm_l6_v2_local/best.pt,full,oxford_iiit_pet_trainval_development,inconclusive_or_not_tested,local BLF is inconclusive; prefer baseline and prohibit a redundant primary path
,,classification_margin,-0.2351542115211486,pets_zeroshot,blf,development,ablation,reliable_blf,dinov2_vits14__all_minilm_l6_v2__local,dinov2_vits14,all_minilm_l6_v2,local,3.0,/mnt/fast/nobackup/scratch4weeks/pp01184/alignment_vlm/checkpoints/dinov2_vits14_all_minilm_l6_v2_local/best.pt,full,oxford_iiit_pet_trainval_development,inconclusive_or_not_tested,local BLF is inconclusive; prefer baseline and prohibit a redundant primary path
,,top1_margin,0.1215119808912277,pets_zeroshot,blf,development,ablation,reliable_blf,dinov2_vits14__all_minilm_l6_v2__local,dinov2_vits14,all_minilm_l6_v2,local,3.0,/mnt/fast/nobackup/scratch4weeks/pp01184/alignment_vlm/checkpoints/dinov2_vits14_all_minilm_l6_v2_local/best.pt,full,oxford_iiit_pet_trainval_development,inconclusive_or_not_tested,local BLF is inconclusive; prefer baseline and prohibit a redundant primary path
,,top1_accuracy,0.1967901289463043,eurosat_zeroshot,blf,development,ablation,reliable_blf,dinov2_vits14__all_minilm_l6_v2__local,dinov2_vits14,all_minilm_l6_v2,local,3.0,/mnt/fast/nobackup/scratch4weeks/pp01184/alignment_vlm/checkpoints/dinov2_vits14_all_minilm_l6_v2_local/best.pt,full,eurosat_deterministic_stratified_development,inconclusive_or_not_tested,local BLF is inconclusive; prefer baseline and prohibit a redundant primary path
,,top5_accuracy,0.5945678949356079,eurosat_zeroshot,blf,development,ablation,reliable_blf,dinov2_vits14__all_minilm_l6_v2__local,dinov2_vits14,all_minilm_l6_v2,local,3.0,/mnt/fast/nobackup/scratch4weeks/pp01184/alignment_vlm/checkpoints/dinov2_vits14_all_minilm_l6_v2_local/best.pt,full,eurosat_deterministic_stratified_development,inconclusive_or_not_tested,local BLF is inconclusive; prefer baseline and prohibit a redundant primary path
,,macro_f1,0.1659021516583697,eurosat_zeroshot,blf,development,ablation,reliable_blf,dinov2_vits14__all_minilm_l6_v2__local,dinov2_vits14,all_minilm_l6_v2,local,3.0,/mnt/fast/nobackup/scratch4weeks/pp01184/alignment_vlm/checkpoints/dinov2_vits14_all_minilm_l6_v2_local/best.pt,full,eurosat_deterministic_stratified_development,inconclusive_or_not_tested,local BLF is inconclusive; prefer baseline and prohibit a redundant primary path
,,balanced_accuracy,0.2044444444444444,eurosat_zeroshot,blf,development,ablation,reliable_blf,dinov2_vits14__all_minilm_l6_v2__local,dinov2_vits14,all_minilm_l6_v2,local,3.0,/mnt/fast/nobackup/scratch4weeks/pp01184/alignment_vlm/checkpoints/dinov2_vits14_all_minilm_l6_v2_local/best.pt,full,eurosat_deterministic_stratified_development,inconclusive_or_not_tested,local BLF is inconclusive; prefer baseline and prohibit a redundant primary path
,,mean_confidence,0.5097039341926575,eurosat_zeroshot,blf,development,ablation,reliable_blf,dinov2_vits14__all_minilm_l6_v2__local,dinov2_vits14,all_minilm_l6_v2,local,3.0,/mnt/fast/nobackup/scratch4weeks/pp01184/alignment_vlm/checkpoints/dinov2_vits14_all_minilm_l6_v2_local/best.pt,full,eurosat_deterministic_stratified_development,inconclusive_or_not_tested,local BLF is inconclusive; prefer baseline and prohibit a redundant primary path
,,classification_margin,-0.2831067740917206,eurosat_zeroshot,blf,development,ablation,reliable_blf,dinov2_vits14__all_minilm_l6_v2__local,dinov2_vits14,all_minilm_l6_v2,local,3.0,/mnt/fast/nobackup/scratch4weeks/pp01184/alignment_vlm/checkpoints/dinov2_vits14_all_minilm_l6_v2_local/best.pt,full,eurosat_deterministic_stratified_development,inconclusive_or_not_tested,local BLF is inconclusive; prefer baseline and prohibit a redundant primary path
,,top1_margin,0.3129827380180359,eurosat_zeroshot,blf,development,ablation,reliable_blf,dinov2_vits14__all_minilm_l6_v2__local,dinov2_vits14,all_minilm_l6_v2,local,3.0,/mnt/fast/nobackup/scratch4weeks/pp01184/alignment_vlm/checkpoints/dinov2_vits14_all_minilm_l6_v2_local/best.pt,full,eurosat_deterministic_stratified_development,inconclusive_or_not_tested,local BLF is inconclusive; prefer baseline and prohibit a redundant primary path
,64.0,mean_sample_utility,0.1863888353109359,multitask,best_single,,dense_teacher,,,,,,,,,,,
,64.0,mean_sample_utility,0.1822760701179504,multitask,uniform,,dense_teacher,,,,,,,,,,,
,64.0,mean_sample_utility,0.1838907897472381,multitask,static,,dense_teacher,,,,,,,,,,,
,64.0,mean_sample_utility,0.041257556527853,multitask,concat_mlp,,dense_teacher,,,,,,,,,,,
,64.0,mean_sample_utility,0.1867167651653289,multitask,task_only,,dense_teacher,,,,,,,,,,,
,64.0,mean_sample_utility,0.1725556999444961,multitask,input_conditioned,,dense_teacher,,,,,,,,,,,
,64.0,mean_sample_utility,0.1729146987199783,multitask,task_and_input,,dense_teacher,,,,,,,,,,,
,64.0,mean_sample_utility,0.2239248007535934,multitask,task_attention,,dense_teacher,,,,,,,,,,,
,,recall_at_1,0.312,coco_retrieval,oracle_upper_bound,,oracle,,,,,,,,,,,
,,recall_at_5,0.625,coco_retrieval,oracle_upper_bound,,oracle,,,,,,,,,,,
,,recall_at_10,0.7636,coco_retrieval,oracle_upper_bound,,oracle,,,,,,,,,,,
,,top1,0.6908,cifar100_zeroshot,oracle_upper_bound,,oracle,,,,,,,,,,,
,,top1,0.7355555555555555,eurosat_zeroshot,oracle_upper_bound,,oracle,,,,,,,,,,,
,,top1,0.4347826086956521,pets_zeroshot,oracle_upper_bound,,oracle,,,,,,,,,,,
